timestamp,athlete_id,session_id,acc_x,acc_y,acc_z,gyro_x,gyro_y,gyro_z,heart_rate_bpm,spo2_pct,water_temp_c,distance_m,lap_id,stroke_count,stroke_label
2026-01-05 07:00:00.000,athlete_01,session_001,-0.4392726930238124,-0.10727006930292828,1.250835719451858,-126.15766927701223,-28.969266235283342,67.83964507454857,66.37828354571994,98.53402284412121,27.088680942850054,0.056302819600300945,1,0,freestyle
2026-01-05 07:00:00.050,athlete_01,session_001,-0.38402532606043044,0.02824637025346558,1.3256012987621937,-123.39718888483597,3.658118072211974,105.82971270130187,66.425506878123,98.47171482450312,27.13003256199313,0.11293874839291332,1,0,freestyle
2026-01-05 07:00:00.100,athlete_01,session_001,-0.34739390953855337,0.027954314664342686,1.4301692386596754,-92.87263580406932,18.42092514038079,132.79612981963345,66.72664511431077,98.41205904793752,27.16463038655925,0.17011089286411463,1,0,freestyle
2026-01-05 07:00:00.150,athlete_01,session_001,-0.25267335812976954,0.1362019309229894,1.4147343766940725,-76.92753624665444,36.21497147465733,146.76265742363455,66.97577890263207,98.29088300862689,26.982248270573272,0.22798694405404688,1,0,freestyle
2026-01-05 07:00:00.200,athlete_01,session_001,-0.09530033514996558,0.19697608671909803,1.4740264235745255,-40.56617852115103,62.74373435897955,162.58439734686218,66.907401931266,98.37372851834684,26.900831773832163,0.2866882986712239,1,0,freestyle
2026-01-05 07:00:00.250,athlete_01,session_001,0.02067480957647109,0.25830705520836494,1.5141551653857874,3.1826457528852914,78.58705027193959,152.1225346375514,66.83838930930719,98.17089576813196,27.005052777869714,0.3462821892887725,1,0,freestyle
2026-01-05 07:00:00.300,athlete_01,session_001,0.11748297724399183,0.2912875306077895,1.3849881484099282,30.199866417904662,87.56576736092488,134.04624323803128,66.91530736727277,98.41894133598909,27.11242816535108,0.40677733379781855,1,0,freestyle
2026-01-05 07:00:00.350,athlete_01,session_001,0.22503599483272263,0.3773123620438185,1.186937736466482,71.65173075319434,83.42246405304667,106.6654234701692,67.10329660627039,98.57031767563754,27.130785584130173,0.4681233856334889,1,0,freestyle
2026-01-05 07:00:00.400,athlete_01,session_001,0.32090700545675244,0.3111919305385127,1.1699348407616765,87.65123158028688,72.50024225303598,82.51847672571088,67.30548489116542,98.09915187566884,27.010776513646896,0.5302142194129782,1,0,freestyle
2026-01-05 07:00:00.450,athlete_01,session_001,0.3415001176892064,0.23113395783965046,1.1189034402374842,99.65744911947685,44.629827920736254,26.906038909391725,67.57632913176751,98.62768823918492,27.03104991911309,0.5928948375686472,1,0,freestyle
2026-01-05 07:00:00.500,athlete_01,session_001,0.3757060376259103,0.16855945623901242,1.003218715951799,106.68326850613217,46.18683785466371,-17.224398008092077,67.73035666713952,98.00269637194707,27.13200553364387,0.6559714484949225,1,0,freestyle
2026-01-05 07:00:00.550,athlete_01,session_001,0.4148803634018233,0.1601722478445138,0.8329567559550107,100.86869451259045,19.901315752499364,-74.58310859799907,67.74488732921641,98.25123431837594,27.014779128730442,0.7192240609155215,1,0,freestyle
2026-01-05 07:00:00.600,athlete_01,session_001,0.3571364240604759,0.0797869821556152,0.7805140609330834,96.40818366454755,8.94594234342868,-112.89885879511303,67.90454970056787,98.19691378779574,27.05607244670763,0.7824207759731994,1,0,freestyle
2026-01-05 07:00:00.650,athlete_01,session_001,0.256364119495805,0.040531918761407465,0.5601560874760845,88.74854530062493,8.14674413568794,-139.08719122682373,67.90240072460053,98.2613107724787,27.076946380610213,0.8453328485333784,1,0,freestyle
2026-01-05 07:00:00.700,athlete_01,session_001,0.23990093938606039,0.00436074620920205,0.6344411345296664,68.7783977982223,-9.7592884901766,-151.00779392195162,67.92874979539722,98.32626860835218,26.981763097447953,0.9077495395042317,1,0,freestyle
2026-01-05 07:00:00.750,athlete_01,session_001,0.2261862625122692,-0.1584567599736122,0.5552861113003195,51.24603627331854,-34.15384477612949,-170.74274916348418,67.87439291503132,98.61523954121758,26.929555638736336,0.9694917948187077,1,0,freestyle
2026-01-05 07:00:00.800,athlete_01,session_001,0.11587542515487659,-0.26579823536067476,0.5915882232650493,28.713293716401424,-42.65975636457707,-166.6809270207804,67.88711757026134,98.20917061869434,27.20473279641075,1.0304238631819982,1,0,freestyle
2026-01-05 07:00:00.850,athlete_01,session_001,0.044619422124316216,-0.2110807686491792,0.4345385515098804,13.527254907969889,-48.36243333336503,-140.63421454246551,67.9241982774852,98.22377984370529,26.951645918629314,1.0904620987789104,1,0,freestyle
2026-01-05 07:00:00.900,athlete_01,session_001,0.0007582440586541839,-0.243953022355015,0.6997728369502412,-3.299684803981844,-64.17416057240246,-115.56133278264028,67.96286649725111,98.25627312373719,26.911827785159087,1.149580378136423,1,0,freestyle
2026-01-05 07:00:00.950,athlete_01,session_001,-0.029015664123601792,-0.260357391414058,0.7382028547253603,-24.857390562089513,-72.90572156967164,-90.94459231475706,68.2328546668319,98.29029845530627,26.97872299873167,1.207811780350823,1,0,freestyle
2026-01-05 07:00:01.000,athlete_01,session_001,-0.22730091686072457,-0.3104421739204325,0.9161397884993058,-46.214757746199034,-82.50150296090615,-49.67689788663006,68.33192930093423,98.2740911053653,27.0131712467359,1.2652464226195974,1,0,freestyle
2026-01-05 07:00:01.050,athlete_01,session_001,-0.21503182939470805,-0.28532260074671034,0.9146192314834684,-76.77039451749542,-72.90536417069384,-37.73190676609796,68.45302350854779,98.14966755012937,27.02432364781378,1.3220255926979982,1,0,freestyle
2026-01-05 07:00:01.100,athlete_01,session_001,-0.40118389358788087,-0.2201717551271704,0.9481105614124683,-82.18643952482564,-65.56408156391196,-1.1466323980765658,68.55193260226423,98.43446154624169,26.97304320716799,1.3783325603143182,1,0,freestyle
2026-01-05 07:00:01.150,athlete_01,session_001,-0.389700621705166,-0.16742409127354008,1.05632405789543,-116.70958568424618,-60.58657181495902,34.43232208984771,68.79076539244012,98.36482904052488,27.04154516523061,1.4343806651180941,1,0,freestyle
2026-01-05 07:00:01.200,athlete_01,session_001,-0.47567774834294313,-0.06669144149193493,1.2198424662564797,-120.33189401365269,-48.51611841181716,58.22733624740074,68.77316080496041,98.56706123671546,27.14233595403656,1.4903994554128182,1,0,freestyle
2026-01-05 07:00:01.250,athlete_01,session_001,-0.35538533995486754,-0.14285631044310673,1.3052589335665903,-115.392628920447,-4.418363380028563,94.34743364213907,68.92342572813234,98.61059013921377,26.972638752501805,1.5466197782778432,1,1,freestyle
2026-01-05 07:00:01.300,athlete_01,session_001,-0.3367893110260737,-0.03282216983721324,1.3323196645910742,-113.38956284693472,6.825059805299562,117.98150453236816,68.91075728539539,98.1084257673805,27.00360013774116,1.6032587895225312,1,1,freestyle
2026-01-05 07:00:01.350,athlete_01,session_001,-0.2478068182085174,0.191123317782382,1.3687328123893796,-82.02623535149459,37.213118408562075,137.70707136015585,68.96777091375445,98.67155886064992,27.1158418075792,1.6605058568506592,1,1,freestyle
2026-01-05 07:00:01.400,athlete_01,session_001,-0.23623031636048022,0.22579636138799355,1.545739133726463,-65.14570319345086,51.10467449949552,169.46181252638354,69.08627931938476,98.4807385550039,26.916526074494225,1.7185102713418037,1,1,freestyle
2026-01-05 07:00:01.450,athlete_01,session_001,-0.045553903041906756,0.2896439548364921,1.4529648666404409,-25.431613426794293,67.05210760735226,152.27878222957443,69.01846028371035,98.61664027394401,26.900921140015424,1.777371564680293,1,1,freestyle
2026-01-05 07:00:01.500,athlete_01,session_001,0.02547374167602365,0.2746890825429407,1.4314599295653139,3.227578830012824,84.9065400188506,150.30590703176154,69.04574785712455,98.37232849969926,26.942305733813182,1.8371330601390994,1,1,freestyle
2026-01-05 07:00:01.550,athlete_01,session_001,0.1459730786511132,0.2762424422673398,1.3403419642999992,56.521390984106695,79.31593919177915,135.80858300178633,69.11103101937472,98.5052978561252,26.990717611055643,1.8977790751714312,1,1,freestyle
2026-01-05 07:00:01.600,athlete_01,session_001,0.288560815139246,0.2943549458126309,1.350153506844919,72.47171289009736,80.20781905429037,96.18217698982403,69.22510738534274,98.49021065524128,27.07453532587615,1.9592359562342962,1,1,freestyle
2026-01-05 07:00:01.650,athlete_01,session_001,0.3780261647980537,0.21197819488654335,1.2148549478876831,94.52900374428275,70.16069199631077,60.42799735217618,69.26536238118665,98.63072014075075,26.86395148715023,2.0213768775775645,1,1,freestyle
2026-01-05 07:00:01.700,athlete_01,session_001,0.3903321783621044,0.1401600584300094,0.9647873151646861,112.05183674996826,49.45376051968808,17.31415075653069,69.60940473672217,98.27953618284975,26.944058592819342,2.0840300913437204,1,1,freestyle
2026-01-05 07:00:01.750,athlete_01,session_001,0.3654111307168479,0.10467562828977803,0.883524709777164,110.05065159779093,38.71533033027586,-36.16273582962867,69.85869792452588,98.28114304259638,26.907266545269508,2.146990092305295,1,1,freestyle
2026-01-05 07:00:01.800,athlete_01,session_001,0.34254123795297925,0.10091039199452946,0.7150279460845032,106.90479489654126,25.91602451532896,-78.59797273429939,69.699007642872,98.34424533063651,26.867814516987373,2.21003097145951,1,1,freestyle
2026-01-05 07:00:01.850,athlete_01,session_001,0.4096999199116609,0.06415113579490642,0.7672170984916408,92.41508900535554,13.620635128381917,-123.7292098932603,69.7717197757253,98.63323206322696,26.892818860966415,2.2729210907726074,1,1,freestyle
2026-01-05 07:00:01.900,athlete_01,session_001,0.3213181479109931,0.05060792616648986,0.6178083764189258,78.75183291791446,-8.660712620495843,-149.5270666436442,69.88822382924275,98.66471990443306,27.062196746434136,2.335438125822318,1,1,freestyle
2026-01-05 07:00:01.950,athlete_01,session_001,0.26678295977936184,-0.06381989819159209,0.5385316311718968,55.10160116972847,-20.390092245699154,-148.82766194336367,69.98386470285196,98.19006433824171,27.008366394627267,2.3973834994648078,1,1,freestyle
2026-01-05 07:00:02.000,athlete_01,session_001,0.2657591677696079,-0.1128531519745178,0.5282068940172329,40.89393278814871,-38.31827086401111,-158.7306876573788,70.18493388700232,98.48748739881577,27.013051211232355,2.4585952694688222,1,1,freestyle
2026-01-05 07:00:02.050,athlete_01,session_001,0.058842949435314165,-0.10717170343380471,0.5988814856398955,28.729454682949246,-41.14019112327973,-144.5136718266089,69.96147385949371,98.38617454080992,27.05130300905302,2.5189586337113843,1,1,freestyle
2026-01-05 07:00:02.100,athlete_01,session_001,0.134227033688631,-0.26053686508678425,0.6021226418689066,11.15366913137673,-56.338041378645244,-135.0641127038356,69.91819388977935,98.34993010746729,27.03640442283664,2.5784133714636424,1,1,freestyle
2026-01-05 07:00:02.150,athlete_01,session_001,0.08015407445498107,-0.30166633351735755,0.76617908376248,-7.126708381196955,-74.03781120182289,-106.20204527399814,70.13805745685863,98.48917446175847,27.03567541932443,2.6369577384366627,1,1,freestyle
2026-01-05 07:00:02.200,athlete_01,session_001,-0.07226863527435143,-0.30242235063845546,0.7097978185935334,-37.892494203597025,-75.6064248785961,-67.80408818389739,70.32635701696589,98.72732071410748,27.158862613311687,2.6946485636617576,1,1,freestyle
2026-01-05 07:00:02.250,athlete_01,session_001,-0.1907795179005154,-0.2853518928737678,0.7816013773453516,-62.54213230167769,-76.97766666848912,-44.0319652685306,70.6231406033166,98.49954904792563,27.05586232491495,2.751597542978641,1,1,freestyle
2026-01-05 07:00:02.300,athlete_01,session_001,-0.33464838412672304,-0.17295829770134763,1.0218124849368102,-86.16894968166149,-76.66794471477739,-21.861771885770246,70.8582884497464,98.31175431165148,26.77283005446147,2.8079639708736353,1,1,freestyle
2026-01-05 07:00:02.350,athlete_01,session_001,-0.32328412010715496,-0.24163829095239409,1.0186872108412197,-102.07967195369288,-68.16318209144323,10.790296198741341,70.80129736212805,98.28133308836648,27.04747278322842,2.8639443836127714,1,1,freestyle
2026-01-05 07:00:02.400,athlete_01,session_001,-0.4295781296405571,-0.10915717832149614,1.218279831185526,-114.73463455927599,-57.7111956351188,46.018637686506885,70.97858681557932,98.48569795576881,27.08078131972098,2.9197597870424157,1,1,freestyle
2026-01-05 07:00:02.450,athlete_01,session_001,-0.4233191632978146,-0.11516200076201161,1.2831955199163392,-127.09404789770207,-27.512473120506115,85.60611282503588,71.0262782754265,98.44241519323559,27.041450336733725,2.975641299077279,1,1,freestyle
2026-01-05 07:00:02.500,athlete_01,session_001,-0.4143501216738176,0.012266788157203695,1.246336096681536,-117.49265278505766,-6.322822665625317,106.17008449621241,71.12568314960225,98.59980131626241,26.949872295624843,3.0318151396028363,1,2,freestyle
2026-01-05 07:00:02.550,athlete_01,session_001,-0.33268375945138773,0.10701797805614624,1.3592177268236072,-97.83959344229312,25.93235851253519,121.87935769843808,71.2124385148805,98.64805884164822,26.91396813822407,3.088487942632336,1,2,freestyle
2026-01-05 07:00:02.600,athlete_01,session_001,-0.20038433232786831,0.18037424915959188,1.4458315306046574,-70.50966024919133,43.38748971063067,145.49599951504536,71.2497078617028,98.44231228044552,27.003767290432474,3.1458333443601108,1,2,freestyle
2026-01-05 07:00:02.650,athlete_01,session_001,-0.1727312147059872,0.2564217827941617,1.453547304680507,-46.135766363358336,67.27073052661807,156.82999167204738,71.28631196247328,98.5069735078981,27.056678113584443,3.2039807176370956,1,2,freestyle
2026-01-05 07:00:02.700,athlete_01,session_001,-0.06897192633945035,0.23824865543326326,1.4721246112719686,-2.7842322074056676,68.71343286931376,145.88577381091477,71.45389549338589,98.69885356695555,27.072652385569068,3.263006783775631,1,2,freestyle
2026-01-05 07:00:02.750,athlete_01,session_001,0.05324179105028951,0.3585912775142727,1.376656854573321,23.74067420984607,82.86342146298948,144.73023198949173,71.49256533277055,98.63183290987948,26.84604924813289,3.3229306455506347,1,2,freestyle
2026-01-05 07:00:02.800,athlete_01,session_001,0.16556170966745454,0.3378205637639434,1.3271099807256834,59.37811195481337,83.3904390110968,118.24182149168121,71.61058390252873,98.2361547341052,27.02801371465744,3.3837125629614797,1,2,freestyle
2026-01-05 07:00:02.850,athlete_01,session_001,0.23338850125121985,0.241697062898715,1.2802477858394519,88.23196361601237,76.14024624696307,83.69821431962659,71.7588518335505,98.14126355396102,27.106927721318495,3.4452565501982564,1,2,freestyle
2026-01-05 07:00:02.900,athlete_01,session_001,0.31700106428729674,0.2586905291207531,1.1726887462754845,99.3174469636099,58.846912536447945,34.45377240392989,71.80860485344809,98.15302284733613,27.064300878274384,3.5074166241100437,1,2,freestyle
2026-01-05 07:00:02.950,athlete_01,session_001,0.4461031014992121,0.13828089653437362,0.9222588438176169,104.14438460620325,41.176866233259474,-6.079739219015426,71.88672271682687,98.08266015584809,27.21291028028114,3.5700062974157576,1,2,freestyle
2026-01-05 07:00:03.000,athlete_01,session_001,0.362263067925222,0.13436086074767728,0.823583418498944,106.93016383350829,39.83774939150781,-59.463364242568254,72.11206404756288,98.46846725667126,26.941696473392504,3.632810699319961,1,2,freestyle
2026-01-05 07:00:03.050,athlete_01,session_001,0.3773031868210498,0.017857047323707506,0.7156727215133054,90.5609696843086,14.443937810128151,-104.65534053828007,72.05567690483204,98.1730362654561,26.898693684153802,3.6956005357628476,1,2,freestyle
2026-01-05 07:00:03.100,athlete_01,session_001,0.2692671863240839,0.04319311612936332,0.559457579074954,83.08668004428291,-5.469697359791653,-120.94157074406172,72.10591610181673,98.5211696426644,27.07384387027677,3.7581469823009828,1,2,freestyle
2026-01-05 07:00:03.150,athlete_01,session_001,0.277137802953585,0.08620020153769889,0.6268458665692036,66.3496336308413,-13.686350261471771,-156.60020534870395,72.09330363636823,98.25060249544352,27.125812694464656,3.820236542311183,1,2,freestyle
2026-01-05 07:00:03.200,athlete_01,session_001,0.12821831206631337,-0.036359719164765256,0.580438277839532,53.55217119978148,-23.670527484045145,-171.05461519940133,72.24010374537316,98.57004725432434,26.91558202347464,3.881684905733291,1,2,freestyle
2026-01-05 07:00:03.250,athlete_01,session_001,0.1063575276214277,-0.12129507707675119,0.5834254821216083,38.52453528816563,-41.85436601201397,-149.76345804361569,72.6391554715105,98.51174371301028,27.003953169563975,3.942348908737081,1,2,freestyle
2026-01-05 07:00:03.300,athlete_01,session_001,0.16576460945538496,-0.24120135595935202,0.5814473557944037,18.194132583364027,-47.64045572514009,-133.5531151298616,72.64804604616393,98.4262156772226,27.01992604283437,4.002135818264864,1,2,freestyle
2026-01-05 07:00:03.350,athlete_01,session_001,-0.03985068930096288,-0.22220576759035301,0.6902971628092228,-3.4532125169388252,-55.84366011949145,-126.29650747649093,72.90626412116066,98.47891816192588,27.035100688705192,4.061009339324466,1,2,freestyle
2026-01-05 07:00:03.400,athlete_01,session_001,-0.04491504284364691,-0.21382361911135747,0.7669884360546146,-15.252626869922551,-69.77189007978579,-95.25889297096941,73.18713801961673,98.16506842047443,27.105072582773882,4.118991955879633,1,2,freestyle
2026-01-05 07:00:03.450,athlete_01,session_001,-0.15819316719449822,-0.28422704090561113,0.8611252388897009,-41.690073758159606,-69.32875054884722,-63.601992131576175,73.11538317052465,97.95236159094861,27.19605391521332,4.176163454366458,1,2,freestyle
2026-01-05 07:00:03.500,athlete_01,session_001,-0.26633974399491894,-0.26938225504022417,0.8791129479363662,-70.54898146830749,-76.00251752533117,-34.325778580966116,73.12696979299305,98.29569372050577,26.95228794872991,4.232655726782143,1,2,freestyle
2026-01-05 07:00:03.550,athlete_01,session_001,-0.36063440564619564,-0.3259174195800762,1.003566058064189,-86.69970212421211,-72.50229029734659,-10.161975652559004,73.27419843840165,98.47370649469113,26.974092363217984,4.288644191845353,1,2,freestyle
2026-01-05 07:00:03.600,athlete_01,session_001,-0.3284421885038113,-0.24185248107172877,1.0608303074715568,-109.23909961589075,-49.46132267550965,21.858136140780505,73.32800247742873,98.15808220414502,26.874810109325992,4.344336392232515,1,2,freestyle
2026-01-05 07:00:03.650,athlete_01,session_001,-0.4246830202026504,-0.22164935970465838,1.161151230684803,-131.28273124214053,-36.975082645354185,72.14368665297589,73.51166105299497,98.51028708212607,27.06488011774497,4.399958509104613,1,2,freestyle
2026-01-05 07:00:03.700,athlete_01,session_001,-0.3471628955751178,0.026338887367676825,1.3242845500592764,-124.91367060445941,-17.5830229067895,82.52870442158975,73.80707258113426,98.50021484732068,26.90603481047175,4.4557406701680415,1,3,freestyle
2026-01-05 07:00:03.750,athlete_01,session_001,-0.41293503971816314,0.04697672165286426,1.353920530118215,-113.13695632525949,-3.424516887815191,109.11980255873621,74.0389407276798,98.41376538725405,27.01053966629956,4.511902005606598,1,3,freestyle
2026-01-05 07:00:03.800,athlete_01,session_001,-0.3089570886242927,0.14257198018433853,1.405969628151711,-94.09585034796162,23.21059273992313,139.7179461907695,74.18329276759395,98.43903515622524,27.038589883989545,4.568636422324764,1,3,freestyle
2026-01-05 07:00:03.850,athlete_01,session_001,-0.19312497403788104,0.1756724194731824,1.4870640642503985,-71.26898383883633,43.066842522977495,147.29311253192003,74.4066889138205,98.37523003073557,27.110916408327416,4.626100020026936,1,3,freestyle
2026-01-05 07:00:03.900,athlete_01,session_001,-0.08062720198591329,0.1775154110573435,1.4999833067879378,-29.732972736230536,68.24526010852608,152.787807954236,74.61087489086752,98.41750307778923,26.995683233488315,4.684400965787292,1,3,freestyle
2026-01-05 07:00:03.950,athlete_01,session_001,-0.028939135464729045,0.28845170247834134,1.3975109848886302,11.743874623748413,77.99532287228779,145.84268397732455,74.65536924926255,98.16277785856141,26.959452941138004,4.743592483896892,1,3,freestyle
2026-01-05 07:00:04.000,athlete_01,session_001,0.11546506215517857,0.26597509752821513,1.3443775270701395,38.26385722344028,83.02958816346825,139.13951153107377,74.76873122036223,98.58120392774674,26.94674492832917,4.803669415303993,1,3,freestyle
2026-01-05 07:00:04.050,athlete_01,session_001,0.23870645980956043,0.2425937535960342,1.3286457387354016,75.23406844752468,82.44813224667125,107.77575989567609,74.99112948508711,98.4530364861402,27.08176184281161,4.864568569049764,1,3,freestyle
2026-01-05 07:00:04.100,athlete_01,session_001,0.2862436933650733,0.2609299965437173,1.2032177434860145,83.46869048736959,59.11854232710539,74.12546635817364,75.161570350004,98.487991072266,26.97128178477532,4.926172841811587,1,3,freestyle
2026-01-05 07:00:04.150,athlete_01,session_001,0.4026884379022092,0.22067991430383027,1.032904562415145,108.52938630089528,47.158972741276884,17.51842477549099,75.37268731431301,98.2557445629815,27.004662018839742,4.988318836996756,1,3,freestyle
2026-01-05 07:00:04.200,athlete_01,session_001,0.41617760190403486,0.15502451633695233,0.9774855589481708,104.47252675598571,34.66259629469441,-20.191388736677965,75.64188167164218,98.12272582655274,27.063270685334576,5.05080748766715,1,3,freestyle
2026-01-05 07:00:04.250,athlete_01,session_001,0.29210589990184677,0.07041865424461691,0.782667282073261,94.32923681284188,26.860789568718086,-74.04057321812456,75.58117194594963,98.61261276532055,27.10786968744827,5.113416992666079,1,3,freestyle
2026-01-05 07:00:04.300,athlete_01,session_001,0.2675348252735705,0.001307724446449804,0.5779608047139047,96.4390080238163,11.084742489448013,-117.65861909403722,75.91194670078205,98.12494900266472,27.096082959182812,5.175917225308909,1,3,freestyle
2026-01-05 07:00:04.350,athlete_01,session_001,0.2437198649747161,-0.012940332706993983,0.5639008877044905,78.39049931030564,-10.215795221852584,-139.67839864626626,75.90427869842912,98.33053714633562,26.88290175873937,5.238084678617351,1,3,freestyle
2026-01-05 07:00:04.400,athlete_01,session_001,0.24852511761369944,-0.01499542712294076,0.4816945933235913,65.21263839560632,-21.615784604828484,-156.09711066834274,76.08943769551848,98.37029004939446,26.909329212925314,5.299716976501451,1,3,freestyle
2026-01-05 07:00:04.450,athlete_01,session_001,0.26950559691286063,-0.19589975786752623,0.6131826404963595,45.5063428156123,-28.373010308531658,-159.2508930894496,76.2890767623357,98.4352781578788,27.02972263492987,5.3606460087514325,1,3,freestyle
2026-01-05 07:00:04.500,athlete_01,session_001,0.09038642786453746,-0.2027439756956994,0.5950902024619994,29.263611296908476,-42.321049579816844,-156.89737864483507,76.45887017845656,98.44924650036319,27.047779371228227,5.4207488373278485,1,3,freestyle
2026-01-05 07:00:04.550,athlete_01,session_001,0.043890671276304846,-0.22385717760285934,0.6161763030673985,7.991281124838515,-48.675361763113536,-134.22880237121421,76.66199971049313,98.3869979858106,27.02280760431935,5.479955666396113,1,3,freestyle
2026-01-05 07:00:04.600,athlete_01,session_001,-0.09446141738653806,-0.25821073654103605,0.5442919689467076,-6.397155714169159,-68.8030210732129,-109.92155324405752,76.78971872889767,98.13246755026532,27.108508593531482,5.538254359412138,1,3,freestyle
2026-01-05 07:00:04.650,athlete_01,session_001,-0.17607386785557133,-0.2998599093116747,0.6670847242053743,-29.981211514834623,-72.61281522242096,-75.18931626613498,76.90018490449756,98.34067862004046,27.12797214733595,5.59569121092331,1,3,freestyle
2026-01-05 07:00:04.700,athlete_01,session_001,-0.2995789375046752,-0.19239385526357078,0.8265802807661019,-55.466146577994465,-80.78328134142055,-41.28054047722403,77.07260515792882,98.37412391827421,26.993711680725657,5.652367924025652,1,3,freestyle
2026-01-05 07:00:04.750,athlete_01,session_001,-0.29038039546686983,-0.24795704608311442,0.8299388046437031,-75.69853699727584,-67.2278238315029,-13.638751263382655,77.27177761171039,98.48716964853053,27.014952710344893,5.7084349908115675,1,3,freestyle
2026-01-05 07:00:04.800,athlete_01,session_001,-0.3120828478938327,-0.2762779497642824,1.076214431723911,-102.33031748446865,-59.91078618860484,16.0307431079518,77.38360074676919,98.43332954446143,27.090429380171482,5.764081906653033,1,3,freestyle
2026-01-05 07:00:04.850,athlete_01,session_001,-0.4163459233664174,-0.2625223652399967,1.1160883252381797,-111.21509528319548,-48.59561184406777,48.000296665998405,77.59484280893474,98.59487623668574,27.072213210358065,5.819524854633399,1,3,freestyle
2026-01-05 07:00:04.900,athlete_01,session_001,-0.3555325501675778,-0.11464960282414545,1.2085054914126425,-116.5946162775919,-26.229176939902565,77.69044043237119,77.68587400249717,98.54187229135097,26.916583924471787,5.8749926605332785,1,3,freestyle
2026-01-05 07:00:04.950,athlete_01,session_001,-0.3947246528770673,0.04168667091499788,1.3001660817770007,-116.23514924807557,-0.6160573150354773,94.55713917009702,77.80289137544915,98.1607029347263,26.892382624870425,5.930711930848899,1,4,freestyle
2026-01-05 07:00:05.000,athlete_01,session_001,-0.3559600469083617,0.06937923855979639,1.325440413232774,-100.71611030097269,24.522640045040184,114.10826524242488,77.9525923104454,98.40263576794361,26.85334458075021,5.986892339112201,1,4,freestyle
2026-01-05 07:00:05.050,athlete_01,session_001,-0.2498206864845367,0.037411918753309875,1.3744510894095783,-82.06300132768122,49.20056157818372,142.43542826718925,78.16881617710003,98.4700894672017,26.998683111442894,6.043713015879694,1,4,freestyle
2026-01-05 07:00:05.100,athlete_01,session_001,-0.1450206644580269,0.14816460110777385,1.3550313622046082,-48.56236747053314,55.44737975577154,163.48388188533087,78.30677251044703,98.29928373129346,26.950605253236375,6.101310925822302,1,4,freestyle
2026-01-05 07:00:05.150,athlete_01,session_001,0.005306127011140929,0.2655883129599565,1.4566372420312037,-12.339181985666494,68.638837626709,147.8570154542118,78.51244193708801,98.66266274190068,26.94312969672112,6.159771986069691,1,4,freestyle
2026-01-05 07:00:05.200,athlete_01,session_001,0.04031044255645764,0.33578888110512733,1.4391350181280744,34.75388537573582,86.795283475215,140.2821403135544,78.83733292914665,98.29161035520025,26.871960926465576,6.219125501750575,1,4,freestyle
2026-01-05 07:00:05.250,athlete_01,session_001,0.08606759534974953,0.2986773403102647,1.3315085273776535,50.037142301992034,77.23175881818942,124.89179823881163,78.95016215740966,98.15807516062371,26.994862012699496,6.279342279110897,1,4,freestyle
2026-01-05 07:00:05.300,athlete_01,session_001,0.28643145624513,0.28228449123224697,1.2278250891814837,94.121899703634,63.56338075672669,87.23857506932373,79.23785679868121,98.0710660592708,26.874085202108276,6.340336537692348,1,4,freestyle
2026-01-05 07:00:05.350,athlete_01,session_001,0.31869845405681446,0.2894927842342132,1.06969035381266,95.87192480759607,59.786146731562724,54.55119064701908,79.25971533768339,98.30678685201237,26.902239573261497,6.401971496333398,1,4,freestyle
2026-01-05 07:00:05.400,athlete_01,session_001,0.3798557113480324,0.2506007983393771,1.0033190448767642,105.17810041057659,54.01072018573833,0.7159757117353158,79.47543772734794,98.30767411674779,26.96945853226936,6.464068269236606,1,4,freestyle
2026-01-05 07:00:05.450,athlete_01,session_001,0.4618024282168022,0.10861639868890616,0.7249704132260897,106.95909976783189,30.7593651846046,-42.57052755662495,79.60359898298893,98.3235520125989,27.037285835434623,6.526417493514937,1,4,freestyle
2026-01-05 07:00:05.500,athlete_01,session_001,0.3181363522765743,0.10010681639687144,0.6829740896813766,100.22433645807374,22.36200076961856,-89.80748114687843,79.95845818856897,97.99334946404552,27.00156393028856,6.5887929324291505,1,4,freestyle
2026-01-05 07:00:05.550,athlete_01,session_001,0.36369028131605813,-0.02192686984259088,0.6145623933949464,84.05763062919758,5.39166514843477,-124.05526906522265,80.04749986087775,98.39420481835667,27.05549243004177,6.650966170453674,1,4,freestyle
2026-01-05 07:00:05.600,athlete_01,session_001,0.3197289607266615,-0.08516578350334439,0.5593279190635235,70.26234408043615,-17.260730192405248,-157.5781303555499,80.10049296638647,98.5995977644855,26.993246307830404,6.712721445662183,1,4,freestyle
2026-01-05 07:00:05.650,athlete_01,session_001,0.23679640895099816,-0.06560069909336322,0.5679488988271238,60.68849387088173,-20.335622014190495,-164.3602068954124,80.33840180750296,98.27690506544205,26.963839634731862,6.773869656277431,1,4,freestyle
2026-01-05 07:00:05.700,athlete_01,session_001,0.19921611640343062,-0.20800307900336987,0.5454375260656248,51.10369666769572,-35.19629309000485,-170.57223255732464,80.50802432901294,98.50213519269447,26.971752384859084,6.834260632126636,1,4,freestyle
2026-01-05 07:00:05.750,athlete_01,session_001,0.05628110199703803,-0.1833113361615464,0.5925647016013645,22.541597568338076,-50.21093617582281,-149.64451533975463,80.64008192261997,98.28235644574741,26.924613177081344,6.893792874666536,1,4,freestyle
2026-01-05 07:00:05.800,athlete_01,session_001,-0.030175239652817362,-0.21674182530830566,0.7034306599119561,6.383349296607986,-66.06434303537388,-126.85278685914273,80.51897523657912,98.24615278387083,27.00088174908966,6.95242013384191,1,4,freestyle
2026-01-05 07:00:05.850,athlete_01,session_001,-0.03309429099378072,-0.22184785312516606,0.7787119913109557,-17.47991291049591,-58.59728796251295,-94.4101304306722,80.67524638127908,98.63733713882203,27.095235660052015,7.010154395615265,1,4,freestyle
2026-01-05 07:00:05.900,athlete_01,session_001,-0.12993102133974144,-0.32821615672966775,0.8196291262670012,-29.348029895253752,-78.37623137918611,-74.67942040048592,80.77705285643422,98.52619464476642,27.05884906884967,7.067065087193318,1,4,freestyle
2026-01-05 07:00:05.950,athlete_01,session_001,-0.1806326177839499,-0.2577084445491239,0.9418112437138673,-61.67680620233473,-85.99465548195147,-25.255459860396904,80.89399772211915,98.55593843275453,27.057352939751517,7.123274552628279,1,4,freestyle
2026-01-05 07:00:06.000,athlete_01,session_001,-0.30689018797522094,-0.2588901746511656,1.0625873310561424,-80.3618842204573,-65.95696090256159,1.454971509210404,80.92032577243553,98.81755417841595,27.029112038333174,7.178950093634256,1,4,freestyle
2026-01-05 07:00:06.050,athlete_01,session_001,-0.301443124101592,-0.1440719839905265,1.0846009580454303,-107.74247669258445,-62.41767035488905,16.767431967022812,81.15112281356616,98.39838877523198,27.017041152069968,7.23429309340784,1,4,freestyle
2026-01-05 07:00:06.100,athlete_01,session_001,-0.4221144064847715,-0.18309667507845198,1.0835487678315412,-129.33607257051423,-36.89518707849398,40.645957886045416,81.24561788444493,98.39553302538303,27.00647756459521,7.28952593050569,1,4,freestyle
2026-01-05 07:00:06.150,athlete_01,session_001,-0.4621522340604554,-0.12369584562964848,1.307533508553792,-106.46344512329117,-22.610044730039714,70.42631613275404,81.31290773755111,98.42471510113107,26.910523552735956,7.344877533130831,1,5,freestyle
2026-01-05 07:00:06.200,athlete_01,session_001,-0.4772545027181585,0.03281671907924065,1.2797256084215622,-106.4620136565954,2.0143828916067914,109.16218985050547,81.24492307940018,98.65836793975335,26.90683970747342,7.400568512221303,1,5,freestyle
2026-01-05 07:00:06.250,athlete_01,session_001,-0.3724399250391586,0.056054207879704124,1.5032000595762884,-89.8342908723895,29.664627903361914,121.88768103017178,81.30927162574105,98.57003954319696,26.92099406690218,7.45679683881877,1,5,freestyle
2026-01-05 07:00:06.300,athlete_01,session_001,-0.19394649297783012,0.11263033237813153,1.5394360911068459,-72.8585409236891,48.99624769419283,144.92360788660898,81.2801979716136,98.23948547254132,27.07419190605506,7.5137249955791985,1,5,freestyle
2026-01-05 07:00:06.350,athlete_01,session_001,-0.18374697602662043,0.273000268091377,1.4310712770809724,-42.8228329856548,66.13079586715384,158.89367591462698,81.49363022887023,98.25191394921248,26.946849129737775,7.57146943630318,1,5,freestyle
2026-01-05 07:00:06.400,athlete_01,session_001,-0.01576364570341118,0.2922802942199571,1.381036788616234,1.5298772973384023,82.26379022978392,155.43412674406844,81.59123630401334,98.46742746100016,27.049479442543422,7.630093037259573,1,5,freestyle
2026-01-05 07:00:06.450,athlete_01,session_001,0.21879539234213746,0.15093841469761823,1.3511892826306917,38.91979584712564,75.17541800311234,143.09101589727325,81.59990929910704,98.49119865288594,26.90529831626841,7.6896010296151385,1,5,freestyle
2026-01-05 07:00:06.500,athlete_01,session_001,0.2669073058147244,0.24498591074454362,1.3009743435348184,72.46889113417625,80.33024601942823,103.06820822814325,81.6475666145931,98.48452289165087,26.9757791122402,7.7499406761040746,1,5,freestyle
2026-01-05 07:00:06.550,athlete_01,session_001,0.3906181891765625,0.2121494690696876,1.264638924968577,90.81266650991769,70.46101726403836,78.11563584226914,81.85530347382719,98.49892259312561,26.918831085368634,7.81100471187065,1,5,freestyle
2026-01-05 07:00:06.600,athlete_01,session_001,0.3178238032236181,0.25097785965893865,0.9993867851819694,110.46125789753233,47.766925511342755,33.1484912691127,81.92859493284432,98.36565703539844,27.05404886823447,7.872638324992016,1,5,freestyle
2026-01-05 07:00:06.650,athlete_01,session_001,0.27422078223379326,0.23755086699674807,0.9840358851403939,108.74659862247903,48.17806216428821,-13.574423814168957,81.98360030846798,98.51100740564328,27.157805772598376,7.9346492224085425,1,5,freestyle
2026-01-05 07:00:06.700,athlete_01,session_001,0.4481218069842353,0.2072151379652075,0.6968883873680979,103.91628861774271,31.143086590815052,-61.097873502743795,82.22281636840917,98.51603056909,26.8977483680733,7.996820126772009,1,5,freestyle
2026-01-05 07:00:06.750,athlete_01,session_001,0.2884355873801458,0.08746028299429456,0.7704518146159209,98.1008478174751,20.530256631814595,-115.10303027683582,82.31046134900409,98.23898720069917,27.02189325757351,8.058922892059924,1,5,freestyle
2026-01-05 07:00:06.800,athlete_01,session_001,0.31176303837126923,-0.052204288154972155,0.6193053060680229,74.17750478567525,-4.344256111234784,-152.92394018531692,82.44900436921708,98.1736166404461,26.93125732573939,8.120733320922795,1,5,freestyle
2026-01-05 07:00:06.850,athlete_01,session_001,0.26143821449716764,-0.11046515271448473,0.5835751833376877,64.35940214667384,-21.218282848359287,-152.53250144952312,82.4594697428278,98.44264377045874,27.05600112746876,8.1820457214255,1,5,freestyle
2026-01-05 07:00:06.900,athlete_01,session_001,0.14542874259135347,-0.15621651373013118,0.5486913254132495,43.24407580371075,-10.968587964404556,-149.42321388798578,82.46499966458416,98.32635417452973,27.134369660770936,8.242686258039068,1,5,freestyle
2026-01-05 07:00:06.950,athlete_01,session_001,0.18910281752938968,-0.1411536964489036,0.6180199125321028,26.380580188525403,-45.61867182316762,-157.75919882178653,82.59117550934508,98.14086357231017,26.956117201388018,8.302524230300865,1,5,freestyle
2026-01-05 07:00:07.000,athlete_01,session_001,0.11548890209376184,-0.1504312589686005,0.6248662825088536,21.39688559845498,-55.979083125297855,-141.03400659496853,82.62637021273258,98.53939824039755,27.08005711016382,8.361480547370673,1,5,freestyle
2026-01-05 07:00:07.050,athlete_01,session_001,-0.007174007301275133,-0.3296474676119394,0.7557166171344297,0.8023481256967155,-58.91625524381883,-111.07013254100465,82.70074148349337,98.47591901850234,26.989579263936466,8.419532848997823,1,5,freestyle
2026-01-05 07:00:07.100,athlete_01,session_001,-0.1144618537674117,-0.24028262492853053,0.6388285642262914,-22.475187854451562,-72.32732712290064,-77.2337136455771,82.73139424807206,98.65104748220213,26.940200391875464,8.47671694133044,1,5,freestyle
2026-01-05 07:00:07.150,athlete_01,session_001,-0.18652435731727454,-0.23495972228242748,0.7709685770244331,-40.26460127328606,-71.9507406675117,-49.63115111995693,82.76748814372473,98.3903780546728,26.96775691375614,8.533124455381694,1,5,freestyle
2026-01-05 07:00:07.200,athlete_01,session_001,-0.3226276433566195,-0.252933884232428,0.837875173063548,-67.91779148474687,-80.7006064509026,-31.783522090269543,82.78938502416909,98.41360784031562,27.094016292433313,8.588896881269708,1,5,freestyle
2026-01-05 07:00:07.250,athlete_01,session_001,-0.3517046953726033,-0.09150928247609005,1.0465724626735136,-83.61644744615072,-75.94172104877725,3.086759197533941,82.69250095013734,98.14012829636401,27.034228676090475,8.644216366637497,1,5,freestyle
2026-01-05 07:00:07.300,athlete_01,session_001,-0.3948977157476854,-0.16283627510947457,1.010750434855877,-112.24653708362759,-56.56179234248553,31.71915126378954,82.85734214044147,98.65391457991106,26.993614057657386,8.699293877661573,1,5,freestyle
2026-01-05 07:00:07.350,athlete_01,session_001,-0.4517199003932725,-0.11782988846995501,1.3317477629560737,-117.84897928496753,-31.202628812301995,67.85084071909486,82.8314084530607,98.5109686246271,26.986279812289432,8.754355492143748,1,5,freestyle
2026-01-05 07:00:07.400,athlete_01,session_001,-0.36655363577173006,-0.012049202381339743,1.2911962885439932,-114.76647296869,-12.410607766838716,96.50155237939968,82.74587032429987,98.5608244947693,26.949750291971664,8.809627715252137,1,6,freestyle
2026-01-05 07:00:07.450,athlete_01,session_001,-0.42613649091914224,0.020708188886880374,1.4294620838756904,-111.29146231305639,18.764270905331514,110.84191391422587,82.78848320801083,98.35470889585578,27.053256812993855,8.865322771686746,1,6,freestyle
2026-01-05 07:00:07.500,athlete_01,session_001,-0.30712933582691715,0.0772732818508399,1.3666923017267605,-87.93134534632077,34.294587087355936,131.86335755401342,82.75784355734993,98.38892509786973,27.175611086727827,8.921624829304811,1,6,freestyle
2026-01-05 07:00:07.550,athlete_01,session_001,-0.28669643704740055,0.21624653801090585,1.4630811306753373,-60.92054930999073,56.87442538012936,152.6513457969126,82.9197208136911,98.4585122115176,26.98684021017524,8.978678048486612,1,6,freestyle
2026-01-05 07:00:07.600,athlete_01,session_001,-0.045208903390177406,0.30220234797138557,1.4883961383779476,-15.10932221587304,65.46774262292679,153.58222955042143,83.0201879394113,98.26285312455242,26.915937168868197,9.036577232716734,1,6,freestyle
2026-01-05 07:00:07.650,athlete_01,session_001,0.08793130412518821,0.2711796478522273,1.3831288145242804,15.246860390279238,70.34195858540127,142.76092480530122,82.99887707355691,98.25918853359205,27.031655677883325,9.095361686729552,1,6,freestyle
2026-01-05 07:00:07.700,athlete_01,session_001,0.19659490509974992,0.33194166594547875,1.343621480138577,52.80722406902054,72.67363450083029,125.20164689205524,82.94915492371211,98.75860180286018,27.044177759160352,9.155012680117336,1,6,freestyle
2026-01-05 07:00:07.750,athlete_01,session_001,0.3954700247970182,0.26029504879471177,1.346167301166974,81.2788761945859,69.6892162000705,100.63944614099358,83.05390085497359,98.46053148315038,27.08863370432287,9.215454680071423,1,6,freestyle
2026-01-05 07:00:07.800,athlete_01,session_001,0.3758739061712593,0.31935184825674623,1.2123032991596059,95.87873368766164,74.67793810394534,53.44939312280031,83.02626812217196,98.27436000828338,26.901869240464134,9.276560272137875,1,6,freestyle
2026-01-05 07:00:07.850,athlete_01,session_001,0.33101205544332496,0.21080622622369705,1.0448017613476954,105.60839499452402,43.47926995258815,8.104824731076803,82.93321829071544,98.14213046875285,27.02461342700182,9.338158448417067,1,6,freestyle
2026-01-05 07:00:07.900,athlete_01,session_001,0.5039012408127885,0.17176325306483975,0.9916800581308164,106.08400433410856,30.8498047270928,-44.22031161484051,82.81332921653105,98.18634596222552,26.931229674033446,9.400045724068445,1,6,freestyle
2026-01-05 07:00:07.950,athlete_01,session_001,0.3276702095545118,0.1244900094865587,0.6581391550096155,100.37382739643368,28.170556962838727,-79.73246243571438,82.93272377653084,98.45731777480053,27.11308567209423,9.461999359483912,1,6,freestyle
2026-01-05 07:00:08.000,athlete_01,session_001,0.3694299260777627,-0.029558678882273273,0.684528729882281,93.24288989538968,2.522242813075081,-123.35958825312188,82.82760408748409,98.22547014512335,27.06240456460919,9.523791828970925,1,6,freestyle
2026-01-05 07:00:08.050,athlete_01,session_001,0.3177907587669913,-0.03455715438267871,0.5792105931339951,65.2526420020296,-4.20972345226094,-143.4786015582307,82.76338535464315,98.20277474459964,26.98510131323671,9.585205596090995,1,6,freestyle
2026-01-05 07:00:08.100,athlete_01,session_001,0.1855752349598082,0.0011404940390800228,0.6417923956164902,55.96675273036412,-32.86052375298519,-156.51714595001368,82.88894190397401,98.35991872221095,26.901209441327513,9.646047236154809,1,6,freestyle
2026-01-05 07:00:08.150,athlete_01,session_001,0.222365515288877,-0.13209655477207888,0.6192655634776266,32.9817688428803,-38.07830951989972,-159.9267402411513,83.0286295899707,98.46234636518768,27.156393967366192,9.706159989039763,1,6,freestyle
2026-01-05 07:00:08.200,athlete_01,session_001,0.1050634755689702,-0.11815382755335359,0.6456943744391419,31.022576647011466,-41.86951575481414,-151.5131108873133,82.97367236129061,98.62875343900406,26.988527624491876,9.765433927681329,1,6,freestyle
2026-01-05 07:00:08.250,athlete_01,session_001,0.03989580960251375,-0.18246461990192886,0.5953251082720793,-4.0645548725014935,-65.14227534402231,-126.67785937337233,82.9778542985724,98.24965126348269,27.07470522284146,9.82381308264397,1,6,freestyle
2026-01-05 07:00:08.300,athlete_01,session_001,-0.09514870710594782,-0.33597616590153784,0.7240274995458008,-12.214894299771112,-64.30544014846694,-102.5136883392072,83.1438460631935,98.27177753437184,26.84381464857412,9.881299061017236,1,6,freestyle
2026-01-05 07:00:08.350,athlete_01,session_001,-0.08764113548434374,-0.24028882870733934,0.8306685506149467,-36.31824485198756,-71.69679204352975,-65.11424836506478,83.23651535753204,98.46375935432607,27.01150521348993,9.937950925649403,1,6,freestyle
2026-01-05 07:00:08.400,athlete_01,session_001,-0.26572352590478,-0.3227917779460262,0.9296437157572794,-59.49970256876158,-77.29810508971464,-47.180692669313025,83.2651787921704,98.30982164341368,27.064138230852308,9.993881343626402,1,6,freestyle
2026-01-05 07:00:08.450,athlete_01,session_001,-0.3814166370036266,-0.24429695088909048,0.9000230906659057,-74.64649973646111,-72.54452366658039,-6.660871755099892,83.35539048268843,98.54801136456997,26.82372995477457,10.049249255151667,1,6,freestyle
2026-01-05 07:00:08.500,athlete_01,session_001,-0.2979598829422406,-0.23644882335326553,1.0089871409226987,-95.1317467360844,-57.81189564728948,25.92619290319589,83.47909802654934,98.3129454184669,27.023024796662256,10.104249539852761,1,6,freestyle
2026-01-05 07:00:08.550,athlete_01,session_001,-0.42047068196085663,-0.15918519824542857,1.1556782054745658,-117.14993808719326,-46.56027349531511,51.41678272836307,83.45446046886224,98.15753233642674,27.10456228298526,10.15910035237179,1,6,freestyle
2026-01-05 07:00:08.600,athlete_01,session_001,-0.40991260938928625,-0.09032587482242878,1.3109086511100927,-115.11632278521084,-20.429924613673272,80.16292168980759,83.4420731183066,98.26865887154632,26.88021520190736,10.214028950246048,1,6,freestyle
2026-01-05 07:00:08.650,athlete_01,session_001,-0.3028355542406733,0.006130172553095505,1.3518091402829744,-111.50049239697432,2.036494848601825,100.19932235666823,83.64651669554004,98.11705505931258,26.989955668604473,10.26925693475124,1,7,freestyle
2026-01-05 07:00:08.700,athlete_01,session_001,-0.2818679567818859,0.05902851194627483,1.462327821314303,-101.69254608469075,30.46642884809275,128.11023502174413,83.9185287664458,98.30117604561656,26.97205503289879,10.324985863235316,1,7,freestyle
2026-01-05 07:00:08.750,athlete_01,session_001,-0.21798898817587192,0.09592255713304122,1.3270426504659236,-80.29588315741307,41.988735130307894,146.10924363829588,84.10906574060537,98.48326526376881,26.949082442853395,10.381384167075208,1,7,freestyle
2026-01-05 07:00:08.800,athlete_01,session_001,-0.0893680227285048,0.1749364842267353,1.4397778502992271,-35.54048212092802,63.20704328837098,142.6927753542117,84.19377365786862,98.40597645854673,26.94931448189757,10.438576224343905,1,7,freestyle
2026-01-05 07:00:08.850,athlete_01,session_001,-0.0498028345176189,0.3059032107902095,1.4702763604220377,0.13442776387776645,68.37128351339393,150.75880289022928,84.23304653175177,98.3755084764493,26.927092157919713,10.496634296120371,1,7,freestyle
2026-01-05 07:00:08.900,athlete_01,session_001,0.13647081445878065,0.3641983278611436,1.4116999067852098,34.806304909621915,82.57365825796923,132.78996693761684,84.34991919534986,98.16624946576442,26.937524336493055,10.555573849226658,1,7,freestyle
2026-01-05 07:00:08.950,athlete_01,session_001,0.25960303190412065,0.29640912986585854,1.2144512237365754,60.254500708412216,73.53925763445164,104.0273089448852,84.56966577070399,98.2595642569569,26.99497270245423,10.615352568135378,1,7,freestyle
2026-01-05 07:00:09.000,athlete_01,session_001,0.32870177783355586,0.30288256197193797,1.2736616114404347,93.222696735925,73.38399009883328,80.45976352697923,84.81359124016068,98.32656408544945,27.006377247764,10.675873119154165,1,7,freestyle
2026-01-05 07:00:09.050,athlete_01,session_001,0.3426743735856326,0.2716897915987656,1.108617122795856,119.6073186630402,56.8368070478286,39.77217041618812,84.93388552849784,98.44081333062084,26.89128702207477,10.73698948632796,1,7,freestyle
2026-01-05 07:00:09.100,athlete_01,session_001,0.21064751700435666,0.11758716804949423,0.9334593070564992,106.73123417446081,43.346533913518094,-15.098061403842335,85.09863774893871,98.85128736120171,26.951036613086124,10.798516466628083,1,7,freestyle
2026-01-05 07:00:09.150,athlete_01,session_001,0.4038997396086641,0.03939959967957242,0.8993518474211492,105.41308590199262,30.55710343533731,-54.321048817177925,85.08219982587596,98.27263605462832,27.008112325084372,10.860241706971852,1,7,freestyle
2026-01-05 07:00:09.200,athlete_01,session_001,0.3601377559061506,0.06319843890026676,0.628595591015648,88.59631611022984,10.420631385169749,-95.34272197997541,85.19994616097817,98.56563608260332,27.09720421744461,10.921939500743516,1,7,freestyle
2026-01-05 07:00:09.250,athlete_01,session_001,0.2967884693475336,-0.07783763578345246,0.6103762622483281,75.2754565004612,-3.2315735563212433,-130.34380724839082,85.4804353841216,98.1881065226763,27.098132389554607,10.983385447460485,1,7,freestyle
2026-01-05 07:00:09.300,athlete_01,session_001,0.29466187835289603,-0.061473260909592264,0.6318904650849498,73.9514362178808,-16.213951555314726,-154.1138338109137,85.60349864132586,98.20917641997751,26.997735746522935,11.044371023438156,1,7,freestyle
2026-01-05 07:00:09.350,athlete_01,session_001,0.20980573405601244,-0.16956039702290393,0.5805032224253993,60.94468931498425,-28.376138489174597,-153.60198664339885,85.78910787308648,98.04054201242975,27.009297981426336,11.104717117357941,1,7,freestyle
2026-01-05 07:00:09.400,athlete_01,session_001,0.13966336670165325,-0.1812558237008437,0.5543513045496367,31.263985270261397,-34.153483846763706,-141.48839660878284,86.02132597984743,98.25449052452517,26.88505492584435,11.164285652125768,1,7,freestyle
2026-01-05 07:00:09.450,athlete_01,session_001,-0.008236247238623935,-0.23188865331447034,0.5915991269145453,12.489656200301742,-51.32658198066915,-151.14338074861013,86.24797799212186,98.58314176090526,27.006102225881193,11.222988538923008,1,7,freestyle
2026-01-05 07:00:09.500,athlete_01,session_001,-0.08341526468724295,-0.21197312698733325,0.6418649341427645,-6.793978245323902,-62.87530376621776,-110.57349379305805,86.40483724194223,98.39093544649808,26.846812725660254,11.280793382796992,1,7,freestyle
2026-01-05 07:00:09.550,athlete_01,session_001,-0.08094902385132292,-0.29091564010111093,0.7730172396400941,-24.808805835326226,-63.63361198459201,-95.70661882332851,86.49796388588916,98.61443044653271,26.96867723511492,11.337725570237568,1,7,freestyle
2026-01-05 07:00:09.600,athlete_01,session_001,-0.17552020085583456,-0.32531286191262876,0.790411034583978,-42.741442238638285,-69.33201228339514,-53.33625120838087,86.43309483190629,98.30483751833248,26.893814651657852,11.393866604221433,1,7,freestyle
2026-01-05 07:00:09.650,athlete_01,session_001,-0.2512069585988783,-0.265444761950467,0.9337019799071207,-72.20139223038385,-74.17841377212554,-22.367363452323914,86.4707220737636,98.58656911697823,26.938174443543083,11.449348795908769,1,7,freestyle
2026-01-05 07:00:09.700,athlete_01,session_001,-0.31933497879679046,-0.10803865650456404,0.8753626190836565,-90.5587386344369,-54.144277617882956,-1.663155886669805,86.5951948442227,98.2945380908665,27.010947769449047,11.50434665872006,1,7,freestyle
2026-01-05 07:00:09.750,athlete_01,session_001,-0.36085088209602123,-0.17308218851049556,1.1532780791034407,-99.0379116783776,-61.57316225329154,27.44718821798795,86.82357832604986,98.55414722004292,27.016511154157698,11.559065564547332,1,7,freestyle
2026-01-05 07:00:09.800,athlete_01,session_001,-0.40576443059364786,-0.2185554376421493,1.3141174999500178,-115.90159335157314,-29.424178343902284,58.747268319269594,87.00197025737252,98.6886453071603,27.101440104932383,11.613728399472546,1,7,freestyle
2026-01-05 07:00:09.850,athlete_01,session_001,-0.3976339286602262,-0.04959677559623238,1.2960362074176075,-120.8713776698983,-14.94275442492691,87.14205977698728,87.27520834992501,98.35328745222505,27.017498442096002,11.668561086053376,1,8,freestyle
2026-01-05 07:00:09.900,athlete_01,session_001,-0.35680599525005136,0.14558221444324815,1.3417141505848436,-114.02233073481351,13.217338160457611,110.34279512168882,87.31305275265282,98.15138968584473,26.95823659470597,11.723777912585948,1,8,freestyle
2026-01-05 07:00:09.950,athlete_01,session_001,-0.2573851765034918,0.11938046897114331,1.3777966959946892,-82.22497270498422,29.698309304605452,140.35026007042111,87.29587291050522,98.72511826133582,27.051147123260083,11.77956762201842,1,8,freestyle
2026-01-05 07:00:10.000,athlete_01,session_001,-0.22593362757528787,0.24166482133741485,1.4826907049334312,-65.26626018549668,58.43777870625408,137.66997573714096,87.5170107579071,98.23775450067113,26.86447779010185,11.836081163589956,1,8,freestyle
2026-01-05 07:00:10.050,athlete_01,session_001,-0.0528349405750092,0.28994157270174187,1.4158957900246825,-25.956386978631354,62.15467627917947,150.59381345157502,87.85602834026636,98.29255706852246,27.134969393642827,11.893421902044732,1,8,freestyle
2026-01-05 07:00:10.100,athlete_01,session_001,0.06143325421735679,0.32857752142658814,1.3808922143151423,16.57363994631917,81.00834130991637,153.0367478202408,88.03660786222832,98.33844460154512,26.826495622020126,11.951638919464507,1,8,freestyle
2026-01-05 07:00:10.150,athlete_01,session_001,0.15276709519646847,0.3348321999450217,1.2493991235010387,48.103902384248286,80.20607869672021,129.68395665874877,88.14254191471106,98.5589989663709,27.052634838419273,12.010723843767524,1,8,freestyle
2026-01-05 07:00:10.200,athlete_01,session_001,0.22512719994912847,0.29090870966691396,1.2899181220641456,74.90974701237575,79.51364898246213,100.77968459778607,88.39125042667365,98.51844477356661,27.043047145041218,12.070611408799092,1,8,freestyle
2026-01-05 07:00:10.250,athlete_01,session_001,0.3368067616897597,0.24181493332282664,1.1470971967248695,94.72673422325812,62.574331302637916,61.30249368212194,88.69124867258063,98.51232822819097,26.952168538735705,12.131183708575978,1,8,freestyle
2026-01-05 07:00:10.300,athlete_01,session_001,0.40376664105944393,0.19523343238464655,1.0229467839913755,98.23508558298731,54.77567406999121,23.773809337833207,88.72836313518603,98.3451572108047,26.963117612572713,12.192277868383954,1,8,freestyle
2026-01-05 07:00:10.350,athlete_01,session_001,0.33198264801026794,0.16146165703581764,0.9065134821208057,100.78872296517349,33.603947074999205,-25.638374991675306,88.85159988978636,98.35968695105589,26.878883260290188,12.253696633639773,1,8,freestyle
2026-01-05 07:00:10.400,athlete_01,session_001,0.3724758005521535,0.11861232276685554,0.7479508828568981,96.0729275908971,21.001060863605428,-83.72626368415014,89.10848159855011,98.54251476280842,27.00773406688884,12.315221188112028,1,8,freestyle
2026-01-05 07:00:10.450,athlete_01,session_001,0.3409101994661816,-0.016159706545285604,0.697156868838157,71.61905571012622,7.154411193922111,-120.21543201046313,89.28766358388464,98.69460940046089,27.04247463980828,12.376625368532993,1,8,freestyle
2026-01-05 07:00:10.500,athlete_01,session_001,0.26129111640017955,-0.028748263602116103,0.5544979736930462,70.75741037938197,-8.446524380817142,-142.5896580340875,89.36100091717402,98.17019836851895,26.955317400575456,12.437690352200303,1,8,freestyle
2026-01-05 07:00:10.550,athlete_01,session_001,0.20597780158685264,-0.07320304631954079,0.5655848744078141,56.99725590993656,-20.695653498115405,-155.37947533014258,89.48239136272319,98.62075303254038,27.033253199239592,12.498218863719265,1,8,freestyle
2026-01-05 07:00:10.600,athlete_01,session_001,0.10007537024694638,-0.11871136208955996,0.5458773454416738,41.285575642151066,-37.06846046252101,-150.515278688098,89.54329966630185,98.56928356196882,27.053989496213404,12.55804797853405,1,8,freestyle
2026-01-05 07:00:10.650,athlete_01,session_001,0.0512710850630609,-0.18547647578887178,0.4856487027497375,24.997596684994793,-42.9498862596559,-147.75041909276464,89.54456771624922,98.51494751704773,26.937166041946345,12.617059692275644,1,8,freestyle
2026-01-05 07:00:10.700,athlete_01,session_001,-0.041673532477216425,-0.17716137453397152,0.5555050067343569,9.886672775439244,-45.50432866399919,-119.9911951240884,89.72058495825756,98.27093959373411,27.06739346783702,12.67518857026575,1,8,freestyle
2026-01-05 07:00:10.750,athlete_01,session_001,-0.0777476511137043,-0.25120962091257937,0.6511127485089382,-8.21500285874444,-47.6220597643657,-91.86075449716185,89.73346228404014,98.41474897369677,27.035733135762683,12.732425981307566,1,8,freestyle
2026-01-05 07:00:10.800,athlete_01,session_001,-0.15564244137757022,-0.28420012042941684,0.7281359996768904,-21.157168227045464,-74.95302123442845,-81.48671698482902,89.86088145992899,98.46734813417231,27.00481434354262,12.78882064183015,1,8,freestyle
2026-01-05 07:00:10.850,athlete_01,session_001,-0.23520248633086974,-0.32780890381569183,0.858193246890987,-51.18419665628767,-77.65722196589098,-45.108428992495355,89.90393861504468,98.28237800413626,27.060697173191414,12.84447543611247,1,8,freestyle
2026-01-05 07:00:10.900,athlete_01,session_001,-0.2693484718285692,-0.2930925512722363,0.9126425116570696,-69.46545145783736,-69.54347272535219,-9.685717213400729,90.0802791861573,98.61055741929472,27.024029443982077,12.899540720129433,1,8,freestyle
2026-01-05 07:00:10.950,athlete_01,session_001,-0.3576194162308417,-0.21343463241471403,1.0264298238421272,-97.34028966218854,-60.47498148700822,14.591113717045134,90.17434427061556,98.31375868351729,26.940786483892918,12.954204544832482,1,8,freestyle
2026-01-05 07:00:11.000,athlete_01,session_001,-0.4251035501325346,-0.16457000310925493,1.101665193176156,-107.29624065274817,-56.06910405656113,44.20128021066769,90.27472247709113,98.67569097618278,26.947285278090575,13.008680434583349,1,8,freestyle
2026-01-05 07:00:11.050,athlete_01,session_001,-0.44070784506787325,-0.19169589596530093,1.0737299681069514,-114.7144652786924,-42.158610988929304,67.08682477792753,90.24356998829913,98.12950174939253,27.016962290060945,13.063193515028962,1,8,freestyle
2026-01-05 07:00:11.100,athlete_01,session_001,-0.44283860149653,0.022057060876525487,1.2939714914325502,-114.9014037453752,-5.11049504179784,93.09544556973664,90.38579792977266,98.15197486528857,27.08758766989367,13.117965891653327,1,9,freestyle
2026-01-05 07:00:11.150,athlete_01,session_001,-0.3507575346082208,0.032305340306272384,1.3257428846427,-109.6193210446238,24.901074441492646,121.80058546249025,90.457148350494,98.05806482183749,27.013345125948984,13.173202228639465,1,9,freestyle
2026-01-05 07:00:11.200,athlete_01,session_001,-0.27071473620768643,0.10178524765279988,1.4147629464202842,-84.20242034772795,47.985059338526895,145.82769834264553,90.48873838888481,98.52760199658042,26.967440383140147,13.229076464394723,1,9,freestyle
2026-01-05 07:00:11.250,athlete_01,session_001,-0.08339492676401387,0.25846133128170073,1.406727746385008,-43.174657579966826,58.82861682624941,144.0151707129833,90.63765010340997,98.23628588899966,27.002279767319152,13.285720526016476,1,9,freestyle
2026-01-05 07:00:11.300,athlete_01,session_001,0.030717137205968963,0.3081910214412085,1.4790367094885586,-10.410209843668005,79.44083709660897,151.57812702426395,90.83101459172191,98.25121466326861,26.904778386507484,13.34321577492969,1,9,freestyle
2026-01-05 07:00:11.350,athlete_01,session_001,0.14767468436370232,0.24954819019975588,1.4009062035481343,24.211089445742015,77.05057536630228,154.25565222564157,91.09756103298857,98.56329096995506,27.09053497582606,13.401587738373442,1,9,freestyle
2026-01-05 07:00:11.400,athlete_01,session_001,0.2837182926916954,0.2687718279176237,1.3701658575869236,53.70120065166568,69.73115458926839,119.11761000025304,91.2113142027247,98.71176850691606,27.1119733631522,13.460804467893183,1,9,freestyle
2026-01-05 07:00:11.450,athlete_01,session_001,0.22398999820297105,0.21224664129834656,1.2740500128720067,82.71995511185719,70.19761410008228,88.05757740708749,91.32499964381469,98.26323367503629,27.132208407468177,13.520778630384095,1,9,freestyle
2026-01-05 07:00:11.500,athlete_01,session_001,0.37076718867222885,0.2696081233521279,1.080070631510233,101.2087155942819,65.71318840856891,50.074571221317505,91.3182011857555,98.64467227864081,27.069683002850084,13.58137319483392,1,9,freestyle
2026-01-05 07:00:11.550,athlete_01,session_001,0.40705373133558426,0.22712965901796336,1.0272407119145905,114.72571756528303,47.112047272705986,1.7329481600354666,91.33397288366453,98.49612207685043,26.944517539420726,13.642410344472504,1,9,freestyle
2026-01-05 07:00:11.600,athlete_01,session_001,0.3984042271810718,0.11270510947677395,0.8688953553330285,102.50519275527775,28.511440845046618,-49.949755051038686,91.52896862047058,98.39625782735848,26.98803588553587,13.703683034705673,1,9,freestyle
2026-01-05 07:00:11.650,athlete_01,session_001,0.4527656133316075,0.13774698824289733,0.685956724818084,93.14052822778399,17.18035461614076,-92.60254458828412,91.55963516484577,98.18294027383304,26.96665364639353,13.764968445578521,1,9,freestyle
2026-01-05 07:00:11.700,athlete_01,session_001,0.43281884760429123,0.05870369652264696,0.6486067947313942,82.88349009554426,4.671823959418191,-114.76483517953514,91.81165191601272,98.1443024787503,27.03266741334435,13.826042454711262,1,9,freestyle
2026-01-05 07:00:11.750,athlete_01,session_001,0.3112445201551949,-0.04454216872004542,0.5999886093667278,72.92295116488307,-9.648701998308164,-152.77319981767616,91.75652283889467,98.40962277330398,27.10579809241646,13.88669419063994,1,9,freestyle
2026-01-05 07:00:11.800,athlete_01,session_001,0.23656144307537552,-0.06033541080699481,0.6358950426181715,63.59485193481197,-21.317428453755532,-164.69337569686073,91.8060147109884,98.42217095344066,26.802447723092847,13.946739721543741,1,9,freestyle
2026-01-05 07:00:11.850,athlete_01,session_001,0.09084015238353754,-0.21763884871307673,0.5486003102583308,38.23446341939245,-33.02151145792126,-145.69673013098128,91.84875596666478,98.27358457789488,27.03084365902289,14.006033990754975,1,9,freestyle
2026-01-05 07:00:11.900,athlete_01,session_001,0.02046782171979447,-0.2005307895463577,0.6828943905026483,11.050735758289983,-40.84833827833321,-131.3467754667166,91.84032808650376,98.21948154425954,27.01803636414277,14.064480224545639,1,9,freestyle
2026-01-05 07:00:11.950,athlete_01,session_001,0.02761424924067933,-0.21584753776389398,0.6896056854221528,1.7067636185060189,-56.66142033470657,-124.6251247422512,91.86511425602632,98.16084526987187,27.02045990252765,14.122036202040837,1,9,freestyle
2026-01-05 07:00:12.000,athlete_01,session_001,-0.08585211141653781,-0.25596232937459246,0.5984522895829233,-23.803215601399312,-67.01526682144103,-86.39920469603638,91.89802106933209,98.46207570004269,27.051121366464113,14.178716981037251,1,9,freestyle
2026-01-05 07:00:12.050,athlete_01,session_001,-0.2228242727600988,-0.17781426585696697,0.7371265491515298,-43.88896397343188,-69.84178036210358,-60.924783867490746,91.96379023741989,98.51970161979443,26.92865682944109,14.234593903751474,1,9,freestyle
2026-01-05 07:00:12.100,athlete_01,session_001,-0.24715190819561408,-0.2534649655665832,0.913649864200486,-50.8009790003353,-69.67362820582008,-34.32451233297795,92.0008676758612,98.5277717961237,27.07299673959366,14.289789948129904,1,9,freestyle
2026-01-05 07:00:12.150,athlete_01,session_001,-0.29617876225906287,-0.22872376905478597,0.8935580005778867,-84.05854292728684,-77.97701456420262,-3.304057610763972,92.14699636544297,98.50875519088278,27.023669844504656,14.344471727627475,1,9,freestyle
2026-01-05 07:00:12.200,athlete_01,session_001,-0.32581306931659526,-0.2625851516317522,1.094240594161631,-104.24764472306416,-51.44589564716801,37.103092167752834,92.4351359829422,98.30021030577963,26.98180072457775,14.398838659901,1,9,freestyle
2026-01-05 07:00:12.250,athlete_01,session_001,-0.40532786386661246,-0.15054237657836048,1.2378245385422417,-104.85188632336583,-31.95314127316094,58.41737406439664,92.54614855201696,98.68636440040031,26.999663298096014,14.453110008544419,1,9,freestyle
2026-01-05 07:00:12.300,athlete_01,session_001,-0.41567549630939976,-0.10265951959275735,1.2361778503844612,-115.2807333876484,-20.081343462914866,84.88900647484317,92.62009248191954,98.21653666409628,26.963655773008224,14.507510639900564,1,10,freestyle
2026-01-05 07:00:12.350,athlete_01,session_001,-0.37321143215503694,0.12050756715887809,1.407822620435012,-114.91020903399283,6.775228288733169,109.99551017236344,92.5533246376908,98.50073019300753,27.00525044665793,14.56225642017552,1,10,freestyle
2026-01-05 07:00:12.400,athlete_01,session_001,-0.3027434278874484,0.07806631433287206,1.4668556859553856,-90.75798757530544,23.025088355026845,124.68109987085086,92.52894749355443,98.32577520131656,27.044517740079996,14.61754020117122,1,10,freestyle
2026-01-05 07:00:12.450,athlete_01,session_001,-0.2716152956130453,0.17589117146716418,1.4321742451233697,-71.89305680648721,51.94740345472563,142.56562401766564,92.38776786958177,98.19695027516723,26.895986927350833,14.673519304457567,1,10,freestyle
2026-01-05 07:00:12.500,athlete_01,session_001,-0.07075271937260567,0.2838969226127214,1.4463328446258366,-35.666045785477436,59.991144957756255,151.36758614238673,92.46277762905295,98.28165211630701,26.970556688356545,14.730305316244454,1,10,freestyle
2026-01-05 07:00:12.550,athlete_01,session_001,0.10988211156441423,0.29736534394742486,1.4386170641686475,5.984473207332551,75.82040217115267,143.6427633270719,92.34015636719742,98.49653069326105,26.960836992425648,14.787956854938548,1,10,freestyle
2026-01-05 07:00:12.600,athlete_01,session_001,0.1639007522957701,0.2206138956398046,1.4000652388893349,25.366270157003964,81.32268849551004,137.88246179269595,92.43217059421248,98.59417608791071,26.995240876682093,14.846475780152758,1,10,freestyle
2026-01-05 07:00:12.650,athlete_01,session_001,0.16320936425112814,0.3072478750600128,1.2058654650010117,72.41243366756028,70.7031761654994,115.0532497840242,92.37940828113759,98.45651448720952,26.97544990934333,14.90580708833638,1,10,freestyle
2026-01-05 07:00:12.700,athlete_01,session_001,0.31035083640436034,0.2856672121822756,1.174697121086206,91.04819619417958,60.48573727030946,69.75825686381742,92.43712427173355,97.87003407867341,26.85776016805888,14.965842500739033,1,10,freestyle
2026-01-05 07:00:12.750,athlete_01,session_001,0.2761006181213947,0.20575919195262296,0.9663348064590273,106.16051377552687,52.50390211250378,20.681816850691916,92.510175815314,98.5307842431452,27.034899575348053,15.026427509664762,1,10,freestyle
2026-01-05 07:00:12.800,athlete_01,session_001,0.2935369229235185,0.1849267622495267,0.9108997312290483,102.19889199862173,37.0968584030101,-26.378719211453763,92.34225553830231,98.01557325734477,27.0927905032946,15.087371424482246,1,10,freestyle
2026-01-05 07:00:12.850,athlete_01,session_001,0.39920138369332875,0.11324317357901414,0.796800347157848,101.76839979236341,23.620583857902286,-56.2093086814736,92.28328986130262,98.74556458917323,26.942354021919346,15.148459764205686,1,10,freestyle
2026-01-05 07:00:12.900,athlete_01,session_001,0.34493134725940566,-0.011314472836533626,0.6057850104891325,83.58137686426679,4.91936728468984,-109.28052481334815,92.33951045993858,98.43757202034833,27.0109709747757,15.209468191279152,1,10,freestyle
2026-01-05 07:00:12.950,athlete_01,session_001,0.2663160448158094,-0.03138373467345681,0.5588840997328084,70.18759424366144,3.2703568669529304,-142.26231015354134,92.40775397949781,98.42502939497525,26.943086778114285,15.270177081354408,1,10,freestyle
2026-01-05 07:00:13.000,athlete_01,session_001,0.14816965190352915,-0.06023541371745078,0.5593810229422895,60.61331333533914,-17.042136437841222,-160.6825676352402,92.50821468867838,98.57948822969671,27.01377176042022,15.33038578281664,1,10,freestyle
2026-01-05 07:00:13.050,athlete_01,session_001,0.12268753441290424,-0.1398292696960271,0.6842324250141556,44.584481340826386,-25.436206347248177,-158.1595104190855,92.49489750330734,98.34759619558217,26.981022156185336,15.38992564023149,1,10,freestyle
2026-01-05 07:00:13.100,athlete_01,session_001,0.1196247800768464,-0.1375257916980028,0.5024398771984482,28.553785004533815,-48.68185747625189,-139.70249482384443,92.50725162152769,98.35222734073734,27.08510694450477,15.448670936416821,1,10,freestyle
2026-01-05 07:00:13.150,athlete_01,session_001,0.0418588441707055,-0.15942137301270937,0.6238063141323142,19.494169639550428,-54.22754005686514,-122.62800325370848,92.70823374430122,98.32985576521307,26.953786244225764,15.506547043237315,1,10,freestyle
2026-01-05 07:00:13.200,athlete_01,session_001,-0.00460438408258038,-0.22673980307801261,0.6257902976610622,-7.383265015352891,-52.21244936301458,-103.44404322330502,92.75144156156122,98.42183101080774,27.04905828025349,15.563535252671704,1,10,freestyle
2026-01-05 07:00:13.250,athlete_01,session_001,-0.04636586811900993,-0.2788065604519617,0.726837636587733,-23.271356157202938,-73.42832105999575,-84.68601618263644,92.8582026293542,98.41363557859088,26.94089901552288,15.619673975415717,1,10,freestyle
2026-01-05 07:00:13.300,athlete_01,session_001,-0.21009711160343236,-0.20854201987385138,0.8842718253832206,-45.3749067865386,-70.95289300784175,-45.329634024809394,92.8577488230123,98.43977662186958,26.955261722613546,15.675056230241845,1,10,freestyle
2026-01-05 07:00:13.350,athlete_01,session_001,-0.24957613548179694,-0.25324958076751347,0.9363705367958354,-68.39136233246028,-59.93578000531997,-22.3979388274923,92.73487839111763,97.79925657384375,27.00673985150966,15.729823588212195,1,10,freestyle
2026-01-05 07:00:13.400,athlete_01,session_001,-0.34203289403017234,-0.21310300189821976,1.0356976190295397,-87.32984618791755,-64.44811270636085,12.080155098324207,92.81124862044474,98.38160049309609,26.868332882132705,15.78415696599105,1,10,freestyle
2026-01-05 07:00:13.450,athlete_01,session_001,-0.404930447468046,-0.21332108680729794,1.1332368384673404,-115.03606752084994,-43.09049441671478,50.99171903012165,92.89748784129263,98.11097301539999,26.927681394083127,15.838264866987751,1,10,freestyle
2026-01-05 07:00:13.500,athlete_01,session_001,-0.4145783175586494,-0.12196311698728503,1.2299216601763068,-117.2645609627057,-37.83241862215772,63.353059311900175,93.02560436200494,98.89011495904224,27.063868855623376,15.892369834607942,1,10,freestyle
2026-01-05 07:00:13.550,athlete_01,session_001,-0.35006120749182307,0.011024118817758666,1.164803086577786,-107.3822492359735,-13.258919823355512,82.66143220135984,92.97170948698393,98.54215036908992,26.943505288588486,15.946693997763557,1,11,freestyle
2026-01-05 07:00:13.600,athlete_01,session_001,-0.39591398534730027,0.08224415468921895,1.3782983230353987,-103.68414866987433,12.883680189936783,128.11031107244168,92.93978539929572,98.56660343807972,26.890982600534453,16.001444647479907,1,11,freestyle
2026-01-05 07:00:13.650,athlete_01,session_001,-0.22326645033502934,0.11947232577533438,1.4073156330839482,-76.69123190366767,33.07269951983509,134.40016735879956,92.76527464867165,98.48419969430553,26.883836429658302,16.056800781147267,1,11,freestyle
2026-01-05 07:00:13.700,athlete_01,session_001,-0.108034802301309,0.19620620509894712,1.4639173143755302,-48.183713126113744,57.275681437354685,147.13022011002445,92.86613867977174,98.51961010084335,27.00428256184716,16.112901487861087,1,11,freestyle
2026-01-05 07:00:13.750,athlete_01,session_001,-0.05749426757943671,0.25540135277120307,1.4879642624333422,-32.81632434873055,59.53122254834684,141.18026220559568,92.99512410560556,98.23677481880684,26.953353626145237,16.169836928494345,1,11,freestyle
2026-01-05 07:00:13.800,athlete_01,session_001,0.07130524742485703,0.23351174693634186,1.4316158760596354,12.299839838255906,70.78938827479679,148.97042408424568,92.97852899681642,98.54076263976337,27.001676463994425,16.22764249544318,1,11,freestyle
2026-01-05 07:00:13.850,athlete_01,session_001,0.10682568845328293,0.2745860543542785,1.3807248972650261,48.308321669646205,84.38933987395073,131.15118138118885,92.98836845453906,98.55330401488864,26.77507180455171,16.286296530351162,1,11,freestyle
2026-01-05 07:00:13.900,athlete_01,session_001,0.3684483023336026,0.2460304294969635,1.1835819311554177,74.19555616418042,72.38376636096895,94.72225324331832,93.02416000593335,98.43133691577202,26.933640125576893,16.345721746977222,1,11,freestyle
2026-01-05 07:00:13.950,athlete_01,session_001,0.3723902391202313,0.1753157605500891,1.1567433942033112,92.79598455383689,64.26359333550143,59.7849244291046,93.24391779310281,98.5383991727832,26.935022938775735,16.405790265742713,1,11,freestyle
2026-01-05 07:00:14.000,athlete_01,session_001,0.3732562576826653,0.20022460411786774,0.9993016084048435,100.89130742559436,57.69236781430951,4.2201825926557675,93.39852612516896,98.59057146131187,27.056852034112087,16.466331932002415,1,11,freestyle
2026-01-05 07:00:14.050,athlete_01,session_001,0.3769223301241658,0.13446098570504278,0.8744094923507364,98.1924908222185,24.318147209814786,-31.22657760547654,93.5798124724655,98.4018243142522,27.06677794808117,16.52714537695659,1,11,freestyle
2026-01-05 07:00:14.100,athlete_01,session_001,0.3787672571093247,0.018649640390662317,0.8364575867618387,91.57974422939859,2.8398299843211348,-77.9234352724224,93.63576177674918,98.197553748568,27.049035078148293,16.588011102189537,1,11,freestyle
2026-01-05 07:00:14.150,athlete_01,session_001,0.2939373869083821,-0.008514446226243859,0.6452455287755048,72.49219436648059,14.928147050055946,-106.41933978096779,93.66562189985783,98.54753365687795,26.836637985059816,16.648705737628013,1,11,freestyle
2026-01-05 07:00:14.200,athlete_01,session_001,0.2869807826790746,-0.03277552257817135,0.5705334538048213,79.41463607651464,-15.590652529269617,-152.64223577422493,93.85379302895835,98.67503456548505,27.06359524160639,16.70901654676534,1,11,freestyle
2026-01-05 07:00:14.250,athlete_01,session_001,0.174526167835031,-0.2127493397691636,0.5009458525714826,61.01499560001869,-20.169125337281898,-161.309435997704,93.7695487082141,98.18434875463043,27.091752077525655,16.768755237209792,1,11,freestyle
2026-01-05 07:00:14.300,athlete_01,session_001,0.17420370746815733,-0.12492490561633515,0.553483743263048,42.57977878063214,-41.62960839970153,-146.5066949694759,93.90634370467004,98.60994119473813,26.932522452564836,16.8277701799964,1,11,freestyle
2026-01-05 07:00:14.350,athlete_01,session_001,0.05232811482654012,-0.16725428509860454,0.6526617873691126,21.350405744028482,-58.3611572223993,-138.24351940003567,93.86551280633874,98.44688475795208,27.01806055721949,16.885956244685367,1,11,freestyle
2026-01-05 07:00:14.400,athlete_01,session_001,0.04985685732502149,-0.18957482026254743,0.5488230113423204,-0.14691852438068942,-55.52724809436037,-126.83512382291654,94.03703451773282,98.51104545669672,27.029670278197763,16.943261612314796,1,11,freestyle
2026-01-05 07:00:14.450,athlete_01,session_001,-0.07304230084054705,-0.27563105101331653,0.7186051633505984,-0.370439394664686,-61.66837904601272,-94.97902577939529,94.18431496985175,98.55266447495144,26.96282082504518,16.99969112469793,1,11,freestyle
2026-01-05 07:00:14.500,athlete_01,session_001,-0.1350949861955629,-0.32996445358661575,0.6422632278407915,-39.46992737996649,-75.0010976520267,-61.32513466523807,94.19542173281432,98.20875537942209,27.006114713106022,17.055305953589386,1,11,freestyle
2026-01-05 07:00:14.550,athlete_01,session_001,-0.09248070607463563,-0.23830065708463857,0.8288736244312715,-48.23860357699973,-86.42270875051256,-30.633757364055974,94.32094431240809,98.45284062435843,26.93148609250511,17.11021961227026,1,11,freestyle
2026-01-05 07:00:14.600,athlete_01,session_001,-0.26150293267416536,-0.30998645668680186,0.9815185560900985,-75.91443696309382,-67.3492332467193,-6.974469488234735,94.31463888726498,98.58441606380372,27.008323932045947,17.164590569593717,1,11,freestyle
2026-01-05 07:00:14.650,athlete_01,session_001,-0.3438786250865385,-0.18528369802893446,1.0211377865455982,-101.40503428666476,-49.1294816833557,20.812682681964397,94.32038296718396,98.65712348104289,26.985487407395258,17.218611947070304,1,11,freestyle
2026-01-05 07:00:14.700,athlete_01,session_001,-0.3907141196313553,-0.18289453608695247,1.0778057802279672,-114.09575587891617,-53.74280264052146,51.56659886112737,94.39501606580679,98.55771755012955,27.01711995015644,17.27249896884017,1,11,freestyle
2026-01-05 07:00:14.750,athlete_01,session_001,-0.44805247161397466,-0.1261206119196298,1.213048446272365,-116.91357633570613,-19.867614722944133,75.61544233569431,94.43612787736112,98.23217454079253,27.146918757802005,17.326474980097125,1,11,freestyle
2026-01-05 07:00:14.800,athlete_01,session_001,-0.328649340355316,0.013278590231174198,1.3684906281441491,-112.98136185226036,0.5558241927520866,114.06301431741355,94.65539041272281,98.43723003273553,26.911862113534383,17.380756942247594,1,12,freestyle
2026-01-05 07:00:14.850,athlete_01,session_001,-0.2485641763211947,0.13229380175197394,1.4623954979049307,-101.70885801572123,12.479082969459405,121.35798086114943,94.987264099628,98.3556636313403,27.090716831023105,17.435541346801113,1,12,freestyle
2026-01-05 07:00:14.900,athlete_01,session_001,-0.23188541512781696,0.14973042989308766,1.5087198261812858,-66.48267251734794,49.7780086593692,141.3582986108924,95.1132928766827,98.41186662267864,27.003920109207346,17.490991462525788,1,12,freestyle
2026-01-05 07:00:14.950,athlete_01,session_001,-0.052137114536684445,0.20686709471376596,1.4811706518402563,-41.799637720506446,62.45459496258734,149.25693908296765,95.24113918057654,98.60095162427045,26.997655362884625,17.54722674356345,1,12,freestyle
2026-01-05 07:00:15.000,athlete_01,session_001,-0.014902290395699049,0.18393798127967664,1.4500152959540475,2.8238372219334336,71.89134700468418,159.65572670779812,95.44647208751243,98.1488595322968,26.8278127806809,17.604315085640817,1,12,freestyle
2026-01-05 07:00:15.050,athlete_01,session_001,0.026633435132944375,0.3174280258904504,1.4376936313177089,32.24367576935644,84.18682731329446,133.47172061069747,95.54746692789008,98.49470398475391,27.074328131773754,17.662268432377466,1,12,freestyle
2026-01-05 07:00:15.100,athlete_01,session_001,0.18043311965476866,0.2814550599465618,1.2417407567677001,63.997669327698425,75.313370761135,118.10547661260358,95.72764891437177,98.48098778098368,26.90420586758068,17.721042016013126,1,12,freestyle
2026-01-05 07:00:15.150,athlete_01,session_001,0.24376733438258974,0.24448228430447114,1.148023675782184,86.33077433726092,74.63143423369635,76.78281866277473,95.67652183361663,98.2252343406693,26.92137986956976,17.780537280799912,1,12,freestyle
2026-01-05 07:00:15.200,athlete_01,session_001,0.33306568920549856,0.27849543492059536,1.1512473167398238,96.97996710378337,70.48716754935862,31.243967065419145,95.7461481499208,98.60383420372531,26.975125608830044,17.840608298164014,1,12,freestyle
2026-01-05 07:00:15.250,athlete_01,session_001,0.3987419945193466,0.10111901442731436,1.0000034909497584,102.86145142589046,43.45732650932581,-25.997947013258838,95.73266007913661,98.29469658937732,26.970836551866675,17.90107125606516,1,12,freestyle
2026-01-05 07:00:15.300,athlete_01,session_001,0.3268366914869607,0.09469366150336171,0.8791292948084085,100.70733433792405,30.076382635657236,-58.390939787029495,95.6839096653145,98.40851110686539,26.927704515146207,17.961716405486378,1,12,freestyle
2026-01-05 07:00:15.350,athlete_01,session_001,0.34063006299438925,0.06083851195241476,0.7373258322274935,102.91650574459828,10.126467770743584,-87.01246124454423,95.92289889958242,97.9324289454126,27.11298018052201,18.022321687616657,1,12,freestyle
2026-01-05 07:00:15.400,athlete_01,session_001,0.3118781950110718,-0.009364607133415631,0.5982235015587362,69.9523310651046,8.071915045099303,-132.97323480487594,96.03748104809513,98.6026389644837,27.050642680668382,18.08266715638231,1,12,freestyle
2026-01-05 07:00:15.450,athlete_01,session_001,0.2169448682880816,-0.16070607300520323,0.5320910520498681,58.25153547631182,-19.975304084589396,-166.21807778125537,96.3400068229232,98.34947165401174,27.189922682304864,18.142549259595945,1,12,freestyle
2026-01-05 07:00:15.500,athlete_01,session_001,0.1483916280409951,-0.08765299725289935,0.6219820888083258,44.556060225757605,-28.286852119280667,-151.50786758994508,96.63653970342973,98.34343222989251,26.938067164796387,18.20179405144469,1,12,freestyle
2026-01-05 07:00:15.550,athlete_01,session_001,0.12727553296553396,-0.15338804129841402,0.6382518596731245,24.139812131602202,-37.60491998516717,-155.72884677394026,96.77637000549652,98.66433663489579,26.934640105078003,18.260268478700826,1,12,freestyle
2026-01-05 07:00:15.600,athlete_01,session_001,0.09219337255508112,-0.14997118220253822,0.5509169292339452,7.528573773827999,-49.54842552454683,-144.31252444132716,96.88109788320759,98.05093833975825,27.15502305286148,18.317889008366745,1,12,freestyle
2026-01-05 07:00:15.650,athlete_01,session_001,-0.048809510795767765,-0.13950710952424733,0.6261891244604391,-11.17031489229252,-62.641953120117364,-113.91666526104154,96.9520418043822,98.55754931564327,26.89679298915687,18.37462703730827,1,12,freestyle
2026-01-05 07:00:15.700,athlete_01,session_001,-0.13351972035058166,-0.26480225745044444,0.730796081533776,-22.318634503905546,-61.945422478609025,-92.63973134571947,96.85435282914605,98.59128947949834,27.020788679026555,18.430510733548935,1,12,freestyle
2026-01-05 07:00:15.750,athlete_01,session_001,-0.1853330826330768,-0.24970843998143682,0.8648564996711445,-46.032917212138216,-73.10006906015306,-48.450903302309015,96.94730298282144,98.04011861775066,26.97442128392558,18.485623190703233,1,12,freestyle
2026-01-05 07:00:15.800,athlete_01,session_001,-0.24215449395294342,-0.24867352752171729,0.8853883558509726,-63.99523169166545,-83.1053046581427,-24.675642588493204,97.06569119646838,98.44801716741064,26.978168123204686,18.540097016460788,1,12,freestyle
2026-01-05 07:00:15.850,athlete_01,session_001,-0.3465478443493238,-0.22584816322319448,0.9488160849827958,-93.39271107072972,-59.038783502563675,6.971602876473252,97.14334001881937,98.33132216522667,26.885899139278724,18.594105707546575,1,12,freestyle
2026-01-05 07:00:15.900,athlete_01,session_001,-0.3872179603976003,-0.19347916581290936,1.143194137194943,-107.19853946948717,-44.004335115582194,27.327331923134338,97.19020386511484,98.21005533927281,26.94486991791444,18.647852372143742,1,12,freestyle
2026-01-05 07:00:15.950,athlete_01,session_001,-0.4083418220123286,-0.10635886681682653,1.2133214498830698,-107.35425596631842,-39.174118801940295,58.59086777427757,97.32437230310323,98.16654663872731,27.156047080888733,18.70155653283981,1,12,freestyle
2026-01-05 07:00:16.000,athlete_01,session_001,-0.4423746638191005,0.00295606392068766,1.2283490342176207,-109.25077528396365,-7.106162004879913,82.30541706431389,97.42872914952842,98.53156166198731,27.012399170007534,18.755439867581057,1,13,freestyle
2026-01-05 07:00:16.050,athlete_01,session_001,-0.36411870184746414,-0.0043953167290788075,1.3054601735640177,-112.5857359437139,6.001560703458017,112.09797443825815,97.58202682873596,98.61242738441915,27.12062361390385,18.80971181482854,1,13,freestyle
2026-01-05 07:00:16.100,athlete_01,session_001,-0.31223099737093635,0.19886450385476842,1.4608576845481542,-79.8301931345061,26.435532681059627,116.24414435309649,97.62109501818327,98.19699263055062,26.94945475863239,18.86455597765698,1,13,freestyle
2026-01-05 07:00:16.150,athlete_01,session_001,-0.12046588332795764,0.20582027034145564,1.3639087636233975,-59.18445425709206,46.75467065001957,144.59859611387185,97.94491917149516,98.22881097793281,27.011066556489858,18.92011820938758,1,13,freestyle
2026-01-05 07:00:16.200,athlete_01,session_001,-0.10262547870349059,0.250161720797233,1.4237376931517711,-28.52759923339,75.65622731729678,156.78741272652115,98.13222060769147,98.5497161031375,27.052127830237517,18.976497153901107,1,13,freestyle
2026-01-05 07:00:16.250,athlete_01,session_001,0.05921887378097031,0.1683149075993482,1.4375710554523335,16.930381516558597,82.62021010284678,155.54624679656484,98.24674079246157,98.83969412339349,27.05097972258632,19.03373785416222,1,13,freestyle
2026-01-05 07:00:16.300,athlete_01,session_001,0.16741418460477886,0.279922471016687,1.362132643615054,50.82225795801454,80.64606264555867,132.3686863752499,98.29652535956997,98.11796627735234,26.985215308582287,19.091828843078513,1,13,freestyle
2026-01-05 07:00:16.350,athlete_01,session_001,0.19484740873357823,0.22622138493372726,1.315013958959869,59.21002819392758,66.82160112192938,98.84586009726296,98.32515376310448,98.13515688311433,27.005830982878752,19.15070290457803,1,13,freestyle
2026-01-05 07:00:16.400,athlete_01,session_001,0.25926275121193465,0.2676847899215327,1.058098168476442,96.40633381822353,67.44949933487783,48.20000247222817,98.52659550938363,98.202368552332,27.087940242248955,19.21024145441551,1,13,freestyle
2026-01-05 07:00:16.450,athlete_01,session_001,0.3373388908155991,0.2429046221911429,1.0287506992380366,98.4305414722943,44.47647507744883,15.488263980539594,98.60506110947273,98.20517926842933,27.026171364252516,19.270282255192075,1,13,freestyle
2026-01-05 07:00:16.500,athlete_01,session_001,0.4007217609014412,0.20083729399608297,0.9185231315914322,99.08932345569734,39.6509584612744,-44.789489359472334,98.72628585023533,98.61285697471689,26.85877165965528,19.330629963655362,1,13,freestyle
2026-01-05 07:00:16.550,athlete_01,session_001,0.3333823944660371,0.08620305921091058,0.8044062717125373,93.59239484379519,18.654713830830335,-81.40862811475068,98.88051197629926,98.21300280274723,26.951793145522537,19.391068824584924,1,13,freestyle
2026-01-05 07:00:16.600,athlete_01,session_001,0.2977603053165747,0.0336307820307602,0.721588100968234,90.25914699322603,4.469942570553029,-113.19805885196132,98.93566573147126,98.81042764422605,26.9120952754461,19.45137668638324,1,13,freestyle
2026-01-05 07:00:16.650,athlete_01,session_001,0.15030772767418976,0.0008080275793521559,0.5562015816728513,77.24666195830456,-8.521290666808099,-139.36343676585057,99.06719304153016,98.48576756414286,26.86503017395452,19.511339427911096,1,13,freestyle
2026-01-05 07:00:16.700,athlete_01,session_001,0.20673767229462825,-0.166997649015109,0.6607171799458472,57.006002878294545,-29.57153584312308,-145.34065346310865,98.98369512664355,98.58829885915436,27.06518238939833,19.570764859668408,1,13,freestyle
2026-01-05 07:00:16.750,athlete_01,session_001,0.17597677708782175,-0.14278642146544449,0.5975906323904776,44.00023812675068,-39.84280176751838,-154.1292883323973,98.98632060019467,98.51665359029403,27.086281863858723,19.629495196827648,1,13,freestyle
2026-01-05 07:00:16.800,athlete_01,session_001,0.11443089677619458,-0.19418663874683786,0.622731437527972,35.69561801592596,-42.59930988192254,-150.75267525226036,98.88854756308093,98.2108425159729,26.938876275127907,19.687417294624545,1,13,freestyle
2026-01-05 07:00:16.850,athlete_01,session_001,0.04193003943029289,-0.18677403365109305,0.602862596612139,7.318216509922746,-58.5526954827816,-127.35217231523973,98.9392977325475,98.14397304405969,26.975199497498885,19.744469982144313,1,13,freestyle
2026-01-05 07:00:16.900,athlete_01,session_001,-0.0679190406193677,-0.26245571309514926,0.70542873309515,-16.257118804239827,-57.518095720712594,-104.88656468298669,98.98459283602344,98.57549031787025,27.159031959666592,19.800648019145818,1,13,freestyle
2026-01-05 07:00:16.950,athlete_01,session_001,-0.14191085447462792,-0.2278595519813592,0.8427803936403686,-27.809118851515038,-62.350783810676546,-65.34493812183436,99.2437257570604,98.626248976203,26.988013315028603,19.856002419981692,1,13,freestyle
2026-01-05 07:00:17.000,athlete_01,session_001,-0.1724916151196461,-0.2737512162778525,0.8519359539078497,-48.27346293957831,-80.1932839511659,-53.0406726934037,99.24475781875412,98.48135164864604,26.99372935152357,19.910637124642776,1,13,freestyle
2026-01-05 07:00:17.050,athlete_01,session_001,-0.2889242851479896,-0.21178549488070425,0.9524737623139006,-74.49905659909571,-77.5276119597052,-17.60240183579887,99.33452893897967,98.40266633781906,27.02565209670127,19.964702234153943,1,13,freestyle
2026-01-05 07:00:17.100,athlete_01,session_001,-0.447066367507475,-0.1158362598219924,1.051221475933573,-93.94677338820969,-61.87025251317543,20.218321885814355,99.44727821900118,98.42064675989116,27.104936217692188,20.01838425057195,1,13,freestyle
2026-01-05 07:00:17.150,athlete_01,session_001,-0.33823397257108473,-0.09205439800699132,1.0364526408218058,-95.3571851056453,-36.03014834325187,36.811762320681574,99.65357388157197,98.44349414598554,27.040955844662797,20.071893956207905,1,13,freestyle
2026-01-05 07:00:17.200,athlete_01,session_001,-0.4464617239452601,-0.05056898218044478,1.2062284173976974,-115.10095572619342,-31.839071079409138,72.20331890919029,99.76166676831188,98.15232142853749,27.08660105801085,20.125452719803867,1,13,freestyle
2026-01-05 07:00:17.250,athlete_01,session_001,-0.31830916505272167,0.037101000785351376,1.3357098920118755,-115.42259900848362,-2.2611868595741194,95.74422238714723,99.89459669520208,98.41383190003506,26.923594033979946,20.179278119305415,1,14,freestyle
2026-01-05 07:00:17.300,athlete_01,session_001,-0.25338950779520536,0.05042172555734371,1.3393123980755393,-111.61608357395001,9.379788598057633,116.30672168994222,100.12799056846288,98.40296934520539,27.069915535203226,20.233569814987455,1,14,freestyle
2026-01-05 07:00:17.350,athlete_01,session_001,-0.21494862858796615,0.1081828935707686,1.4127665150958686,-69.03118756291016,35.34388178651701,125.16176448250258,100.01131255672122,98.07319786796393,26.99419527536997,20.288496590161195,1,14,freestyle
2026-01-05 07:00:17.400,athlete_01,session_001,-0.10549797318752865,0.168179330163645,1.4363336123150383,-35.77064118026385,60.92968203219595,147.4968478189149,100.00042569148027,97.90300092198478,26.936782686976013,20.344185400607174,1,14,freestyle
2026-01-05 07:00:17.450,athlete_01,session_001,0.05296542730087764,0.2602545784514566,1.3436598136638775,-14.451525515777877,69.16433695187425,144.92804414382255,100.00598171367544,98.35454130115653,27.045348701827752,20.400713143200363,1,14,freestyle
2026-01-05 07:00:17.500,athlete_01,session_001,0.03597719197335038,0.3415646734390099,1.4343627000751629,29.854373777672247,78.87487911909568,139.7549469827345,100.03901683397089,98.02298849430115,27.204317112348594,20.458101677419872,1,14,freestyle
2026-01-05 07:00:17.550,athlete_01,session_001,0.20234418104692642,0.24435202706787976,1.2435306107743611,55.53883726714532,75.88143480985815,106.17099432416308,100.01199712952405,97.96626669557102,27.018659968113987,20.516316422059724,1,14,freestyle
2026-01-05 07:00:17.600,athlete_01,session_001,0.2867001710348907,0.28020251711309896,1.2422839533652554,81.49227082077181,68.51451589223306,85.90780243197803,100.15153876818407,98.08049341324244,27.083928721145345,20.57526861721395,1,14,freestyle
2026-01-05 07:00:17.650,athlete_01,session_001,0.2909902202470862,0.16868194982100518,1.094060644532572,92.82488272142677,57.563213286885386,45.367975275096704,100.11922664034671,98.43666817234792,26.98031993471248,20.63482110358533,1,14,freestyle
2026-01-05 07:00:17.700,athlete_01,session_001,0.45492207397832435,0.12415532492071699,0.9568879882969377,101.79239507304254,51.90166179120788,4.378327995544418,100.08070893401869,98.39253270876205,26.87741049819592,20.69479724281961,1,14,freestyle
2026-01-05 07:00:17.750,athlete_01,session_001,0.3408549033694618,0.16458650712458797,0.8568969468958276,104.26896804452636,29.564618364168894,-53.507817558232574,100.15040070378593,98.4154577024993,27.045188182306035,20.754992398720862,1,14,freestyle
2026-01-05 07:00:17.800,athlete_01,session_001,0.31348633956996136,0.03910985407368341,0.7863894889503659,88.15172703959695,20.309082182650286,-95.69326530107091,100.09726542612083,98.71588203450099,26.920873798455116,20.815187233087606,1,14,freestyle
2026-01-05 07:00:17.850,athlete_01,session_001,0.3200907927383889,-0.018445701342429004,0.7042472129157631,74.66418841730486,0.4411834448496019,-117.3580361452023,100.01078089996302,98.49769457001946,26.98358091663389,20.875161952298896,1,14,freestyle
2026-01-05 07:00:17.900,athlete_01,session_001,0.3037153227606572,0.047831618603387936,0.5788972019926494,58.29326690492144,-10.457298754497064,-150.7532498865666,99.8964582237328,98.68763009873314,27.158493835080076,20.934710579297708,1,14,freestyle
2026-01-05 07:00:17.950,athlete_01,session_001,0.1713919967061988,-0.09027409960832744,0.5672276283936449,54.791564936608495,-29.098372612296245,-157.84723485385422,99.89672208749366,98.43629204328883,26.857483922750053,20.993654324240794,1,14,freestyle
2026-01-05 07:00:18.000,athlete_01,session_001,0.022189828514080193,0.0007862362679312605,1.005041056636914,5.101379146212929,3.670709677752474,5.8128958065453755,100.29032097064683,98.20820444107223,26.87058783764992,20.993654324240794,1,14,rest
2026-01-05 07:00:18.050,athlete_01,session_001,0.004077224408701245,-0.002922783637068865,1.0132980018351203,3.7846204991256345,2.113917985431987,4.31363504163388,100.19385254295477,98.35532147547347,26.916986411345658,20.993654324240794,1,14,rest
2026-01-05 07:00:18.100,athlete_01,session_001,0.019977051063357884,0.026343222176112045,1.027383317407255,3.2763334696981494,-3.4085021819762704,5.446214130151136,100.16846260576365,98.2507884318052,27.0835080257335,20.993654324240794,1,14,rest
2026-01-05 07:00:18.150,athlete_01,session_001,-0.0028795173148997498,0.02515061713024369,1.0169464580207805,5.086525081911131,5.343309668911815,-0.7073406024288067,100.00683377972622,98.5366490612527,27.003529931259134,20.993654324240794,1,14,rest
2026-01-05 07:00:18.200,athlete_01,session_001,0.04797927147280264,0.03316528269402117,1.028117802925186,0.2984576647391666,2.7849367796784015,-1.9870653125907058,100.07131807088867,98.30863337007679,26.86119710573878,20.993654324240794,1,14,rest
2026-01-05 07:00:18.250,athlete_01,session_001,0.020056702180166558,-0.0017286306507542247,1.0231301398625527,2.9065652524627072,2.530645138450497,4.293999957011103,100.23225459563884,98.40630825324554,26.980222383220774,20.993654324240794,1,14,rest
2026-01-05 07:00:18.300,athlete_01,session_001,0.04359537398779349,0.04120019253222422,0.9954052761253482,4.174405847447079,2.622924742538086,2.180648548713951,100.12960339013833,98.54696205948794,26.968707076875766,20.993654324240794,1,14,rest
2026-01-05 07:00:18.350,athlete_01,session_001,0.011203293361827824,0.06457851871684599,1.0167782169449553,4.238234726876002,0.47130380217375817,-5.636679310439375,99.8476849433551,98.3838152738681,27.04825658508993,20.993654324240794,1,14,rest
2026-01-05 07:00:18.400,athlete_01,session_001,0.034784709304192106,0.016512220287862197,0.9959791213653488,1.8552297004341698,2.0999074978161936,4.2584848588723885,99.71050717009643,98.43800066511062,26.959813582392655,20.993654324240794,1,14,rest
2026-01-05 07:00:18.450,athlete_01,session_001,0.03127615241015637,0.0378532621269303,1.0170787268298314,0.3683817052616013,1.4008761871290725,5.062180988507269,99.62973922295058,98.29586983149072,27.03160213130899,20.993654324240794,1,14,rest
2026-01-05 07:00:18.500,athlete_01,session_001,-0.005781543210633843,-0.011961254824745334,1.0236986904423244,-0.8942132789170313,0.521207213319779,3.307028118401137,99.50825221585399,98.57189399796312,26.991270685512198,20.993654324240794,1,14,rest
2026-01-05 07:00:18.550,athlete_01,session_001,0.04952247232385051,0.06311766236955897,1.0005665834834334,3.6275627024576442,2.392884789871337,2.894871002366681,99.56761708309148,98.7071443717093,26.863543856304037,20.993654324240794,1,14,rest
2026-01-05 07:00:18.600,athlete_01,session_001,0.07221084265258428,0.027793815774783057,0.9902929468193274,2.5079964717262295,2.9135551389994863,-0.8833283993987566,99.60015520158102,98.36617522848297,26.915753270440884,20.993654324240794,1,14,rest
2026-01-05 07:00:18.650,athlete_01,session_001,0.03906804259971866,0.04015471479513756,1.0196587945962152,2.3277130481576918,4.2653060094240764,5.039073846806304,99.44102069640896,98.22810939490427,27.10491993431635,20.993654324240794,1,14,rest
2026-01-05 07:00:18.700,athlete_01,session_001,-0.009718334417219383,0.021251846426198075,1.013393664357999,2.992268702302899,2.7254966052376726,8.314345872023056,99.4855249608545,98.4268860000092,27.028592009876142,20.993654324240794,1,14,rest
2026-01-05 07:00:18.750,athlete_01,session_001,0.0004388408588923396,-0.016634179237369862,1.037963302235195,2.5416482924808697,1.9391109510554532,8.474187411914526,99.57615756317976,98.71895911078148,27.014899039554365,20.993654324240794,1,14,rest
2026-01-05 07:00:18.800,athlete_01,session_001,-0.02765761785210893,0.02549651706404956,1.0032064075506824,1.646019457050324,3.33623116691962,2.678720982541064,99.3196881329948,98.36964524568262,26.998242899734308,20.993654324240794,1,14,rest
2026-01-05 07:00:18.850,athlete_01,session_001,0.0009551170595258153,0.01544267974987921,1.0470358338381922,4.043230706838879,4.288284338216161,2.9193688750639524,99.20740105708394,98.6702558614867,26.868327179459403,20.993654324240794,1,14,rest
2026-01-05 07:00:18.900,athlete_01,session_001,0.053185369372506765,0.034330026010085925,1.0283074724574472,-0.008991291607715012,4.142821683516787,4.353844178180113,99.12926988680087,98.24925121057808,26.977812485808244,20.993654324240794,1,14,rest
2026-01-05 07:00:18.950,athlete_01,session_001,0.03815024221062612,-0.001244982027972587,0.9868670033043384,0.3955888709135138,1.8455352841385684,-0.062361619620174606,99.18184894339939,98.37538005676339,27.034328573231278,20.993654324240794,1,14,rest
2026-01-05 07:00:19.000,athlete_01,session_001,-0.0024258753221754383,-0.045580739012886756,1.002814024212519,0.01831269536241109,2.4690360677848893,1.3144070149487117,98.92536915301424,98.59338476625321,27.059024537323104,20.993654324240794,1,14,rest
2026-01-05 07:00:19.050,athlete_01,session_001,-0.008650563803790723,0.014309115489335748,1.0162192313367127,1.8377040461707448,1.7582512499102885,4.133280796569463,98.79325943750467,98.45658398938087,27.08415739853206,20.993654324240794,1,14,rest
2026-01-05 07:00:19.100,athlete_01,session_001,0.003667888155738731,0.008995334506853617,1.0133168337391008,3.6644635258793925,6.415127519899042,3.1604459498355393,98.62039569458608,98.32646397940825,27.031413956278236,20.993654324240794,1,14,rest
2026-01-05 07:00:19.150,athlete_01,session_001,0.038606337544720384,0.03059244961585358,0.998534846184081,0.9632258283704133,4.2190552709716,1.2828739610493078,98.42670085491258,98.72269392951637,27.048168636445798,20.993654324240794,1,14,rest
2026-01-05 07:00:19.200,athlete_01,session_001,0.02647263124832244,-0.0016087750217007996,0.9806875492656503,2.6771760283647104,4.675944441052858,2.268209429782948,98.30029218386898,98.40053486613547,26.955871482268353,20.993654324240794,1,14,rest
2026-01-05 07:00:19.250,athlete_01,session_001,0.046578670360212016,0.00807941497476352,1.0094282587669798,4.16326398913447,0.45322154884798843,-0.3052085060916334,98.26944172474255,98.42954052175043,27.11487611098682,20.993654324240794,1,14,rest
2026-01-05 07:00:19.300,athlete_01,session_001,0.003097115615563444,0.008257515387218098,1.0109373582904257,5.722002270981766,3.0537863627775326,1.5425219797540874,98.22453746686774,98.3618290016599,26.92360610181694,20.993654324240794,1,14,rest
2026-01-05 07:00:19.350,athlete_01,session_001,0.01841664132200374,0.0008294014238936047,1.0261117456779338,3.9248232863602435,5.034511941475916,4.969334098941597,98.24938708885783,98.25436344205613,27.028443757884453,20.993654324240794,1,14,rest
2026-01-05 07:00:19.400,athlete_01,session_001,0.0012662569945205587,0.027045374198989815,1.0186426712698695,1.2853112256462156,-0.05962778452983133,0.9465931736714901,98.0850630108405,98.44085194221546,26.980900714821928,20.993654324240794,1,14,rest
2026-01-05 07:00:19.450,athlete_01,session_001,0.011475921464849947,0.009947256491095121,0.9942744688797145,-0.6604859004331107,2.160741940243656,0.6925350487354945,97.98581289387195,98.63867013028813,27.103114094931854,20.993654324240794,1,14,rest
2026-01-05 07:00:19.500,athlete_01,session_001,0.00894305789201303,0.0055719160971032106,1.0295412567803635,-2.637134405878689,-1.334437739620278,1.3473561973284272,97.92462876750179,98.38447686914193,26.99095892626328,20.993654324240794,1,14,rest
2026-01-05 07:00:19.550,athlete_01,session_001,0.008983173655513654,0.0016024898022006316,1.003181040517355,1.002312236042604,8.111974363390884,-0.43300155322730943,97.95764573184263,98.63113398745703,27.06127898117371,20.993654324240794,1,14,rest
2026-01-05 07:00:19.600,athlete_01,session_001,0.026658601535952033,0.009196760369871921,1.0326542607150482,2.2933612261117373,2.7850261519716026,3.7822181125498324,97.74837841856674,98.25116624761137,26.945571828408763,20.993654324240794,1,14,rest
2026-01-05 07:00:19.650,athlete_01,session_001,0.00488334483538442,0.04637224435366754,1.0052062850434027,1.2010202100932508,1.355893608356324,-1.2918761273819739,97.63312176597877,98.44419495367273,27.098200204051448,20.993654324240794,1,14,rest
2026-01-05 07:00:19.700,athlete_01,session_001,0.011296197409642366,0.010319965865657522,1.0034731951412965,5.729022153238535,4.038990748736962,0.04502228783417563,97.41604751123221,98.52507671175348,27.079816421222933,20.993654324240794,1,14,rest
2026-01-05 07:00:19.750,athlete_01,session_001,-0.004107023299892995,0.0016775812605808315,1.0136223603116858,-0.5280667214104181,1.5544580084630297,2.716513230230276,97.33897805062195,98.4990569577734,27.128419059537233,20.993654324240794,1,14,rest
2026-01-05 07:00:19.800,athlete_01,session_001,0.03805109876647526,0.016996908025932757,1.028269666632087,0.7247406254442783,3.5468081949278036,-2.4675386765777025,97.06400735212324,98.37358952665254,26.980124321518154,20.993654324240794,1,14,rest
2026-01-05 07:00:19.850,athlete_01,session_001,0.048252759627855295,0.030874243384655966,1.018311227904659,-2.54737833570908,1.3955692986073678,5.5382246050351425,96.82711005419114,98.05766936489863,27.076588779375175,20.993654324240794,1,14,rest
2026-01-05 07:00:19.900,athlete_01,session_001,0.05268794711577786,0.014699967742247473,0.9882380069177915,4.00672819316225,4.463955046688139,5.070267736358868,96.71492377949838,98.37903918356491,27.061015444580118,20.993654324240794,1,14,rest
2026-01-05 07:00:19.950,athlete_01,session_001,0.02927638845504839,0.02273380766028812,1.0314148614406478,0.5806940834806966,0.9878728012877475,2.1013410250720055,96.48752618116283,98.56798624900526,27.096923344665708,20.993654324240794,1,14,rest
2026-01-05 07:00:20.000,athlete_01,session_001,0.011751036679732527,0.026943300283534852,0.9997716295511246,-1.7860097498627194,2.510889790662861,4.798139995452184,96.4072084453663,98.5205592152799,27.063613289893606,20.993654324240794,1,14,rest
2026-01-05 07:00:20.050,athlete_01,session_001,-0.006685556652855612,0.029208128360280507,0.9846882450098856,1.3104502846757966,0.25187352204042673,2.607692641325745,96.21039232620578,98.38658285071976,27.019769200341923,20.993654324240794,1,14,rest
2026-01-05 07:00:20.100,athlete_01,session_001,-0.009488254108750305,0.01823634275731988,0.9794971967586876,4.375542924398316,2.4876061509299405,3.3345873131909776,95.86517650832886,98.6515824554894,27.098545638461662,20.993654324240794,1,14,rest
2026-01-05 07:00:20.150,athlete_01,session_001,0.009943362607106552,-0.014602978698758767,1.0366582989120563,5.309001680099647,1.9188931940821146,4.480608345921942,95.68443388245284,98.21259514384542,26.78987173256131,20.993654324240794,1,14,rest
2026-01-05 07:00:20.200,athlete_01,session_001,-0.013945108776464639,0.010759780574939046,1.0405826319178222,0.995082186602263,-0.30732058259538486,6.877607504722134,95.68883679414985,98.48169214275023,26.979371164818996,20.993654324240794,1,14,rest
2026-01-05 07:00:20.250,athlete_01,session_001,0.02626956842949617,-0.0003090633066414628,1.0007086839012393,2.6244051534864234,5.533037525222713,2.3455480868945315,95.62562003531328,98.70583043332975,26.936701077724265,20.993654324240794,1,14,rest
2026-01-05 07:00:20.300,athlete_01,session_001,0.015591896382931559,0.027309701524346253,1.0052347901975676,0.5558463637545312,1.6496476550401156,7.193934731390617,95.58145800278227,98.6910455874766,27.097796913637126,20.993654324240794,1,14,rest
2026-01-05 07:00:20.350,athlete_01,session_001,-0.0170285200434268,0.038186472847638084,1.0094414134947263,0.8922395736043154,1.9727976118817558,4.279385661158312,95.20153055681202,98.76214482165378,26.990746583454964,20.993654324240794,1,14,rest
2026-01-05 07:00:20.400,athlete_01,session_001,0.005411252767857682,0.004313454508845007,0.9860343701253901,0.2681404049309325,3.739024798173633,5.378457460369346,95.05315435253068,98.18277042166778,27.065704235981148,20.993654324240794,1,14,rest
2026-01-05 07:00:20.450,athlete_01,session_001,0.02664825004999798,0.026502396399034477,1.0123361825208161,4.227642994434096,0.06580926443294341,1.7499928886231215,95.02097528630122,98.33298385120034,27.017756014028883,20.993654324240794,1,14,rest
2026-01-05 07:00:20.500,athlete_01,session_001,0.03249356548489474,0.018737585223332392,1.0199941949737474,-0.1814954913553828,-0.2335591432452098,2.49381858890526,94.90472388339712,98.43456458697007,27.093894433948037,20.993654324240794,1,14,rest
2026-01-05 07:00:20.550,athlete_01,session_001,0.013189470828316304,0.006156527224561542,1.000949152632848,-2.7722556746525164,0.5303810025373389,6.703097909031306,94.90082002640547,98.55287289768702,27.07252083371396,20.993654324240794,1,14,rest
2026-01-05 07:00:20.600,athlete_01,session_001,0.0213500919410574,0.038625994708164316,1.013271959739865,-1.1021099305714994,3.790610034825417,0.09945875183953476,94.86807991368792,98.19098677355755,27.00672481464771,20.993654324240794,1,14,rest
2026-01-05 07:00:20.650,athlete_01,session_001,0.014694777773317033,0.0006970213481398539,1.0003561572237223,-0.1701159873194564,-0.19683509065994567,-1.3078644598188178,94.73182825590538,98.45921234294,27.04734519469059,20.993654324240794,1,14,rest
2026-01-05 07:00:20.700,athlete_01,session_001,-0.001326128377515178,-0.00428694409425138,1.0274548841775077,1.289515113841162,6.615977335017697,6.657628446095441,94.7533357381359,98.2556209862041,27.007269668246234,20.993654324240794,1,14,rest
2026-01-05 07:00:20.750,athlete_01,session_001,0.010506702160240602,-0.008479404271707744,0.9899119685371399,-0.17902897278526173,2.0286469028896605,-3.355867618743903,94.8328772686891,98.38675643020977,26.970887873710826,20.993654324240794,1,14,rest
2026-01-05 07:00:20.800,athlete_01,session_001,0.009657308771282212,0.02993384110023965,0.9981252773334316,1.2184485523930055,2.234835662692221,3.4512782103375264,94.84062203206575,98.11521255079874,27.04708825151907,20.993654324240794,1,14,rest
2026-01-05 07:00:20.850,athlete_01,session_001,-0.0049990887109637415,-0.00687203014200151,1.0341026225258076,1.2002321726198295,2.3635485868663797,-0.3916633089773076,94.8404412784032,98.5195121312576,27.13179861224743,20.993654324240794,1,14,rest
2026-01-05 07:00:20.900,athlete_01,session_001,0.01137499405978461,-0.007607541304173803,1.0097716583008458,0.03428798453120958,0.16913431829971898,0.6566072059120988,94.65632609410969,98.0592053246389,27.07613673542044,20.993654324240794,1,14,rest
2026-01-05 07:00:20.950,athlete_01,session_001,0.005568840268163954,0.02882764604823113,1.0520593191236485,1.9833571690131873,1.2426381282008592,-3.1288140764747627,94.61383559023055,98.47614597575974,26.94364314993076,20.993654324240794,1,14,rest
2026-01-05 07:00:21.000,athlete_01,session_001,0.013311730120091883,0.01376028573685882,1.0196090812651648,-1.1326759306278322,0.07079706216390186,0.47687397601199777,94.58725018021636,98.17908882569553,27.075113104350997,20.993654324240794,1,14,rest
2026-01-05 07:00:21.050,athlete_01,session_001,0.005462093736714442,0.002960287476841601,1.027290655156084,-1.3653833251374399,0.9749303016691581,-2.2693623674461385,94.43689739598108,98.25995404454643,26.942317403100446,20.993654324240794,1,14,rest
2026-01-05 07:00:21.100,athlete_01,session_001,0.004613750007114515,-0.011635423223003477,1.0169628193374118,2.3302235050301148,0.6223464531511059,0.6270705193589771,94.35663826988771,98.51222608187574,26.766029824722832,20.993654324240794,1,14,rest
2026-01-05 07:00:21.150,athlete_01,session_001,-0.032057544313298464,0.009762377554074345,0.9895173745279886,0.600807077792711,3.727023147074644,1.7127317864118516,94.24791938164346,98.45971170975527,26.92936412147117,20.993654324240794,1,14,rest
2026-01-05 07:00:21.200,athlete_01,session_001,0.05141230692646223,-0.01697059458768947,1.0215606084676798,-5.114999878168954,1.2930040242923782,-2.6992684650389553,94.33268034734398,98.17809993933643,27.01877080366217,20.993654324240794,1,14,rest
2026-01-05 07:00:21.250,athlete_01,session_001,0.018111139585042086,0.007844592796598387,0.9840415624795151,-0.4864002305443926,0.8669054339720901,2.80380679873795,94.19534399428369,97.96994344398382,26.88918962161443,20.993654324240794,1,14,rest
2026-01-05 07:00:21.300,athlete_01,session_001,0.011966045496379432,0.006284505406409123,0.9711103791652992,1.3787647879123432,0.4240845612262685,2.5895080764313847,94.1859568992376,98.4379697397402,27.020425683050142,20.993654324240794,1,14,rest
2026-01-05 07:00:21.350,athlete_01,session_001,0.03827866126057907,0.0013105537065429623,1.009618671058705,3.0756025207669824,-0.7813018198836872,-4.471909598745514,94.15460524469503,98.44019141103637,27.098949720463207,20.993654324240794,1,14,rest
2026-01-05 07:00:21.400,athlete_01,session_001,0.022424120310603,0.0059964525342231755,1.0208102916526842,1.5043707270737061,-1.2285461520067573,-0.8144576396103034,94.185649668427,98.12973097723071,26.998862798160214,20.993654324240794,1,14,rest
2026-01-05 07:00:21.450,athlete_01,session_001,0.01156282532824447,0.013927135708860092,1.0249399723522312,0.767936083098786,0.03490304808223081,-1.5327701966055551,94.16121062127556,98.72561176331926,27.040256349478202,20.993654324240794,1,14,rest
2026-01-05 07:00:21.500,athlete_01,session_001,0.014750867534411597,-0.035395515344853704,1.0085822961222521,2.063530081281339,2.7262084646610005,8.377951064047618,94.05541382211084,98.56043329109298,26.982381580596346,20.993654324240794,1,14,rest
2026-01-05 07:00:21.550,athlete_01,session_001,0.03468282767389283,-0.020747891919387643,0.9987779832904444,1.968203505019708,1.1913167595799272,0.14073630560773764,94.06827110012155,98.13370876919385,26.81557942066235,20.993654324240794,1,14,rest
2026-01-05 07:00:21.600,athlete_01,session_001,0.005945437369878711,0.01436231810967832,0.9969882243527696,2.1725998442225043,-1.0332775165902628,-3.196117322222096,94.25603790833814,98.56298185518399,27.024495373634796,20.993654324240794,1,14,rest
2026-01-05 07:00:21.650,athlete_01,session_001,-0.026961183065127507,-0.0039394572618462334,1.0092975538340432,-2.2611887360113725,-1.445800517349512,0.3793509374179037,94.29748827471342,98.1570176214727,26.944550510310034,20.993654324240794,1,14,rest
2026-01-05 07:00:21.700,athlete_01,session_001,-0.0306406007348623,0.015626635077797643,1.0178612772883333,-0.317781847930173,-0.6386781074207256,-3.1260395690736393,94.40033028856296,98.68493528036556,27.02775284497939,20.993654324240794,1,14,rest
2026-01-05 07:00:21.750,athlete_01,session_001,0.027202274241973762,0.03211277298644445,0.9985668614987175,-3.098592204182279,1.805147939078602,-1.9384600792372917,94.23896223973551,98.70723161938992,26.84754223763258,20.993654324240794,1,14,rest
2026-01-05 07:00:21.800,athlete_01,session_001,-0.005116342715390094,0.028587957439909203,1.0097604791041612,1.7579415281073707,1.657899872798271,2.7848348194391757,94.42476281683602,98.7224849740811,27.018812641214023,20.993654324240794,1,14,rest
2026-01-05 07:00:21.850,athlete_01,session_001,0.009277561552553982,0.01660963271054139,1.0192798386033763,-1.625484947418591,-1.1248831661572407,-0.35073658840815103,94.5522686794652,98.17379475971416,27.047510624214986,20.993654324240794,1,14,rest
2026-01-05 07:00:21.900,athlete_01,session_001,-0.0037622023345450207,-0.0018681052491327944,1.019593676567564,-2.348928818275393,-1.6478259045740533,-0.1478808498925611,94.54952810492875,98.3389265250042,27.11620814165392,20.993654324240794,1,14,rest
2026-01-05 07:00:21.950,athlete_01,session_001,0.006534569462126775,0.019370469632240837,1.0184014950854476,2.9881536171708407,0.34345469176465615,2.070036164897363,94.63161450036127,98.17013138493247,27.02279232501026,20.993654324240794,1,14,rest
2026-01-05 07:00:22.000,athlete_01,session_001,-0.019999869657262467,-0.017159326214553728,1.0115237352704072,-2.6092933517405914,-2.154041404883504,4.042081760311385,94.8191424482926,98.22619869092462,26.89937833388319,20.993654324240794,1,14,rest
2026-01-05 07:00:22.050,athlete_01,session_001,0.0060514218179295795,-0.001725225655057139,1.0282393649406398,-1.3797698105064515,-1.2749777994479663,0.1445436556523874,94.82767882766008,98.77398301573061,27.00766572857165,20.993654324240794,1,14,rest
2026-01-05 07:00:22.100,athlete_01,session_001,-0.04969359033312487,-0.011456938525512259,0.9774850786831865,-0.6886531489273362,2.1585509312578104,-3.2609507460186213,94.7336782721893,98.42714652803576,26.849251063299704,20.993654324240794,1,14,rest
2026-01-05 07:00:22.150,athlete_01,session_001,-0.009912460158214474,-0.016314342409235117,1.0261828486157873,-1.109172941654834,-2.223139428185968,-0.9335340303814371,94.83541989448034,98.35846755546787,26.853145525494266,20.993654324240794,1,14,rest
2026-01-05 07:00:22.200,athlete_01,session_001,-0.03216805795958756,-0.02233919756208996,0.9948254215387572,1.3418672531280393,-0.8891765890157385,-0.1476301771062144,94.83119279594193,98.36865200607527,27.025213231463,20.993654324240794,1,14,rest
2026-01-05 07:00:22.250,athlete_01,session_001,-0.005262911339178831,0.0004721272946288012,0.9631625018512212,0.2589657424909368,-1.2457753669380933,-1.2930323981845624,94.90431751185362,98.2504447896583,27.050476609925376,20.993654324240794,1,14,rest
2026-01-05 07:00:22.300,athlete_01,session_001,-0.003930679859935915,-0.0395237673878755,0.9947289918876399,-2.875397417881329,0.42341257656509756,0.5188270290265934,94.89435779165791,98.30268007936506,27.023237444943266,20.993654324240794,1,14,rest
2026-01-05 07:00:22.350,athlete_01,session_001,-0.00941775655742639,-0.04828425973390854,0.9980042508788498,0.47540945911496485,-0.9446633759595169,-2.8194922274488023,94.7630885614098,98.49651910933179,27.10163880239746,20.993654324240794,1,14,rest
2026-01-05 07:00:22.400,athlete_01,session_001,-0.0037943818009985872,0.010264382213733306,0.9659335077341321,-1.6587708593876314,-4.207810019835459,3.1109744747098462,94.73958981923845,98.34672406754156,27.07051109241447,20.993654324240794,1,14,rest
2026-01-05 07:00:22.450,athlete_01,session_001,-0.042822148590185745,-0.00223000770446963,0.9913728521443339,-2.2766171216031674,-3.6116113328465467,-0.08902838681814437,94.8182484594541,98.33260536073145,27.05177916605492,20.993654324240794,1,14,rest
2026-01-05 07:00:22.500,athlete_01,session_001,-0.02951861663473501,0.005608396211104984,0.948243809383741,-0.14326005967155064,-0.6413973887514339,-5.110357902237416,94.73110739853385,98.36792777248564,26.874004099285848,20.993654324240794,1,14,rest
2026-01-05 07:00:22.550,athlete_01,session_001,-0.012610642903745485,-0.013911069505738043,1.0225551146699814,-0.5174345976977963,-1.9120091875295866,-1.3835963021670354,94.92164198056638,98.42005493574386,26.949359204904628,20.993654324240794,1,14,rest
2026-01-05 07:00:22.600,athlete_01,session_001,-0.0010270016094891192,-0.0025353869021505415,0.9843680677930292,-1.1561286094206187,-2.8175977105927674,0.20265016769522498,94.74174783730649,98.37073768677925,27.01901140323134,20.993654324240794,1,14,rest
2026-01-05 07:00:22.650,athlete_01,session_001,-0.004025434149712519,-0.02244041707901207,0.9887991031943331,-3.1137377415728573,-4.557583410034506,-0.5612332528152777,94.67703826573637,98.31148203570518,26.889388402136184,20.993654324240794,1,14,rest
2026-01-05 07:00:22.700,athlete_01,session_001,-0.04423562433753256,-0.02352369735168222,1.0068598637314943,-1.404213646966955,-1.5683391538985292,1.997478926023981,94.72849454555833,98.3236937726209,26.9073151309189,20.993654324240794,1,14,rest
2026-01-05 07:00:22.750,athlete_01,session_001,0.016027163988698783,-0.03603391104788811,0.9882036948355489,-3.950512926572024,-3.0253947531751915,-4.119976182491763,94.77128572664859,98.48392990369788,26.882534123123186,20.993654324240794,1,14,rest
2026-01-05 07:00:22.800,athlete_01,session_001,-0.012944967292149666,0.022014232024352064,0.963352295618631,-0.266490190843694,-0.9047400315851729,-5.425354580615799,94.87442812822584,98.3394768202243,26.950852674541345,20.993654324240794,1,14,rest
2026-01-05 07:00:22.850,athlete_01,session_001,0.02149612829703133,-0.033730604569378965,0.949973076240814,-2.340431829519725,-1.7018201226460814,0.13589005988055947,94.91219598302867,98.36346986615968,27.018836829438648,20.993654324240794,1,14,rest
2026-01-05 07:00:22.900,athlete_01,session_001,0.002132890369533229,0.016711007109260365,0.9994611884291082,-2.0353640431901954,-4.10880081741603,-2.937797387948703,95.0954778308611,98.27912345378529,27.10025964387696,20.993654324240794,1,14,rest
2026-01-05 07:00:22.950,athlete_01,session_001,0.011345287254618261,-0.03960771027718858,1.0017042886499998,-0.6118411124199921,-4.860861696096902,-2.8715750813048255,95.06525206279741,98.38482528942254,27.008102855124513,20.993654324240794,1,14,rest
2026-01-05 07:00:23.000,athlete_01,session_001,-0.0017214864537621914,-0.03385310262416755,0.977600811675783,-2.382554987876178,-3.589894186312433,-0.0945318684398138,95.14194375165731,98.49647651610242,26.976564752447416,20.993654324240794,1,14,rest
2026-01-05 07:00:23.050,athlete_01,session_001,-0.02216502188837481,0.008465678937318248,0.9470148143924011,-1.1653011602489876,-1.8975675213466632,-4.423088929128146,95.08924533056883,98.07260545785451,26.921165258360503,20.993654324240794,1,14,rest
2026-01-05 07:00:23.100,athlete_01,session_001,-0.018520003449121872,-0.004736904238240686,0.9914967306520831,-3.5070973230086397,-1.3233872256676529,-5.348292845496382,95.21833016067946,98.43599871852183,27.109926412422016,20.993654324240794,1,14,rest
2026-01-05 07:00:23.150,athlete_01,session_001,0.0039570276664555514,-0.00843667820726739,0.9845514607030041,-1.6748479763484103,-6.387710686113204,-4.951093662478656,95.20783558229364,98.51629788344097,27.02512338591011,20.993654324240794,1,14,rest
2026-01-05 07:00:23.200,athlete_01,session_001,-0.02122078821094098,-0.03567770129312528,0.9964248085596206,-0.5066352093765419,-0.16495892486157707,-0.6879154089330277,95.18468102994511,98.40558019038026,27.062756632217194,20.993654324240794,1,14,rest
2026-01-05 07:00:23.250,athlete_01,session_001,-0.052742675797219314,0.002104293532915503,0.9689815712829553,-5.85187909047992,-2.31382501805061,-2.7621644798073137,95.18864656554689,98.28875871160355,26.92137514444164,20.993654324240794,1,14,rest
2026-01-05 07:00:23.300,athlete_01,session_001,-0.014766382183066303,-0.03485847153522676,0.943696298131007,-3.263110259584492,-3.4745545269000417,-4.198616252060201,95.09889469359761,98.57402207670306,26.90444692354511,20.993654324240794,1,14,rest
2026-01-05 07:00:23.350,athlete_01,session_001,-0.010204030670818674,-0.011710720397586603,0.9731341220620064,-2.2755151792877246,-6.635799861508961,-7.371760955623314,95.060237038656,98.57717360597086,27.024815673302967,20.993654324240794,1,14,rest
2026-01-05 07:00:23.400,athlete_01,session_001,-0.006297987472632188,-0.03249472877794272,0.9983184399988232,-2.8458855396446747,-4.904530307444615,-0.9687617215088357,94.89570310152409,98.23791449420244,27.013548039612616,20.993654324240794,1,14,rest
2026-01-05 07:00:23.450,athlete_01,session_001,-0.001575733528606804,0.012912707266985835,1.0032413601281527,-1.6911958218173482,-0.7533481369086859,-5.120312808154239,94.85862300680353,98.48360627374575,27.102547566064285,20.993654324240794,1,14,rest
2026-01-05 07:00:23.500,athlete_01,session_001,0.024451668411084447,-0.010325678253916549,0.976316252488849,-0.442182733385308,-2.8707163360191843,-1.1393970194051997,94.8417483000675,98.44227111489487,26.95163569157738,20.993654324240794,1,14,rest
2026-01-05 07:00:23.550,athlete_01,session_001,-0.04649770489261312,0.008523764230247323,0.9719872984543558,-2.5089782726651655,-2.834745781308482,-3.690737411613061,94.89365657990363,98.03036015258719,26.98503677675881,20.993654324240794,1,14,rest
2026-01-05 07:00:23.600,athlete_01,session_001,0.01924473881956256,-0.021703677614250273,0.9478641555765774,-1.8542965777043436,-3.6850252719292405,-2.0633304536260457,94.83448746984038,98.46121929736768,26.962673628204616,20.993654324240794,1,14,rest
2026-01-05 07:00:23.650,athlete_01,session_001,-0.002227226336739293,-0.03300052070478765,1.0053887256239138,-1.992125160567892,-3.9948430254193226,-4.438431981097685,94.68450355395561,98.14693112427348,27.08783136958691,20.993654324240794,1,14,rest
2026-01-05 07:00:23.700,athlete_01,session_001,-0.017152853368107106,-0.046230033510812424,0.9736306198804817,-0.9111186638045052,-3.692695199467116,-2.019637762308342,94.6567416736438,98.40552070515315,26.93982341241029,20.993654324240794,1,14,rest
2026-01-05 07:00:23.750,athlete_01,session_001,-0.04448204718264778,-0.013687453144791941,0.9684570901894063,-1.410469909679404,-1.366912622078708,-7.718205220488213,94.56928695291731,98.13226964236168,27.066728927783533,20.993654324240794,1,14,rest
2026-01-05 07:00:23.800,athlete_01,session_001,-0.015865970212701277,0.005176231592629263,0.9649547785770275,-0.006579004346726602,-1.42565360781586,-4.671042131225286,94.44628457031001,98.49434543462877,27.000158979137147,20.993654324240794,1,14,rest
2026-01-05 07:00:23.850,athlete_01,session_001,-0.005360287820465424,-0.008028905876452124,0.9744202027637201,-0.8140934231446155,-1.8389369710609424,-1.6439289646836128,94.58643836331801,98.82721653936902,27.04893434913253,20.993654324240794,1,14,rest
2026-01-05 07:00:23.900,athlete_01,session_001,-0.01847452342100339,-0.03302282099261648,0.9900332126502742,-4.084271488017825,-3.4918872435134274,0.5860523850303266,94.52412725210793,98.28586298608228,27.112758851985475,20.993654324240794,1,14,rest
2026-01-05 07:00:23.950,athlete_01,session_001,-0.02716562140361811,-0.027697420814519237,0.9746816761310997,-2.448145918907576,-2.260745723994584,-1.7931159332547486,94.7730085352899,98.22885508158475,27.04523377757578,20.993654324240794,1,14,rest
2026-01-05 07:00:24.000,athlete_01,session_001,-0.02586231651747567,-0.3997656816111027,1.3337859669418255,14.11241015223621,-141.56139001268568,80.13451779886218,94.84649473606122,98.46083875433001,27.139024991747625,21.042288129028368,1,14,backstroke
2026-01-05 07:00:24.050,athlete_01,session_001,0.1312010220647657,-0.2919213837399938,1.375129044400325,21.37287109068586,-112.28530084559769,97.40421253201923,95.11214838458355,98.52405074685811,27.044910824619755,21.09116788800177,1,14,backstroke
2026-01-05 07:00:24.100,athlete_01,session_001,0.1623941658894516,-0.2499107774602487,1.3647887767387068,37.728478315454296,-66.85964701402152,105.74767183557104,95.19324347218135,98.20731679509242,26.851643833443507,21.140444406765276,1,14,backstroke
2026-01-05 07:00:24.150,athlete_01,session_001,0.18681977952383136,-0.04210624370192487,1.330894759344325,73.9318253175011,-19.307592432770644,106.96174818207773,95.2309583981463,98.44915430697345,26.945207213167173,21.190246346498586,1,14,backstroke
2026-01-05 07:00:24.200,athlete_01,session_001,0.2633137891215809,-0.037153247789291945,1.2597854696060728,71.7124835094193,13.779147905287505,103.46270187769657,95.34757622120696,98.37899456675414,27.08972625864874,21.2406731903777,1,14,backstroke
2026-01-05 07:00:24.250,athlete_01,session_001,0.2667975872128706,0.08146927116535019,1.2715204174202803,85.70020907586556,45.03505591888165,101.75930125533728,95.24765772095678,98.54271407792102,26.860557609489202,21.291789808442747,1,14,backstroke
2026-01-05 07:00:24.300,athlete_01,session_001,0.34318851431651937,0.20927059920692723,1.1998981252571186,99.5313930370194,74.05518337921951,76.80532124800975,95.2417565408454,98.5119371235169,26.938983273634957,21.34362291785328,1,14,backstroke
2026-01-05 07:00:24.350,athlete_01,session_001,0.3335244754151121,0.37303044724349343,1.2083588760759878,94.32236633394083,93.72394108976557,64.63446070401154,95.32720585175015,98.29921396994993,27.088439696109855,21.396159631681627,1,14,backstroke
2026-01-05 07:00:24.400,athlete_01,session_001,0.33554786088121785,0.31383798718804073,0.9634158549140486,95.58358628161591,110.76275994385301,33.40157098420892,95.17466706400462,98.41716937291544,27.16580850274621,21.449348175065726,1,14,backstroke
2026-01-05 07:00:24.450,athlete_01,session_001,0.27632589976477934,0.3916429775760423,0.98425296015792,88.70729745557591,118.61674514717272,13.344420833138747,95.36444105455375,98.50970437292321,26.87460418906361,21.503100728932665,1,14,backstroke
2026-01-05 07:00:24.500,athlete_01,session_001,0.2106796730509698,0.37448123877463546,0.9437883436140563,56.1872501720058,113.07884543508493,-24.118903910472813,95.48041839426428,98.37201739735944,27.03618637635818,21.55729824510405,1,14,backstroke
2026-01-05 07:00:24.550,athlete_01,session_001,0.03891417857761354,0.36446186230864513,0.8501990528872243,46.77137185148405,109.52474265754648,-63.677881029500725,95.66422518097082,98.53841278792423,27.099213839684,21.61179696877286,1,14,backstroke
2026-01-05 07:00:24.600,athlete_01,session_001,0.0010432738333183873,0.4003579403801186,0.7771381071056831,0.7214560300649815,121.66531991255621,-91.50819465551032,95.67058878195527,98.46562072682212,26.981709222408746,21.66643631099518,1,14,backstroke
2026-01-05 07:00:24.650,athlete_01,session_001,-0.16148374044260708,0.42922197089892106,0.7193537986891324,-36.91821112671263,111.2029610059855,-93.4271255801414,95.71258409125556,98.43686350308855,26.978836380000967,21.721047640073248,1,14,backstroke
2026-01-05 07:00:24.700,athlete_01,session_001,-0.12614576322539467,0.26409224230969447,0.5897253768851465,-45.658529776170795,98.14938817763003,-116.512610494826,95.85153411892534,98.3014931820333,26.95726843548348,21.775463510548814,1,14,backstroke
2026-01-05 07:00:24.750,athlete_01,session_001,-0.2190806893400095,0.28031721381794145,0.7247918844351326,-63.43073088263652,88.6184036903279,-121.10853506297217,96.07844897178953,98.2531819278228,27.03021889410404,21.829526824716044,1,14,backstroke
2026-01-05 07:00:24.800,athlete_01,session_001,-0.2544336468872193,0.22481806956847564,0.7069520303573483,-86.41921962927356,69.543676985565,-125.87810037894369,96.20739640551825,98.04257286685028,27.00395441332491,21.88309942539629,1,14,backstroke
2026-01-05 07:00:24.850,athlete_01,session_001,-0.2990293069189282,0.10846885295281822,0.7577685230178138,-93.14771587081832,38.36960075391796,-113.47075352898234,96.29375491198152,98.0471399499485,26.963834336715635,21.936069649975774,1,14,backstroke
2026-01-05 07:00:24.900,athlete_01,session_001,-0.2892086871169762,0.009557593816585955,0.7498908874687914,-90.72669468451498,7.737161801935822,-106.59282192413698,96.49769683871199,98.15501859041701,26.92776364708547,21.988358432673397,1,14,backstroke
2026-01-05 07:00:24.950,athlete_01,session_001,-0.3854606463155257,-0.11527451714575426,0.7758823898208091,-90.06292623605574,-15.353619942833474,-64.75553117923657,96.61537811964966,98.41113628329792,27.089787017467117,22.039923621555435,1,14,backstroke
2026-01-05 07:00:25.000,athlete_01,session_001,-0.2552517323121684,-0.204053876453395,0.9093954649357816,-72.17704598517474,-61.11705927984083,-44.70231618291764,96.43382767817127,98.26200023628597,26.914852579078694,22.090762274588116,1,14,backstroke
2026-01-05 07:00:25.050,athlete_01,session_001,-0.15668107436714035,-0.3117615946344973,0.8990795200794378,-65.0661520572304,-90.50373647556353,-11.331973403808409,96.48935925229966,98.33832953098826,26.99788604150622,22.14091080966273,1,14,backstroke
2026-01-05 07:00:25.100,athlete_01,session_001,-0.17698626236877074,-0.3301727800369167,0.9433664125581841,-39.82597690364438,-122.66982735164555,14.340685582609758,96.52440636624574,98.43165814733322,26.970280814094505,22.19044300098386,1,14,backstroke
2026-01-05 07:00:25.150,athlete_01,session_001,-0.16779226802662622,-0.46515111469609527,0.9658280157563907,-31.042591406188585,-149.10424546540327,28.51577902591042,96.60791486961043,97.96925100538344,27.059976134305142,22.23946593205077,1,14,backstroke
2026-01-05 07:00:25.200,athlete_01,session_001,-0.03791361823869442,-0.461385296592886,1.0844415559041405,-26.2431746381704,-163.1960705071481,50.10760541853596,96.68730330106713,98.35692239916989,27.08704404699455,22.28811412723722,1,14,backstroke
2026-01-05 07:00:25.250,athlete_01,session_001,-0.030484850974672958,-0.4237409767178236,1.1761306546339514,-13.63197200138291,-164.57123105072486,71.43084813013799,96.67490754662276,98.74755670222113,27.00606629586768,22.336542183571844,1,14,backstroke
2026-01-05 07:00:25.300,athlete_01,session_001,0.02648051216512493,-0.4965672073936088,1.1528205648119736,8.371328078712114,-154.75110125974547,75.81124119004069,96.70205973258224,98.3742748711016,27.04164731207277,22.384916306293686,1,14,backstroke
2026-01-05 07:00:25.350,athlete_01,session_001,0.15595319767113452,-0.43346303468909775,1.1819052710921745,19.170216570473375,-139.22551642029043,95.73199029420881,96.6154336690786,98.2459043543888,26.95669355064534,22.433405211625125,1,15,backstroke
2026-01-05 07:00:25.400,athlete_01,session_001,0.1457138718665932,-0.30528989661739514,1.2715034587622425,21.932149150474736,-103.0065871120779,86.37981842218659,96.6962191545517,98.30742298576787,27.142649410210954,22.482170894698037,1,15,backstroke
2026-01-05 07:00:25.450,athlete_01,session_001,0.15271397331479286,-0.2284375934148215,1.3756429226261415,47.39797552077278,-61.23778251004146,108.05486322261604,96.70593598496312,98.18149479145598,26.946402166850742,22.531359767807995,1,15,backstroke
2026-01-05 07:00:25.500,athlete_01,session_001,0.19670051942423356,-0.047261278138540135,1.3050502030621112,64.8631136968685,-16.36870519909175,104.03836649001289,96.70293366079929,98.4420534958646,27.18681429954352,22.581094653767387,1,15,backstroke
2026-01-05 07:00:25.550,athlete_01,session_001,0.32942377536050915,0.05687029184254133,1.3208977497963277,78.15265162466872,21.218066201525115,103.52614027250286,96.84285032901307,98.76552696432718,26.884059782607313,22.631468072205738,1,15,backstroke
2026-01-05 07:00:25.600,athlete_01,session_001,0.23696541894733797,0.14057030396589,1.213188873360508,93.35285936724947,34.506016625776454,86.68877903922737,96.90412568219412,98.75089078125801,26.968492751715036,22.682537185798758,1,15,backstroke
2026-01-05 07:00:25.650,athlete_01,session_001,0.3009384638153072,0.271156356685745,1.228126563336087,91.70035216050242,81.90760148989114,72.72262459163218,96.98658329827568,98.0599692350294,27.01784421342098,22.734320682481236,1,15,backstroke
2026-01-05 07:00:25.700,athlete_01,session_001,0.2856984016560797,0.2776013430868821,1.1815455060855176,83.91613425461516,97.85227371129994,52.71115884930188,96.98063983514966,98.30640277865969,26.983305110893912,22.786797763693386,1,15,backstroke
2026-01-05 07:00:25.750,athlete_01,session_001,0.33095569997849245,0.3494427174266819,0.9999011316037038,91.73611015730195,106.22879759440102,29.907633681959176,96.94172047577486,98.5308237502873,26.796137273585312,22.839909293429997,1,15,backstroke
2026-01-05 07:00:25.800,athlete_01,session_001,0.22528691041792287,0.43280932093952396,0.9556663514808198,65.26028802507484,119.0853828085406,-5.823314072992576,96.95964915967377,98.30132522591207,27.09709081672335,22.893561044617105,1,15,backstroke
2026-01-05 07:00:25.850,athlete_01,session_001,0.17310097121506732,0.5054879741786543,0.8741780987155195,47.367862415677976,130.4079596610998,-42.155718298563045,96.99384652644252,98.7609819985613,26.964345113395822,22.94762886460226,1,15,backstroke
2026-01-05 07:00:25.900,athlete_01,session_001,-0.001842879126043681,0.37951577218129434,0.8316420898312686,25.97918982320719,123.18507100292788,-49.811501895844614,97.0097578075847,98.21472442262915,27.102395006583816,23.00196547658926,1,15,backstroke
2026-01-05 07:00:25.950,athlete_01,session_001,-0.02850273776555818,0.36987027267552425,0.7076520794795523,-10.335139594380383,115.36704699216078,-85.83658947439821,97.03821196440074,98.53281076943563,26.960714593841487,23.056408544415813,1,15,backstroke
2026-01-05 07:00:26.000,athlete_01,session_001,-0.09317838086241097,0.4267064568206177,0.5945438053727293,-29.870573907153446,105.98690014040496,-116.57632059436084,97.09773479471208,98.34027448428606,27.038280825146845,23.110789559052606,1,15,backstroke
2026-01-05 07:00:26.050,athlete_01,session_001,-0.17108461362345725,0.3175658791816163,0.6263773236452659,-57.989854429853665,98.17860896777329,-125.37641873667695,97.21846342146247,98.25596916508587,27.08251359784942,23.16494306036495,1,15,backstroke
2026-01-05 07:00:26.100,athlete_01,session_001,-0.23148803428632195,0.1931705649370254,0.7259497053744589,-73.75270090070748,82.44276889526886,-127.17374133147044,97.12313862302173,98.02739873787212,26.932357497089352,23.21871568947037,1,15,backstroke
2026-01-05 07:00:26.150,athlete_01,session_001,-0.24865513447491605,0.20610804490855986,0.733744008619932,-87.15594766569602,58.516812153565795,-118.33608027684922,97.04627178646379,98.42172368127802,27.079411655202954,23.271974576435788,1,15,backstroke
2026-01-05 07:00:26.200,athlete_01,session_001,-0.2878468826952605,0.10126515270413439,0.6638651728943387,-93.15581366312722,29.30256954805317,-114.36790080797722,96.77014055335677,98.55090142413759,27.018524006641137,23.324614604564022,1,15,backstroke
2026-01-05 07:00:26.250,athlete_01,session_001,-0.24334868386764424,0.011404478367259618,0.6979008816756768,-80.97550221482764,2.3053025212880884,-93.44690722337401,96.79788297418293,98.51536734093636,26.98394571401137,23.37656415411561,1,15,backstroke
2026-01-05 07:00:26.300,athlete_01,session_001,-0.3145389609417473,-0.05750984486831102,0.7514624159232933,-75.95807066443977,-25.338247075296028,-60.30304817145294,96.69430749592874,98.53681761679813,27.1533068324334,23.427789011621797,1,15,backstroke
2026-01-05 07:00:26.350,athlete_01,session_001,-0.270218189741801,-0.2270623841208925,0.8505367963318523,-69.76436944856619,-75.60688674346724,-22.093551111439893,96.52313679831501,98.4289615707316,27.14890861307786,23.47829423140296,1,15,backstroke
2026-01-05 07:00:26.400,athlete_01,session_001,-0.24866461360166636,-0.3278773096726991,0.952529832214518,-62.40400183254543,-103.6833757420341,-9.39231790930349,96.53056925355946,98.4428456193696,27.177874343980474,23.52812384801258,1,15,backstroke
2026-01-05 07:00:26.450,athlete_01,session_001,-0.11549694628382318,-0.41836025626886447,1.0553103191378035,-53.914633914655205,-115.43014089943958,10.172698323161146,96.46049759726482,98.625105424696,27.012805458455684,23.577358455942967,1,15,backstroke
2026-01-05 07:00:26.500,athlete_01,session_001,-0.08136532198189392,-0.39125699806614733,1.1715823275479327,-48.93665811701966,-148.24361428132016,23.022177189921134,96.58905228496408,98.0464948272207,26.885703612905296,23.626110789618046,1,15,backstroke
2026-01-05 07:00:26.550,athlete_01,session_001,-0.14830705124634508,-0.4631455730834524,1.129759251728423,-26.04455248697894,-152.75400600480683,54.77072097928234,96.7475333576097,98.59130801736639,26.869839605529815,23.674519546076503,1,15,backstroke
2026-01-05 07:00:26.600,athlete_01,session_001,-0.09287846040825626,-0.5932306922763382,1.2916903468178624,-12.196405820136981,-157.50948348491087,59.9937969417797,96.84677923472424,98.4035533152323,27.024266916221393,23.72274178883269,1,15,backstroke
2026-01-05 07:00:26.650,athlete_01,session_001,0.060992978850433435,-0.39775601484789724,1.3018650487992922,4.639417446791477,-144.91745018417416,87.13868293893479,96.84294578139271,98.15837351337964,26.952606974872374,23.770944348939203,1,15,backstroke
2026-01-05 07:00:26.700,athlete_01,session_001,0.12381440248693118,-0.35631457642147246,1.2670672575412374,22.521371603498608,-122.90589005621672,90.57923705717938,96.74460846610616,98.44809171369491,27.033034749804337,23.819294694026986,1,16,backstroke
2026-01-05 07:00:26.750,athlete_01,session_001,0.15978022287306837,-0.4125596647380362,1.2308119113013112,32.665455479739535,-97.71301459926146,95.16688557068156,96.69927828842975,98.06103597503814,26.968565281999684,23.867951765076608,1,16,backstroke
2026-01-05 07:00:26.800,athlete_01,session_001,0.1262679979850147,-0.10622741241966313,1.317379556315387,49.6614002204534,-55.51831679583703,112.91769621789274,96.65059716772521,98.52331233962772,26.874034933109414,23.917057282299766,1,16,backstroke
2026-01-05 07:00:26.850,athlete_01,session_001,0.21814078865392839,0.01696584734418191,1.4070393309098503,61.67761365151188,-8.699648040616387,104.3234266980135,96.66261342225194,98.35864663219898,27.00739733199889,23.966727995701742,1,16,backstroke
2026-01-05 07:00:26.900,athlete_01,session_001,0.2566627071368738,0.05005204064648021,1.2920072207067006,78.25094002611871,22.386301085566604,96.88998110603146,96.6859864393981,98.23545310243777,27.107430696463013,24.0170493040735,1,16,backstroke
2026-01-05 07:00:26.950,athlete_01,session_001,0.3021436380783842,0.17684586720603593,1.3600460201183804,92.26449706425696,52.64547800780008,90.98027469539831,96.92041279961278,98.69728948545051,26.974440313584065,24.068070591168826,1,16,backstroke
2026-01-05 07:00:27.000,athlete_01,session_001,0.31513834035471494,0.2173125674645827,1.1488968075075556,89.06242197211427,81.02731356486788,89.16775199597294,97.06657860638782,98.04008686062933,26.952269625033,24.119802533767487,1,16,backstroke
2026-01-05 07:00:27.050,athlete_01,session_001,0.23804022045707177,0.28263960368569835,1.2381582884473825,91.95552652887986,109.52285314966322,54.72013042085971,97.32161236780017,98.6728632766069,26.896602291208623,24.17221652836124,1,16,backstroke
2026-01-05 07:00:27.100,athlete_01,session_001,0.2464053495220319,0.40681718514902104,1.0287062976536936,83.3564384401506,107.1267251694923,25.52572073831568,97.41505573313637,98.56205454480667,27.015773419312772,24.225246267236795,1,16,backstroke
2026-01-05 07:00:27.150,athlete_01,session_001,0.19700459013079938,0.3657588081194563,0.9160634945709948,61.52375843681402,131.8395692148851,-18.388833266614895,97.40106990631335,98.17355626115258,27.03404290159998,24.278791377116082,1,16,backstroke
2026-01-05 07:00:27.200,athlete_01,session_001,0.054273349804218204,0.3781133805056367,0.850140978312541,38.487825434005366,121.88009064646943,-27.528894497837953,97.41473643303179,98.34489613604278,26.993668753364275,24.33272292068469,1,16,backstroke
2026-01-05 07:00:27.250,athlete_01,session_001,0.14027658183961805,0.41781433554432923,0.7645815969200163,26.184149900990832,120.48125645098828,-77.56037737284561,97.49278927787503,98.17286533211941,27.037274366576792,24.386890459466695,1,16,backstroke
2026-01-05 07:00:27.300,athlete_01,session_001,0.05181925926229572,0.3161555037875329,0.6436542007431153,-4.111863115451337,113.86082146355994,-93.8728869101572,97.61660042716005,98.18841105004296,27.099085215122294,24.441130291159023,1,16,backstroke
2026-01-05 07:00:27.350,athlete_01,session_001,-0.14650204395037947,0.32895763179088194,0.6322020995930402,-36.26692674091839,109.27307024087156,-115.1904893093881,97.82014300431017,98.83313905845807,27.04629691114072,24.495274410386166,1,16,backstroke
2026-01-05 07:00:27.400,athlete_01,session_001,-0.20727388721860807,0.3398443348863444,0.5260393690550236,-56.73593778987964,97.12045008559625,-124.49108764358108,97.85376281799884,98.23309069106082,26.784019063412984,24.54915970238045,1,16,backstroke
2026-01-05 07:00:27.450,athlete_01,session_001,-0.26497648096474297,0.16296532462485,0.7168439858909501,-68.82384686165409,82.77609141557187,-126.06124316286187,97.91066086653173,98.41654132994816,27.09953191691687,24.602636866486385,1,16,backstroke
2026-01-05 07:00:27.500,athlete_01,session_001,-0.31628474162313946,0.16262918720992103,0.7009396515400365,-88.84745374999673,56.93703590970191,-128.539912539688,98.02794768877288,98.56311331058498,27.014045305843315,24.65557858131183,1,16,backstroke
2026-01-05 07:00:27.550,athlete_01,session_001,-0.276743387518937,0.06176193079423786,0.6733107562519506,-87.1924545298327,26.319122976925545,-105.6379947068674,98.26263491999997,98.33568868874393,26.889333370880045,24.70788646497954,1,16,backstroke
2026-01-05 07:00:27.600,athlete_01,session_001,-0.35128016141073715,-0.05326599681986662,0.7142958427704152,-80.21245846273571,-2.611184661737119,-90.69468065209209,98.32364532718334,98.26920277248993,27.045216095845138,24.75949644998498,1,16,backstroke
2026-01-05 07:00:27.650,athlete_01,session_001,-0.24462412613974677,-0.1793823931906627,0.8957214789203725,-82.68372674673726,-39.65557443245894,-68.33673812144198,98.48284054942278,98.4221671370629,26.934018605375385,24.810382279018654,1,16,backstroke
2026-01-05 07:00:27.700,athlete_01,session_001,-0.22996969041843524,-0.27046811865953463,0.8313416634294796,-67.14544951239421,-78.3583856064802,-36.16680435942105,98.48358670911023,98.39121783119509,26.91159860782829,24.86055693100621,1,16,backstroke
2026-01-05 07:00:27.750,athlete_01,session_001,-0.2211063403334973,-0.35560923962114965,1.008881150095719,-67.62378685865707,-102.24199687860602,-2.484723250595036,98.63799405341871,98.21521847861112,27.0269396110815,24.910071899922283,1,16,backstroke
2026-01-05 07:00:27.800,athlete_01,session_001,-0.08848599696263446,-0.44058070922397075,1.1001807315026084,-44.43306318283439,-131.31208632936165,16.35883801507068,98.80277397092684,98.4115515472756,27.075819849061656,24.959014366442116,1,16,backstroke
2026-01-05 07:00:27.850,athlete_01,session_001,-0.09060700949707934,-0.46994798872135146,1.133149330459013,-33.32299655328756,-164.65883093508805,30.62618757473301,98.97894696944894,98.20435552744742,27.112179475203067,25.00750241777834,2,16,backstroke
2026-01-05 07:00:27.900,athlete_01,session_001,-0.0943004597443135,-0.5013229752561243,1.1539220944219608,-9.922294024590338,-170.79843436220793,60.65116015760564,99.23159594412378,98.3256933858837,26.987795109444164,25.055678577800652,2,16,backstroke
2026-01-05 07:00:27.950,athlete_01,session_001,-0.033140656595328465,-0.5208524109680781,1.2442574366666461,-6.485305547267858,-155.9085644541939,81.44589558174297,99.3483755252648,98.43035504651914,27.024637430828736,25.10370200191627,2,16,backstroke
2026-01-05 07:00:28.000,athlete_01,session_001,0.0840051569391386,-0.4181665342386726,1.2451788758199622,3.2179347306920634,-143.72563281046936,74.00709323790514,99.53894606199127,98.58847201177868,26.969955983993906,25.151739764147287,2,16,backstroke
2026-01-05 07:00:28.050,athlete_01,session_001,0.05422159114053612,-0.3504101349487979,1.3498384120397096,23.383225557969727,-114.16666166968413,84.25479615638949,99.5757285216611,98.29238333125896,26.91902789780604,25.199957713391576,2,17,backstroke
2026-01-05 07:00:28.100,athlete_01,session_001,0.09981557268815422,-0.3315119159397821,1.277612335206607,37.473744301447155,-92.43923747256166,112.84320675685521,99.5848334183515,98.16019643254752,26.790627101602517,25.248511399292017,2,17,backstroke
2026-01-05 07:00:28.150,athlete_01,session_001,0.24019803705278012,-0.11405297004774709,1.4267302790516223,47.29359960424968,-62.02079606539843,101.1841161458507,99.70852779556158,98.37630146834692,27.077665437530253,25.29753756418902,2,17,backstroke
2026-01-05 07:00:28.200,athlete_01,session_001,0.2866794443269712,-0.05530298252282284,1.3638068448088687,68.29415117572947,-18.98412828431844,110.73501031132419,99.81321346976968,98.46984255690869,27.02514750691118,25.347146666518206,2,17,backstroke
2026-01-05 07:00:28.250,athlete_01,session_001,0.26003581930579334,0.08969329600466594,1.2882975853503298,92.27669660323603,29.72642886308375,94.65822625729986,100.11463574617693,98.56495178354983,27.04458039254166,25.397416844447825,2,17,backstroke
2026-01-05 07:00:28.300,athlete_01,session_001,0.4042201316439388,0.1316244633027407,1.3196263808952606,93.29433359330945,52.80687632913875,90.3896218009861,100.3160505795927,98.3883180968355,26.994739904726153,25.448389649632205,2,17,backstroke
2026-01-05 07:00:28.350,athlete_01,session_001,0.30505314238441117,0.20043344556215337,1.2546157454238789,86.20938972608634,94.11199593772689,74.60940551529873,100.58828247556048,98.2053688312668,27.05000189058008,25.50006778401167,2,17,backstroke
2026-01-05 07:00:28.400,athlete_01,session_001,0.35358550602264893,0.3148908472911007,1.1049464337346722,89.75990167309295,104.44575548822542,37.51200063118272,100.75942459574077,98.19918483589565,26.94668987651622,25.552414962926264,2,17,backstroke
2026-01-05 07:00:28.450,athlete_01,session_001,0.2897255270238561,0.31501328365569264,0.9783259300662333,82.4837575498824,118.5168461392096,26.12463062570482,100.97541642018842,98.14532732309559,27.104128120959533,25.60535791143377,2,17,backstroke
2026-01-05 07:00:28.500,athlete_01,session_001,0.1724953644600667,0.43174246302828545,0.8794292884116411,62.246616373862665,125.50162371971457,-18.198273182151457,101.07939333455376,98.39188985711395,27.095844655384248,25.658790384001207,2,17,backstroke
2026-01-05 07:00:28.550,athlete_01,session_001,0.1283307953643506,0.4928368941951421,0.8234219263982717,47.60729488925492,129.2793983050455,-44.99042939184634,101.2782060518758,98.19718073131513,27.122335010402708,25.712578987060333,2,17,backstroke
2026-01-05 07:00:28.600,athlete_01,session_001,-0.06300727234662684,0.42612700305968726,0.7697510740232955,11.030920315368714,121.41794791099751,-77.28280321757599,101.35682424237557,98.30440968531568,26.925433591069083,25.766570485335286,2,17,backstroke
2026-01-05 07:00:28.650,athlete_01,session_001,0.0043524898986552,0.3733753897069119,0.7104094486820572,-4.768859744517952,117.26139204361223,-96.18459169266342,101.43720294685684,98.54189177286781,27.05167642407533,25.820600191755403,2,17,backstroke
2026-01-05 07:00:28.700,athlete_01,session_001,-0.12021197850241423,0.3209670903523239,0.8017796590874227,-42.45422319172357,95.74773258716245,-112.93097778737156,101.33141395914708,98.30607295657867,26.964974226054697,25.874500981590078,2,17,backstroke
2026-01-05 07:00:28.750,athlete_01,session_001,-0.1518587961447465,0.2540682423671052,0.6517843611858152,-60.17046283910701,87.3179929226562,-131.0999680364974,101.49793513666502,98.39974158775922,26.96704311018195,25.928112437417767,2,17,backstroke
2026-01-05 07:00:28.800,athlete_01,session_001,-0.2879384447302165,0.21932928305328328,0.6609068693273933,-69.05878257412735,79.02156721944397,-117.51156864584145,101.71465832267525,98.4152683663105,27.01291168960191,25.98128962452166,2,17,backstroke
2026-01-05 07:00:28.850,athlete_01,session_001,-0.29450115157382856,0.11434649374049223,0.6438628447923981,-93.1897611934208,55.04553393781957,-118.43191258368881,101.90680936840413,98.21088824435259,26.983612576661894,26.033911016667176,2,17,backstroke
2026-01-05 07:00:28.900,athlete_01,session_001,-0.36401944630081684,0.03365868110932245,0.7948736235385977,-91.71528996183241,24.3990165033775,-98.22038682263627,102.05629967638608,98.28670135796362,26.870641307530505,26.08588513883908,2,17,backstroke
2026-01-05 07:00:28.950,athlete_01,session_001,-0.3322756574830268,0.01934303677602816,0.6936585043647407,-80.50684204376846,-10.158057508856945,-75.10265404712943,102.13319443771378,98.49603959021107,27.049090350013547,26.137155563840544,2,17,backstroke
2026-01-05 07:00:29.000,athlete_01,session_001,-0.24569319297373185,-0.16093376402907,0.8489959168146116,-68.00484344619638,-37.476513114354056,-57.24118211145132,102.0191526734423,98.1754322534312,27.051579331794926,26.187703989827998,2,17,backstroke
2026-01-05 07:00:29.050,athlete_01,session_001,-0.22630554008337103,-0.2142308092843702,0.8997272826207314,-69.66146264145667,-76.31787897989437,-29.23039174408259,102.01937422352408,98.61837910537501,27.009117748178667,26.237551230935253,2,17,backstroke
2026-01-05 07:00:29.100,athlete_01,session_001,-0.15041735052606778,-0.29458038233459877,0.9685521623823194,-51.24629467987725,-113.26977652857734,1.5967957306754021,102.12081243211206,98.49201924001096,27.006967718939485,26.286756067373762,2,17,backstroke
2026-01-05 07:00:29.150,athlete_01,session_001,-0.11820989055366043,-0.4092954596885225,1.0457944109224782,-48.549614262657514,-127.45641736374395,9.858075074706003,102.30260051183363,98.52143054780869,26.919138083565922,26.335412018530853,2,17,backstroke
2026-01-05 07:00:29.200,athlete_01,session_001,-0.1098975774003462,-0.44786911699859305,1.0770905647757831,-27.04339846206038,-159.06306912350976,38.03097874708157,102.53244064555663,98.31254256558968,27.034814734883966,26.383642216213836,2,17,backstroke
2026-01-05 07:00:29.250,athlete_01,session_001,-0.1795537750177819,-0.4752385661557939,1.1083463868105305,-9.0692208444065,-168.68583207569145,71.62550893183483,102.75175831992365,98.243684373588,27.143385148694747,26.43159265908904,2,17,backstroke
2026-01-05 07:00:29.300,athlete_01,session_001,0.05328417160211367,-0.5040491932850136,1.2758523032747675,-6.585748475341168,-152.79070548858326,69.0157007395721,102.78820619782813,98.48939509740636,26.90931532434088,26.479424217859187,2,17,backstroke
2026-01-05 07:00:29.350,athlete_01,session_001,0.05422405573423223,-0.43041691413009475,1.3372574861421824,6.213716906361983,-147.69297438461433,96.19425847911987,102.86635641230255,98.77262454663602,26.9627868653005,26.527303828971803,2,17,backstroke
2026-01-05 07:00:29.400,athlete_01,session_001,0.24525457805880171,-0.31372996493478356,1.3333506781996491,30.81778840337799,-118.79985588782311,103.68215247685508,102.83372724877829,98.54213767498575,26.946074490463882,26.575395358927643,2,18,backstroke
2026-01-05 07:00:29.450,athlete_01,session_001,0.24501309223720913,-0.3056175941418513,1.387683443298433,43.48118614944732,-77.82441699122485,110.25720544625965,102.74142409599538,98.27216078983642,26.947245588732056,26.623850639144926,2,18,backstroke
2026-01-05 07:00:29.500,athlete_01,session_001,0.2446098641180676,-0.15886810443222898,1.336124240669726,61.41158992891216,-31.455992854165252,112.25292961324766,102.74533841335746,98.0567489678028,27.056025363632294,26.672801161861976,2,18,backstroke
2026-01-05 07:00:29.550,athlete_01,session_001,0.2748895876546283,-0.004374936561685316,1.1941869440032755,77.75385841638077,-3.9658629001015613,103.78724910365129,102.75145471191247,98.33170915664618,27.126674993694284,26.722350891253107,2,18,backstroke
2026-01-05 07:00:29.600,athlete_01,session_001,0.2878270132483458,0.11117750542971049,1.235635280671152,83.43089844757772,23.46860725247705,99.83622067517459,102.74358686274404,98.30001325799644,27.12463948576227,26.772570582784816,2,18,backstroke
2026-01-05 07:00:29.650,athlete_01,session_001,0.2731702159907916,0.1849714313318856,1.272985872312027,97.70966154457719,72.5576593912088,95.42716952437432,102.90143556455284,98.18458365861733,26.893127366508505,26.823493921204182,2,18,backstroke
2026-01-05 07:00:29.700,athlete_01,session_001,0.294937635973304,0.24845068967637707,1.0562727974151793,104.39250083721402,90.19573700196851,56.20993190136031,103.12419245529102,98.2688785470319,26.997897447901764,26.875115687956452,2,18,backstroke
2026-01-05 07:00:29.750,athlete_01,session_001,0.2995965883348176,0.34371825650080123,1.1154005189476777,87.55621116558414,112.79834015164201,50.517893354951916,103.11365241684116,98.6291370063906,26.968534968257487,26.927392057728042,2,18,backstroke
2026-01-05 07:00:29.800,athlete_01,session_001,0.21027886151239367,0.38009749104130996,1.0403244891138912,82.28758543023974,120.65476692521665,10.306736857859677,103.34903820404381,98.25884382933145,27.093381535552126,26.980243007287005,2,18,backstroke
2026-01-05 07:00:29.850,athlete_01,session_001,0.18193280943202278,0.39345994831686004,0.9489195241089107,56.24488325027228,129.8596116084412,-8.053819129586955,103.24098419405843,98.4311922652806,27.120600617568112,27.03355670422262,2,18,backstroke
2026-01-05 07:00:29.900,athlete_01,session_001,0.1657298141659152,0.4002354336102619,0.7879290898753178,42.58471914265442,123.71069963909643,-39.93062473428005,103.34192948039514,98.58877069021302,26.963907686088056,27.08719563489219,2,18,backstroke
2026-01-05 07:00:29.950,athlete_01,session_001,-0.014646428649614296,0.405405186673191,0.7507804225075704,10.963411278435895,109.79327804512414,-74.52377252375318,103.45481429463995,98.56227418047465,26.856644123514453,27.141004135789945,2,18,backstroke
2026-01-05 07:00:30.000,athlete_01,session_001,-0.06722068506829215,0.3412854383341489,0.6914203447311242,-26.1834911819385,113.13292375223523,-96.14092650132437,103.36555070894974,98.53314046882568,27.047315389853424,27.194816915859015,2,18,backstroke
2026-01-05 07:00:30.050,athlete_01,session_001,-0.15243969569804403,0.37636730029208343,0.6823668549462736,-42.67592829218534,112.75688751446445,-123.00760730199865,103.51142026685085,98.20484506604276,26.997027499523632,27.24846810316462,2,18,backstroke
2026-01-05 07:00:30.100,athlete_01,session_001,-0.20159453774472158,0.3379378688181027,0.6373470351409931,-66.6884381499691,100.49700712298653,-120.91899908060911,103.51633208357234,98.486635213195,27.070979380781,27.301800320787883,2,18,backstroke
2026-01-05 07:00:30.150,athlete_01,session_001,-0.30171194345895264,0.20515214162467948,0.5619483361771039,-73.34965628068501,79.24753814496135,-120.96934913736787,103.58207264886528,97.99893295630748,27.041543556238395,27.35467329534133,2,18,backstroke
2026-01-05 07:00:30.200,athlete_01,session_001,-0.31074582284593666,0.030767763858979696,0.8119290018971992,-86.34747008960046,50.418315927334525,-108.0686263085832,103.73151628527569,98.16053296548222,27.013594551013778,27.40697152722033,2,18,backstroke
2026-01-05 07:00:30.250,athlete_01,session_001,-0.4070480074146245,-0.011380250962385118,0.7443321933787294,-87.24750775209635,14.316788462970825,-86.21146882039622,103.8306081781251,98.50456054634223,26.945138066814135,27.45861060317587,2,18,backstroke
2026-01-05 07:00:30.300,athlete_01,session_001,-0.30500874060629524,-0.02792657057485229,0.7708386176912819,-78.88417629633912,-4.1169766700600405,-74.73902704188326,103.81346891462006,98.54378723434506,26.912530965095915,27.509541806198683,2,18,backstroke
2026-01-05 07:00:30.350,athlete_01,session_001,-0.24518756081253998,-0.20917290461741136,0.8199418431801788,-76.87956375208324,-54.38671070999879,-53.941238180002344,103.83259266280497,98.55501015614497,27.060872079277694,27.559754770965803,2,18,backstroke
2026-01-05 07:00:30.400,athlete_01,session_001,-0.21242570962007862,-0.24653922468336922,0.9599338440190242,-78.66294646261989,-84.46454805065986,-24.260509325897363,104.02809756178922,98.42622120569757,26.927343367300946,27.609278040109867,2,18,backstroke
2026-01-05 07:00:30.450,athlete_01,session_001,-0.15264162019384972,-0.4137856315046874,1.000371458057239,-54.89891684680008,-118.61361727443355,2.5791426424551784,103.87297896890898,98.51588081217098,27.00324093142397,27.65817749146978,2,18,backstroke
2026-01-05 07:00:30.500,athlete_01,session_001,-0.20306056953360707,-0.40252632468344707,1.0802701392603482,-43.02547845444364,-140.43735421085728,21.086038294356317,103.98296877154567,98.32455488171331,26.963984506150346,27.70655272297986,2,18,backstroke
2026-01-05 07:00:30.550,athlete_01,session_001,-0.0944904366916323,-0.465835426485681,1.0385417911545598,-19.302809086625693,-156.43728450075946,46.650439640065215,104.09114984336676,98.17761205017224,26.93092755596137,27.754531593578708,2,18,backstroke
2026-01-05 07:00:30.600,athlete_01,session_001,-0.05056113496680607,-0.48145108001230086,1.0646140690367452,-24.176916299678716,-148.6988706774165,64.07447781459132,104.28924228634025,98.43482381504377,26.848278283397928,27.802263219356817,2,18,backstroke
2026-01-05 07:00:30.650,athlete_01,session_001,-0.012370415792145508,-0.47829744353173037,1.3011322583377913,7.392051453386397,-148.41573195185768,74.35503348873262,104.42977014852252,98.63272457980487,27.05880401834162,27.849909808599342,2,18,backstroke
2026-01-05 07:00:30.700,athlete_01,session_001,0.07033322645637663,-0.38866254654979787,1.282153027848823,12.428236335350391,-137.94137197625108,96.9179013812805,104.28037429182577,98.7015953758981,27.133920469784076,27.897637782801848,2,19,backstroke
2026-01-05 07:00:30.750,athlete_01,session_001,0.11711066580775518,-0.37720335285263035,1.3174379303518218,29.048991083556853,-109.80976377715868,91.25856539388057,104.34233956518803,98.49627367159292,26.864644663546304,27.945608669678357,2,19,backstroke
2026-01-05 07:00:30.800,athlete_01,session_001,0.13005502537554653,-0.210976405618084,1.3849350562319895,41.98551784561624,-78.71663019784006,108.42581461720535,104.37888007332806,98.14015568038755,27.104218023749027,27.993970266518605,2,19,backstroke
2026-01-05 07:00:30.850,athlete_01,session_001,0.2993927246578145,-0.12449469256284229,1.3046065609721729,58.12120580571531,-28.321191023510757,108.4604336704597,104.46198295699995,98.42193646586192,26.805919816312173,28.0428485573177,2,19,backstroke
2026-01-05 07:00:30.900,athlete_01,session_001,0.3447205483911765,0.0728369114711727,1.3410204179937812,70.89946968058113,-3.63051674739693,101.2026945516599,104.64134786595318,98.3695897482312,27.07771624545685,28.092340825721287,2,19,backstroke
2026-01-05 07:00:30.950,athlete_01,session_001,0.2513263325940369,0.015940466061273376,1.1847608472934568,97.03379751519451,33.327037206418765,99.31686268437058,104.67144903427489,98.27394238767017,26.965366433866407,28.142510340274285,2,19,backstroke
2026-01-05 07:00:31.000,athlete_01,session_001,0.34913458684335835,0.20916226879655286,1.2294514537103047,89.30745040403725,70.99260239851458,67.41780551642154,104.64527354191873,98.42604966188611,27.012662512784463,28.19338290232521,2,19,backstroke
2026-01-05 07:00:31.050,athlete_01,session_001,0.29138719280337305,0.2461133713708136,1.1649785585191532,96.50291942806864,95.61543168888493,63.8148543837016,104.61663157395392,98.24868309341741,26.96425837090122,28.24494544493975,2,19,backstroke
2026-01-05 07:00:31.100,athlete_01,session_001,0.33136362154823135,0.357325146392538,1.1447522731277389,88.69475060405354,107.70475465917933,38.91366678366861,104.71715358129775,98.34263889492122,27.20791764024791,28.297146758901963,2,19,backstroke
2026-01-05 07:00:31.150,athlete_01,session_001,0.21237099461555137,0.41547599679084835,0.9789860261352475,74.18459421249382,122.98761524397264,5.190258065064028,104.60286357781305,98.55440833622548,26.985203165061222,28.34990030547559,2,19,backstroke
2026-01-05 07:00:31.200,athlete_01,session_001,0.12829039876892467,0.331172657441742,1.0276640341617513,59.42128148311714,120.72635799845551,-26.271192134184744,104.66006743349143,98.17727555123967,26.84179315286825,28.40308896143135,2,19,backstroke
2026-01-05 07:00:31.250,athlete_01,session_001,0.12265175933433335,0.46045580209192616,0.6893471723356712,32.257978548987346,130.80921851114496,-63.51711098480808,104.68696094731983,98.54460313625243,27.029576245921998,28.456571436165582,2,19,backstroke
2026-01-05 07:00:31.300,athlete_01,session_001,-0.011116206142173554,0.36640538777630677,0.8150252825775584,-7.357672994336304,121.50616662194895,-93.11137715921154,104.49668636117565,98.30250278659362,27.12519834761965,28.510190009320137,2,19,backstroke
2026-01-05 07:00:31.350,athlete_01,session_001,-0.06327856608935932,0.3502361817035214,0.6031211760147354,-33.597292793060575,109.847131552631,-114.69904575671171,104.53704536960063,98.43931842058626,26.917193222513184,28.563779165161904,2,19,backstroke
2026-01-05 07:00:31.400,athlete_01,session_001,-0.17338614652004822,0.2897921398102893,0.7181102643353073,-51.11454390127029,96.64821848378958,-122.82357696306372,104.41717743138292,98.71741393125056,27.091859741134996,28.617174651033995,2,19,backstroke
2026-01-05 07:00:31.450,athlete_01,session_001,-0.26859095002638805,0.16551498759601904,0.6945870952075208,-59.586550194565554,97.55562738318763,-137.54069038498932,104.60901236666456,98.2786522065709,26.826496666004033,28.670222464121967,2,19,backstroke
2026-01-05 07:00:31.500,athlete_01,session_001,-0.3825913360376498,0.1762242363167528,0.6244620471106749,-69.59916919018781,65.74158245910759,-127.89642486373914,104.50883638214651,98.3588010040393,27.123402584718736,28.722787274841483,2,19,backstroke
2026-01-05 07:00:31.550,athlete_01,session_001,-0.2498390851515505,0.05897517210794695,0.6693854754193773,-88.21992844253612,35.110943059790955,-105.12634049984541,104.60073368508549,98.55318638558109,26.909933146460816,28.774759826119297,2,19,backstroke
2026-01-05 07:00:31.600,athlete_01,session_001,-0.2879948042012463,-0.05369738800444085,0.7229080866983001,-85.91726837223193,17.805866873934583,-95.29890517840913,104.57065769027241,98.49768091134584,27.06983396459028,28.826062904004623,2,19,backstroke
2026-01-05 07:00:31.650,athlete_01,session_001,-0.38978399620756504,-0.030993146527570146,0.839358508837613,-87.35897861912277,-23.09085934078199,-78.69753037241398,104.46213189960444,98.83299456814844,27.06166437754519,28.876655553333425,2,19,backstroke
2026-01-05 07:00:31.700,athlete_01,session_001,-0.3185204014432377,-0.13830087873882113,0.8343874960338036,-70.59804221735064,-42.649046972706586,-36.25416126122254,104.50462036914945,98.54694712131014,27.094101233887073,28.92653530828337,2,19,backstroke
2026-01-05 07:00:31.750,athlete_01,session_001,-0.2464798540599018,-0.2743338112612975,0.9516803579293343,-59.80216913708559,-94.38225761917323,-23.340899769727628,104.37319888686324,98.40597021934332,27.113933157041433,28.975738316338788,2,19,backstroke
2026-01-05 07:00:31.800,athlete_01,session_001,-0.1347701601041238,-0.41785207345193004,1.0078972205195826,-52.99451307060951,-130.65305329549335,-1.2242189541943613,104.35521814672761,98.2331074599389,27.065535194782814,29.024337349482312,2,19,backstroke
2026-01-05 07:00:31.850,athlete_01,session_001,-0.11541172478484545,-0.3889909492782016,1.1062548465263393,-37.9737326883239,-156.04539822572207,21.25656961960037,104.50183901521186,98.44849499511176,26.92283702400381,29.072437812032817,2,19,backstroke
2026-01-05 07:00:31.900,athlete_01,session_001,-0.06126241750475183,-0.4725136228805859,1.1434368720728283,-22.486286100149222,-172.76524762343158,54.25203686768454,104.47454880541613,98.79181962801822,26.957043185249525,29.120171964132354,2,19,backstroke
2026-01-05 07:00:31.950,athlete_01,session_001,-0.02704054828688775,-0.49304126120738045,1.2140325186543768,-3.3156719992564945,-159.86405824190206,64.18328006439252,104.70648109103307,98.46833732782973,26.9493244855544,29.16769167745385,2,19,backstroke
2026-01-05 07:00:32.000,athlete_01,session_001,0.009618161716134097,-0.4899077094021336,1.2788655649057854,10.971667135706992,-143.2052539336453,77.54207974503653,104.82528576018527,98.17913494784796,27.021774695030537,29.2151601199213,2,19,backstroke
2026-01-05 07:00:32.050,athlete_01,session_001,0.07279436991554594,-0.38778430356082205,1.317313661899499,28.84625553048315,-130.78432351407145,93.6023061886922,104.68789262545741,98.34756973344892,26.944185791850938,29.26274282472057,2,20,backstroke
2026-01-05 07:00:32.100,athlete_01,session_001,0.14417745533603432,-0.31776083510586733,1.3449146106564132,26.569200730414295,-102.85642158024913,98.00120664727262,104.92668597195639,98.2844477365835,26.966619390286272,29.310598632438143,2,20,backstroke
2026-01-05 07:00:32.150,athlete_01,session_001,0.15540758449640665,-0.2196922028085725,1.3149682488445316,33.99001825690094,-70.24685414254544,105.39139047167221,105.11830006034279,98.4480104408462,27.05534906403297,29.358871001967696,2,20,backstroke
2026-01-05 07:00:32.200,athlete_01,session_001,0.14257371537548186,-0.10697212759810161,1.320714542470484,62.81236093178468,-20.192077562294827,99.93628860013632,104.94529607398721,98.35388267016731,27.13030810996011,29.407680165505905,2,20,backstroke
2026-01-05 07:00:32.250,athlete_01,session_001,0.29610960531302455,0.05025058765193406,1.2693095270385935,70.49461071415439,6.882484774130778,104.59616022695644,104.94291770743229,98.28418789816743,26.981806255722145,29.457116556638866,2,20,backstroke
2026-01-05 07:00:32.300,athlete_01,session_001,0.30178488913174223,0.15082665342119964,1.309858273093524,90.6855441096822,45.21473480785004,86.63716123826718,105.15849722301118,98.20768869065391,27.01250999555026,29.507235870740637,2,20,backstroke
2026-01-05 07:00:32.350,athlete_01,session_001,0.2559138937117035,0.2771344298597327,1.1723073567232023,91.9608641900285,75.06336671682755,78.40109094020941,105.18431722305331,98.3493858567774,27.00239840512283,29.5580560274905,2,20,backstroke
2026-01-05 07:00:32.400,athlete_01,session_001,0.3051559830492706,0.27666750126196393,1.1428962979140946,89.23515718548859,104.49336303662417,45.51764004211482,105.22575792718656,98.47841692721413,27.010684572828552,29.609556201163542,2,20,backstroke
2026-01-05 07:00:32.450,athlete_01,session_001,0.3370356767995539,0.28869959843702786,1.0695195191561133,85.15374798202821,116.8347281890383,31.096421145348707,105.17621956042055,98.58022361746733,27.061744895431378,29.661677971162945,2,20,backstroke
2026-01-05 07:00:32.500,athlete_01,session_001,0.19342734569917452,0.3854334866645558,1.0178133882422227,76.08177633458249,128.62823829952268,6.503434404726719,105.22567556079076,98.30743898257245,27.016132939433696,29.714328529237747,2,20,backstroke
2026-01-05 07:00:32.550,athlete_01,session_001,0.14928544432072174,0.3212725969270591,0.9245703323719894,51.399384033373636,136.49007987544667,-29.937208161064888,105.32709851323763,98.60345114590778,27.05150401154908,29.7673857673156,2,20,backstroke
2026-01-05 07:00:32.600,athlete_01,session_001,0.06061591544537616,0.35462341263108854,0.8533487813036418,23.864544462240186,121.44483711814465,-63.711263264302524,105.57191172721807,98.02596915987436,27.00336077871626,29.82070496703178,2,20,backstroke
2026-01-05 07:00:32.650,athlete_01,session_001,-0.04558683811794183,0.42840181473703237,0.7558319683235032,-7.813988509922517,129.14382752157192,-90.47161225009627,105.56065020490982,98.69201402781788,26.846124609609852,29.874126724477954,2,20,backstroke
2026-01-05 07:00:32.700,athlete_01,session_001,-0.12428433217742596,0.4263472833250032,0.6177184789304095,-35.74538606750294,119.29102842518928,-112.46530317681152,105.63536519773865,98.09563591584681,26.998422239694023,29.927485676213184,2,20,backstroke
2026-01-05 07:00:32.750,athlete_01,session_001,-0.1795207317786311,0.3329205081755293,0.6341627805506458,-50.52802330519414,100.9089133848901,-138.72747583689946,105.87158751130276,98.2714672692292,27.058447532701095,29.980619548862258,2,20,backstroke
2026-01-05 07:00:32.800,athlete_01,session_001,-0.19242743112224087,0.2623497771572116,0.6615240521149596,-72.59447618890793,92.41111822540343,-120.57306928108619,105.99671689366868,98.36607563295227,26.943324442151177,30.033378037057417,2,20,backstroke
2026-01-05 07:00:32.850,athlete_01,session_001,-0.2706142928366028,0.16873546430696382,0.6858329462496346,-87.21650773363828,69.96183704403764,-117.87612361770385,105.94161234263241,98.28710314946757,27.07644377003997,30.085631024013235,2,20,backstroke
2026-01-05 07:00:32.900,athlete_01,session_001,-0.26079335720577934,0.10276495412428734,0.6586282268921164,-83.70033436751584,48.05804390057448,-114.094383855225,106.10213655038822,98.75823071696523,26.917207868811317,30.13727569513109,2,20,backstroke
2026-01-05 07:00:32.950,athlete_01,session_001,-0.31277573008032716,0.0025381160859722232,0.7160585090226619,-85.61162376821937,-6.4421980570829085,-88.92109271019423,106.22148978761608,98.2825823232266,26.978703113970177,30.18824215572625,2,20,backstroke
2026-01-05 07:00:33.000,athlete_01,session_001,-0.2867258766543735,-0.08944597375255942,0.8043736354770784,-81.2056924718317,-32.034650831815014,-57.10357364770599,106.13296570927291,98.74628277122412,26.988281012925455,30.238497245929103,2,20,backstroke
2026-01-05 07:00:33.050,athlete_01,session_001,-0.33519689734225644,-0.2442053545410872,0.8142340922246171,-61.64623027614596,-70.46607318902522,-47.49367388004063,106.36137367619693,97.6822111650862,26.83514077282194,30.28804634454197,2,20,backstroke
2026-01-05 07:00:33.100,athlete_01,session_001,-0.20907125890867398,-0.2977895375806794,0.9386030254980688,-62.701173953998705,-96.48981597793633,-13.851425392010318,106.31369756023874,98.00328939106689,26.93047236646662,30.336933063727326,2,20,backstroke
2026-01-05 07:00:33.150,athlete_01,session_001,-0.14551617445171547,-0.4524677391254749,1.0782567838230934,-41.75423762028057,-127.06264266263545,14.008561745574813,106.52873024844261,98.41085847158972,26.895461382759642,30.38523685183518,2,20,backstroke
2026-01-05 07:00:33.200,athlete_01,session_001,-0.1346301355192948,-0.5213166346277981,1.0171137338242047,-34.09786234682977,-158.1310685581098,26.940900180489656,106.64913473531809,98.17793118704783,26.974289657980876,30.433068636129327,2,20,backstroke
2026-01-05 07:00:33.250,athlete_01,session_001,-0.0414327599012386,-0.4300189400953658,1.0714898231282841,-20.20027300300246,-166.82227905012135,54.53855359438237,106.81651074435347,98.10573574718235,27.03018768758841,30.48056474438205,2,20,backstroke
2026-01-05 07:00:33.300,athlete_01,session_001,0.018279474009428427,-0.3438532419941496,1.2556153681289475,-9.535770154736882,-162.03670703306906,61.30085070782206,106.79367905336171,98.3181241162372,26.838805251847162,30.527879438410903,2,20,backstroke
2026-01-05 07:00:33.350,athlete_01,session_001,0.027794825378139883,-0.4343794426491527,1.2389277549211184,8.54007181710005,-151.1868257342593,88.36184121082357,106.8220001047002,98.28922740654171,26.93561923492798,30.575176468484052,2,20,backstroke
2026-01-05 07:00:33.400,athlete_01,session_001,0.0992611701808843,-0.37513994798109884,1.3713035163884855,26.0627699938874,-126.55309680428684,89.2218510675623,106.94012740008779,98.2615635005216,27.023692573278563,30.622620110977223,2,21,backstroke
2026-01-05 07:00:33.450,athlete_01,session_001,0.22357384446528628,-0.22645497579619925,1.239627409039427,26.01396247279041,-96.41586682015962,94.42011650651322,106.98676375562479,98.27752288461727,27.08448746820002,30.67036617980724,2,21,backstroke
2026-01-05 07:00:33.500,athlete_01,session_001,0.1589032891389979,-0.24119168034769242,1.3798044915878762,56.186883162859615,-63.00288375667625,106.76171972302114,106.98625993411937,98.39005073560709,27.087680273329,30.718553503461603,2,21,backstroke
2026-01-05 07:00:33.550,athlete_01,session_001,0.26240712583096204,-0.13856458130996202,1.3388509769283496,63.91123429451995,-13.136658571306583,93.76103761459467,107.0511189237329,98.48986250269454,26.98423091708124,30.767296333827787,2,21,backstroke
2026-01-05 07:00:33.600,athlete_01,session_001,0.36869144838079043,0.07618195146739179,1.2399944368390667,81.35975903767192,13.876042443269569,99.73347177998372,107.07093321343372,98.53547689970327,26.987535301386295,30.816678101908746,2,21,backstroke
2026-01-05 07:00:33.650,athlete_01,session_001,0.28730215713903934,0.20992198769994252,1.2862792832427399,91.21345021261394,59.2267200809221,89.42063500998182,107.19755558191136,98.39060739324681,27.0631649643274,30.86674686169718,2,21,backstroke
2026-01-05 07:00:33.700,athlete_01,session_001,0.4085477469264336,0.26003797727904376,1.3292388688387862,91.47367657835399,83.05043453649908,86.99213470510348,107.23227242635744,98.13522319028249,27.039719377041624,30.91751267101518,2,21,backstroke
2026-01-05 07:00:33.750,athlete_01,session_001,0.3185665395755434,0.29393354577136294,1.1868393609652328,89.23992815191063,106.91667209729279,55.36457603956625,107.02180089661358,98.22401191147648,27.099869774840016,30.968947052073148,2,21,backstroke
2026-01-05 07:00:33.800,athlete_01,session_001,0.2487741920174621,0.43243470051402877,1.0693659191396419,84.0800512900223,119.64106459155403,31.044330419776365,107.31966854819854,98.2824452376966,26.897759478631862,31.020984560668396,2,21,backstroke
2026-01-05 07:00:33.850,athlete_01,session_001,0.24921413573405005,0.36041320968337803,0.949808106024772,63.312355064656735,113.04443633359331,-12.099367951270729,107.44053898526055,98.51502088986302,27.03624401200534,31.073526377560682,2,21,backstroke
2026-01-05 07:00:33.900,athlete_01,session_001,0.18569121337635366,0.3910715119320779,0.8097894299587418,48.31290431401884,116.61393796375248,-46.465921093785425,107.62393375182671,98.18677263200725,27.043341253005362,31.126445724942712,2,21,backstroke
2026-01-05 07:00:33.950,athlete_01,session_001,0.04556289316517012,0.3744120523302758,0.7278445391879717,10.28339571847987,108.02885781837321,-79.04068324207077,107.53451724543176,98.56228761148546,27.070857130312255,31.179594811119266,2,21,backstroke
2026-01-05 07:00:34.000,athlete_01,session_001,-0.01229334572546122,0.3241547808441617,0.7117575008462109,-9.671100910234724,108.26780549543312,-90.41459904128834,107.5365016328615,98.1357256731666,26.815004158735732,31.232812922977303,2,21,backstroke
2026-01-05 07:00:34.050,athlete_01,session_001,-0.12267773614656935,0.3370189005594894,0.7324660391987434,-26.9525515811705,102.09344178977769,-120.18819260469468,107.65809341586181,98.40416667415955,27.00149916620762,31.285935223136608,2,21,backstroke
2026-01-05 07:00:34.100,athlete_01,session_001,-0.20599544992513932,0.29614839261973075,0.6483815242714825,-57.55028551431757,101.22362206770826,-133.01786169032368,108.00600309364398,98.32387469307218,27.06709809327583,31.33880177024052,2,21,backstroke
2026-01-05 07:00:34.150,athlete_01,session_001,-0.22227700934067132,0.2367656088428681,0.7431860216968458,-78.3358880852163,83.25499352960996,-119.31961635947225,108.16620700019612,98.5098312748502,27.074759750318872,31.391266268775198,2,21,backstroke
2026-01-05 07:00:34.200,athlete_01,session_001,-0.23567707654661013,0.19302260671308813,0.6205601037581578,-83.74005902225977,49.078068062545064,-112.83473780059643,108.23804915576892,98.57445426383477,27.071180919694275,31.44320406974614,2,21,backstroke
2026-01-05 07:00:34.250,athlete_01,session_001,-0.3345955897038758,0.052809549837485446,0.6506079032272492,-92.43650601005758,36.478551409354026,-107.26611339718661,108.37323452850364,98.3603637022099,26.825621010728774,31.494518984667454,2,21,backstroke
2026-01-05 07:00:34.300,athlete_01,session_001,-0.306334099859539,0.037542891275675394,0.7649657705618549,-80.41627567197816,-2.701005537615089,-86.33736376769981,108.33763672191698,98.29425535680836,26.94177142677866,31.54514854037469,2,21,backstroke
2026-01-05 07:00:34.350,athlete_01,session_001,-0.19335496928500784,-0.13842570546029517,0.8198730327626409,-77.33436425579558,-33.323312423534354,-60.87949037805942,108.33868485488534,98.5414107919644,27.044874462684085,31.59506738758973,2,21,backstroke
2026-01-05 07:00:34.400,athlete_01,session_001,-0.2290548704423038,-0.2763405014435392,0.975894159904702,-69.51292091963731,-70.42023866486217,-39.50226973031654,108.53585540528883,98.26983640952322,26.95028443193136,31.64428867726648,2,21,backstroke
2026-01-05 07:00:34.450,athlete_01,session_001,-0.2824715112846209,-0.37496565753566036,0.9985754351902915,-52.841592023831005,-106.5779965428681,-15.139762413468057,108.65302662511193,98.44332820060976,26.887046594324147,31.692863329992914,2,21,backstroke
2026-01-05 07:00:34.500,athlete_01,session_001,-0.13910314920006553,-0.42233433531591574,1.0348413445189786,-45.05586497243714,-127.36399647708943,15.755877903325784,108.78283208307374,98.42197325597046,26.928164561794656,31.7408772390286,2,21,backstroke
2026-01-05 07:00:34.550,athlete_01,session_001,-0.17720438306250463,-0.46735875546323674,1.0561756082817586,-36.2930797068141,-162.8762753949854,35.863428445804125,109.01508562305739,98.3093864474915,26.979749982986473,31.788446560606918,2,21,backstroke
2026-01-05 07:00:34.600,athlete_01,session_001,-0.14196388047878863,-0.4640710513249847,1.1954595875807374,-21.991994886962118,-160.96172222712588,48.63073923646889,109.14007688776628,98.26279925464863,27.033774579787977,31.835711349743008,2,21,backstroke
2026-01-05 07:00:34.650,athlete_01,session_001,-0.023625807287040723,-0.4677572311367069,1.3431204192110024,-11.812608251029983,-153.7974086939209,76.34855174330787,109.08005900272714,98.53790072223123,26.984046972562805,31.882827890240566,2,21,backstroke
2026-01-05 07:00:34.700,athlete_01,session_001,0.09621465699260041,-0.3820814088058228,1.2627810509506694,-0.05977630416965507,-148.6197965064412,96.47513509648115,109.34860687166908,98.45506933291674,26.937880512667256,31.929960138937904,2,21,backstroke
2026-01-05 07:00:34.750,athlete_01,session_001,0.13438735146985742,-0.3818038898662498,1.2247033776594272,23.998133386405247,-124.20964235265033,87.42370773221651,109.51524833390977,98.20152885709467,27.064123824907632,31.977270752577745,2,22,backstroke
2026-01-05 07:00:34.800,athlete_01,session_001,0.21416079192240953,-0.23677932924816286,1.2320530060574415,32.814943864862464,-92.30121388861356,99.39388847742825,109.71838651206372,98.16260907858387,26.9107191647626,32.024912188387745,2,22,backstroke
2026-01-05 07:00:34.850,athlete_01,session_001,0.2432259324636355,-0.15414784316088567,1.309071835926552,49.37884377661333,-47.13590045036522,90.92963721381031,109.75053934141373,98.5861479179379,27.11270474165589,32.07301836528462,2,22,backstroke
2026-01-05 07:00:34.900,athlete_01,session_001,0.24155260988672012,-0.015986304067085063,1.3343996605166761,73.3083719331312,-6.86452536653534,111.64287684951351,109.88715798596039,98.74902016318006,26.954935991644835,32.121697341800264,2,22,backstroke
2026-01-05 07:00:34.950,athlete_01,session_001,0.3191225599068734,0.03328206380334176,1.2612002340274038,74.38134287195133,30.122010625494553,90.19022541238162,110.13518008100411,98.37523795372648,27.06315516450244,32.17102541106715,2,22,backstroke
2026-01-05 07:00:35.000,athlete_01,session_001,0.39909738487365437,0.2046625477486751,1.2336248517919686,86.43609782827203,48.25455745916207,87.58821993360255,110.15174243188221,98.3650622233324,26.970437501807965,32.22104293555032,2,22,backstroke
2026-01-05 07:00:35.050,athlete_01,session_001,0.415653667819296,0.2039520700847412,1.1732208715966603,91.39320117766069,95.42741638830181,73.66180493732273,110.31561624288666,98.54486555970091,27.20803526932309,32.27175214893005,2,22,backstroke
2026-01-05 07:00:35.100,athlete_01,session_001,0.23855451239440587,0.4135970286285566,1.195715143848748,99.62902427043815,109.64802437402858,51.22507105692094,110.53761428785745,98.28765307314549,27.095814250302706,32.32311704484061,2,22,backstroke
2026-01-05 07:00:35.150,athlete_01,session_001,0.28377649889971385,0.2908519539980253,0.9718371312777396,79.1661616683755,115.35456635010615,9.768215217794964,110.80355717522363,98.16378488023474,27.089787407597974,32.375065357953176,2,22,backstroke
2026-01-05 07:00:35.200,athlete_01,session_001,0.18062615260435727,0.36679668838109264,0.9254266933684332,63.42457120560518,125.19928166032814,-18.8098889271159,110.74489022675665,98.52385395053614,26.908243493089078,32.42749252840631,2,22,backstroke
2026-01-05 07:00:35.250,athlete_01,session_001,0.17672199160118818,0.39424159605580567,0.9232703473540859,39.695745894837025,115.75089568253702,-47.39231658235324,110.69345740119734,98.36059072266805,26.992296082184147,32.480267432099076,2,22,backstroke
2026-01-05 07:00:35.300,athlete_01,session_001,0.0796011960088596,0.46052134465703826,0.8684601704352559,6.156590588121351,123.03412662342414,-85.66418170735616,110.66773980444015,98.63028602794948,26.9855509939991,32.533239562804845,2,22,backstroke
2026-01-05 07:00:35.350,athlete_01,session_001,-0.038881790546878396,0.4507388419495375,0.69037588848919,-12.134833651486192,110.97579707853549,-104.04403893708765,110.72075111254479,98.43411259967013,26.908907593272932,32.586247272717294,2,22,backstroke
2026-01-05 07:00:35.400,athlete_01,session_001,-0.1538295154038709,0.2945089471686266,0.6685033695561844,-34.770961864330694,108.31938884743874,-113.2497138939414,110.75754717927356,98.53636653122201,27.07773659686879,32.639126620240745,2,22,backstroke
2026-01-05 07:00:35.450,athlete_01,session_001,-0.1748840613977237,0.3451583592434707,0.7579336416146609,-51.178081912372036,87.6783884360393,-119.2940858578846,110.81731433205364,98.28073192854616,27.13135230127295,32.6917203407412,2,22,backstroke
2026-01-05 07:00:35.500,athlete_01,session_001,-0.2526413988590811,0.16403454379696952,0.7275410378252016,-76.92646830610164,73.83995361355058,-134.0115618361201,110.90900619017432,98.49638960465326,26.942186597589213,32.74388644938579,2,22,backstroke
2026-01-05 07:00:35.550,athlete_01,session_001,-0.2780168898939626,0.23258702355009594,0.6359839572409649,-81.33639163362022,56.88039205411669,-122.881286508443,110.86574302664394,98.32508480067514,26.93937108329542,32.795506005470195,2,22,backstroke
2026-01-05 07:00:35.600,athlete_01,session_001,-0.3067025866273815,0.03867606885767035,0.667958557523172,-81.9084248678069,23.224450865993944,-105.88211887972452,110.96030371384533,98.56731126960055,27.086301506023137,32.846489613647904,2,22,backstroke
2026-01-05 07:00:35.650,athlete_01,session_001,-0.28240731623912335,-0.014791676062253501,0.782377568001602,-83.3095060992753,-5.19719865178557,-71.18478050860406,110.87617249022796,98.66091606317329,27.04338500199446,32.89678230670869,2,22,backstroke
2026-01-05 07:00:35.700,athlete_01,session_001,-0.2776872986889384,-0.13506847555997584,0.7902322845165154,-64.6329737280124,-42.229449923638114,-59.08900006884627,110.88307836220162,98.37451879648205,27.034842705022122,32.94636654320941,2,22,backstroke
2026-01-05 07:00:35.750,athlete_01,session_001,-0.21112077248499328,-0.28711626365437437,0.8863187302247298,-55.22570427034944,-70.61358527715215,-28.61580223913596,110.75548647323359,98.35734088773442,27.00709223891924,32.995263156483816,2,22,backstroke
2026-01-05 07:00:35.800,athlete_01,session_001,-0.33246168691853467,-0.3388119778184134,0.9986154930746417,-46.23980348511378,-106.86550795758869,3.0361529724191163,110.94851853750573,98.07591059479687,26.932923417591805,33.04353020369553,2,22,backstroke
2026-01-05 07:00:35.850,athlete_01,session_001,-0.17449976758172875,-0.3975735789352079,0.9582613286853229,-49.03147847776194,-137.87409257277685,23.34191900116389,110.68862053854605,98.72890506013005,26.94114700083322,33.091259778513326,2,22,backstroke
2026-01-05 07:00:35.900,athlete_01,session_001,-0.13669241907410457,-0.5175342489680589,1.1264357869426598,-31.27669722938482,-144.7941463511471,44.179768928157735,110.64231324999248,98.76458783318618,27.035546236729438,33.138572962390086,2,22,backstroke
2026-01-05 07:00:35.950,athlete_01,session_001,-0.04905905945987158,-0.46502541894697136,1.1969949562728965,-13.347397872740538,-162.61630689437175,65.45658346258897,110.49482302782167,98.62740951521974,27.017269194450666,33.185613191223574,2,22,backstroke
2026-01-05 07:00:36.000,athlete_01,session_001,0.02849333846350446,-0.47356958758225376,1.2109976762655095,-4.326560667859767,-162.656687793177,61.46104834451006,110.55979518434793,98.17657456882438,26.924790307240418,33.2325384008001,2,22,backstroke
2026-01-05 07:00:36.050,athlete_01,session_001,0.056351590141874804,-0.45369327216493205,1.3124557034090216,-0.4026447079553872,-132.32531977627048,87.4635148138668,110.63278817331556,98.38665781799583,27.07766874451411,33.279512381136655,2,22,backstroke
2026-01-05 07:00:36.100,athlete_01,session_001,0.10759950388111779,-0.2956640446468545,1.2663277012972585,25.141702694115516,-116.54839621106306,96.51383857456494,110.61148406406444,98.24413081348601,26.974885403859272,33.32669581299876,2,23,backstroke
2026-01-05 07:00:36.150,athlete_01,session_001,0.14046693739926833,-0.27701626047350203,1.306840320890478,50.97962435759919,-81.35362914401787,97.93659492152753,110.49475929805386,98.42861435620146,27.09809183152791,33.374237477124474,2,23,backstroke
2026-01-05 07:00:36.200,athlete_01,session_001,0.2502245489866433,-0.20891689186814738,1.232229174419994,65.20581636433204,-45.82937500299157,111.98692417545016,110.33521546121332,98.33321036081861,27.046929357272205,33.42226611709429,2,23,backstroke
2026-01-05 07:00:36.250,athlete_01,session_001,0.3477539445263543,0.010231315191996208,1.1592963557482625,76.18187438006964,-1.7406271697357507,112.04860437745583,110.24412607967436,98.3526769467346,27.058035289045055,33.47088340088323,2,23,backstroke
2026-01-05 07:00:36.300,athlete_01,session_001,0.32156751326925515,0.043475685783994474,1.2337927151293233,84.62019088973668,39.56972149745803,93.47832276255507,110.23898408154473,98.01134772696926,27.03405720749119,33.520158365889,2,23,backstroke
2026-01-05 07:00:36.350,athlete_01,session_001,0.3335484234339445,0.1885176015710387,1.2435794489743774,92.39587134099229,56.501996160852144,74.7403309663406,110.3578005694991,98.38974553134916,27.043012780048844,33.570123650949775,2,23,backstroke
2026-01-05 07:00:36.400,athlete_01,session_001,0.3433591340556871,0.22112609074411244,1.1850254467003982,96.14106095052679,89.9423818798229,47.21361618836134,110.39465054827767,98.56155359930852,27.00184356668656,33.62077372100256,2,23,backstroke
2026-01-05 07:00:36.450,athlete_01,session_001,0.2785494741622305,0.3840736009062911,1.0921351165214879,86.87151380716469,98.77157309119947,53.69565066056115,110.4987404840656,98.32048558252559,26.899625488814806,33.67206518094556,2,23,backstroke
2026-01-05 07:00:36.500,athlete_01,session_001,0.22420634798088135,0.37561263173292014,1.006434084006185,74.72163421901426,125.44598001485248,7.611451507387242,110.47769737685974,98.21011958062955,26.95718965900561,33.723919160928965,2,23,backstroke
2026-01-05 07:00:36.550,athlete_01,session_001,0.15867002570673197,0.4231942709933595,0.9265291505529721,59.389563051259,122.87496491286956,-18.3610677022511,110.44862733317026,98.22977985790469,27.044334211400344,33.77622564196487,2,23,backstroke
2026-01-05 07:00:36.600,athlete_01,session_001,0.12531877445629605,0.37141985308667913,0.8488812466982648,45.742527745922146,130.73917824930282,-51.501122627030256,110.47216464376083,98.282527838837,27.044106030448184,33.82884948461979,2,23,backstroke
2026-01-05 07:00:36.650,athlete_01,session_001,0.06307945622450192,0.3466861235708785,0.728738517315398,10.85260925264279,119.2384248922216,-70.37323686060914,110.48421716715262,98.29858280161426,27.09508241164809,33.88163783043715,2,23,backstroke
2026-01-05 07:00:36.700,athlete_01,session_001,-0.04426681768065883,0.36358510578445663,0.6234940786750413,-17.86700017615018,104.11092065141872,-112.9590149656475,110.39553716036917,98.29494526872435,26.88826356202817,33.93442847072308,2,23,backstroke
2026-01-05 07:00:36.750,athlete_01,session_001,-0.15292991019459876,0.3583312161756208,0.7039107278898493,-37.845770167295974,101.3964447823008,-120.89955735759561,110.44835801745852,98.78582980732686,27.01197963417172,33.98705872451628,2,23,backstroke
2026-01-05 07:00:36.800,athlete_01,session_001,-0.17957481907544676,0.3079891707414917,0.5797854335418814,-54.63972879901709,109.43189192402778,-131.81344840869212,110.4647455065974,98.27803784199163,27.032321666014806,34.03937433983514,2,23,backstroke
2026-01-05 07:00:36.850,athlete_01,session_001,-0.27351592328325663,0.28364775558241495,0.7384326797280633,-71.43150701640963,72.49232964143496,-127.53465480142457,110.38456184667054,98.35278299312016,27.10335812750301,34.09123793116139,2,23,backstroke
2026-01-05 07:00:36.900,athlete_01,session_001,-0.27513691656838146,0.14740002267124763,0.6258255771828835,-91.01894347964216,54.91635490900144,-121.30443206316339,110.42626534782673,98.54080353634836,27.144981031762505,34.14253649163576,2,23,backstroke
2026-01-05 07:00:36.950,athlete_01,session_001,-0.32610437430927824,0.11227847546986247,0.7078741221423946,-76.9510085742136,15.302363070990236,-103.75261539112238,110.35430379580544,98.42800863072068,26.88039731761456,34.193187569201356,2,23,backstroke
2026-01-05 07:00:37.000,athlete_01,session_001,-0.27950856726272644,-0.11070516030121658,0.8348339012972251,-77.40642662951332,-15.428516145460675,-73.31949624879508,110.31835374008854,98.22237026904106,27.027815943184596,34.24314376915162,2,23,backstroke
2026-01-05 07:00:37.050,athlete_01,session_001,-0.31559255438916883,-0.18239796235132985,0.8241501936062045,-80.94904968908266,-44.2060291488601,-48.76653441940589,110.25590528620354,98.29473612826808,26.965786200776694,34.2923953372086,2,23,backstroke
2026-01-05 07:00:37.100,athlete_01,session_001,-0.3128547759230253,-0.3126555596825665,0.854410902400701,-65.29510650169871,-77.56814968194708,-31.907579548888243,110.24563799426367,98.38083026608325,26.92903224696883,34.340970682352356,2,23,backstroke
2026-01-05 07:00:37.150,athlete_01,session_001,-0.17775827622297585,-0.35127750452590173,0.9789031599372094,-63.596436270030836,-111.35950385310817,-0.4504255365736123,110.31824701576771,98.46095281847593,27.01512239523239,34.388934811390214,2,23,backstroke
2026-01-05 07:00:37.200,athlete_01,session_001,-0.09205959749815852,-0.47053171893612633,1.106419030344129,-43.895977568434375,-149.3700015214251,16.52692921829538,110.1746511008462,98.17532675936192,27.115220118830322,34.4363857615222,2,23,backstroke
2026-01-05 07:00:37.250,athlete_01,session_001,-0.12593816946251604,-0.4483484511795862,1.1194961136363062,-27.75442595404971,-169.2452969313204,48.262849733835495,110.20821352249162,98.5524856605772,26.892043794497223,34.4834492266744,2,23,backstroke
2026-01-05 07:00:37.300,athlete_01,session_001,-0.167297623240324,-0.48216712317633087,1.168070121983947,-13.310655317071827,-172.9065772561977,66.1070757710072,110.17549245502424,98.56649367826274,26.993692852535023,34.5302716721435,2,23,backstroke
2026-01-05 07:00:37.350,athlete_01,session_001,0.05058640445885723,-0.44854356808613294,1.2218019114122731,-4.147534751641336,-161.18315200283325,82.97550184721902,110.09607224090743,98.26735431042948,27.050438365961078,34.57701231472344,2,23,backstroke
2026-01-05 07:00:37.400,athlete_01,session_001,0.06363055149571868,-0.3920403922866223,1.3385193253737404,13.029054527600515,-139.58017159520173,85.85257801629552,109.96806684611164,98.37392986090904,26.909781429772213,34.62383440745121,2,24,backstroke
2026-01-05 07:00:37.450,athlete_01,session_001,0.21924549589228265,-0.3379812991549757,1.2323142572986112,24.288296155565867,-105.27260304198974,93.11128161822162,110.03399425266807,98.51933528007571,27.026787527371106,34.670896306029775,2,24,backstroke
2026-01-05 07:00:37.500,athlete_01,session_001,0.2380734414850389,-0.17582095651195948,1.3361440767167374,45.54128367509985,-82.16765816111898,103.16650296743518,109.99958276906035,98.3201537060878,26.91015534418794,34.71834280579375,2,24,backstroke
2026-01-05 07:00:37.550,athlete_01,session_001,0.20347619548450238,-0.01759562301985773,1.4555390952423575,59.3643877162246,-40.539211740220026,102.25484264460451,110.02965551726516,97.9805752552554,26.999520766914106,34.76629722313937,2,24,backstroke
2026-01-05 07:00:37.600,athlete_01,session_001,0.27161845609667057,0.025280647997187135,1.3131444216948973,77.62907964025388,7.915722690213608,103.33059537213634,110.0696683325237,98.23720295477148,26.978706224568985,34.81485465446929,2,24,backstroke
2026-01-05 07:00:37.650,athlete_01,session_001,0.3295255552630729,0.1165207629866695,1.327149009871747,91.40445586858688,42.084452428341365,91.97786129108641,110.23477105796277,98.87313959888724,27.09605639569156,34.86407678114981,2,24,backstroke
2026-01-05 07:00:37.700,athlete_01,session_001,0.29713019729882495,0.22714513908339334,1.194780673292304,97.40630856988324,69.54853155832483,73.53075774400239,110.3983580780244,98.23630888593817,27.048151239994052,34.913988504280695,2,24,backstroke
2026-01-05 07:00:37.750,athlete_01,session_001,0.3911021876108981,0.2524700668990947,1.1390363092932143,92.75697140677153,104.34253878686849,62.63209806894244,110.50811016369005,98.35174755095377,26.95216986485,34.96457659287729,2,24,backstroke
2026-01-05 07:00:37.800,athlete_01,session_001,0.32449611699822667,0.2990983298195135,1.0935336022909934,78.09561922062034,104.1856055700972,40.59405322719646,110.62663199794342,98.75826429786966,26.9739610769502,35.01579041884686,2,24,backstroke
2026-01-05 07:00:37.850,athlete_01,session_001,0.2125491291680073,0.3454939662038358,0.9976616259869266,76.68044223996843,124.02270796266767,9.549605058032839,110.87443139722909,98.29847275405045,26.898409840586304,35.06754473794061,2,24,backstroke
2026-01-05 07:00:37.900,athlete_01,session_001,0.24226390999103772,0.4160870789614288,0.8601659526192257,45.99546692989927,123.60134346011085,-34.351577118667485,110.94529332743741,98.28588417279398,27.042064354345644,35.119724363928526,2,24,backstroke
2026-01-05 07:00:37.950,athlete_01,session_001,0.04291273689328174,0.4129795138863522,0.8727711729341981,33.412062223029835,120.6054527096008,-49.10246488697004,111.04755708401964,98.22460375848611,26.804959450499585,35.17219047970032,2,24,backstroke
2026-01-05 07:00:38.000,athlete_01,session_001,0.03940449150046631,0.4579656768339425,0.7296614316581825,8.625726870519077,114.03072870970409,-96.60012940385408,111.14410092077647,98.49043914387208,27.06744288786484,35.224788239505045,2,24,backstroke
2026-01-05 07:00:38.050,athlete_01,session_001,-0.13113206711225295,0.2993320685989104,0.7380773610715411,-19.06745748548127,102.0743362097318,-111.69651830913897,111.12061946814586,98.22622060109208,26.90490301168131,35.277355245997605,2,24,backstroke
2026-01-05 07:00:38.100,athlete_01,session_001,-0.1086796576178737,0.34716244052629863,0.6585399388104622,-41.60047493452179,94.110712693903,-120.6604787872465,111.17244496847076,98.56415236923662,26.922067652548034,35.32973043801511,2,24,backstroke
2026-01-05 07:00:38.150,athlete_01,session_001,-0.2552575563235021,0.3315265654136772,0.7260308932236464,-61.337405523603195,84.97603916499257,-126.24950026688447,111.23616080449926,98.6117331667749,27.006499264974188,35.38176290266799,2,24,backstroke
2026-01-05 07:00:38.200,athlete_01,session_001,-0.29066535249350406,0.14616399244402561,0.6516819458954215,-84.79387484259027,63.00440914335504,-124.73957405096193,111.30936020465039,98.68293707473806,26.964616464878944,35.433320129612355,2,24,backstroke
2026-01-05 07:00:38.250,athlete_01,session_001,-0.279887732455047,0.1559025462908165,0.6441839416545053,-93.29710700977813,38.85167210662633,-114.1150125004869,111.38648018714498,98.62858517735165,26.90796150960737,35.48429525603145,2,24,backstroke
2026-01-05 07:00:38.300,athlete_01,session_001,-0.28608666143582767,0.0473608975828643,0.7995259345977882,-98.29192938404108,12.649042886969294,-95.06142710881016,111.43999437577023,98.34981067200334,26.9708607732565,35.53461290620818,2,24,backstroke
2026-01-05 07:00:38.350,athlete_01,session_001,-0.2755830464314143,-0.0806663859079355,0.7206994672190409,-80.44849129907686,-13.50987986353824,-62.95528945107914,111.5774287592147,98.11768802955739,27.10646019642129,35.58423330658302,2,24,backstroke
2026-01-05 07:00:38.400,athlete_01,session_001,-0.2626675265137131,-0.25554364551719055,0.8430345230812581,-69.70472863002439,-53.9336024752906,-37.28503368373295,111.52972269373144,98.23022624476627,26.95037495686399,35.63315445164139,2,24,backstroke
2026-01-05 07:00:38.450,athlete_01,session_001,-0.27807277541441655,-0.3192949363615459,0.9170030061371907,-59.393097349548455,-91.99753385762713,-17.986581898879983,111.64701680351295,98.81575626413908,26.853040618900657,35.681412202688755,2,24,backstroke
2026-01-05 07:00:38.500,athlete_01,session_001,-0.20214585872009724,-0.3369787728407678,1.0599060664374578,-49.700017548566954,-129.3083918566124,-0.8961016512175881,111.64786547046998,98.39792602551442,27.10371536451121,35.729078314708865,2,24,backstroke
2026-01-05 07:00:38.550,athlete_01,session_001,-0.145617334450397,-0.39395433044725536,1.0952845667790228,-31.77139555482053,-149.3644097589943,32.03322851692893,111.51749859124996,98.51713772926719,26.895968686801645,35.77625649986692,2,24,backstroke
2026-01-05 07:00:38.600,athlete_01,session_001,-0.0815668328060604,-0.4814501556575186,1.1422778286672526,-23.31693598588172,-160.4909887216011,56.84391792947418,111.44996674049213,98.1349511256949,26.943654067362182,35.82307674361363,2,24,backstroke
2026-01-05 07:00:38.650,athlete_01,session_001,-0.06976202303824473,-0.4898515536068297,1.277318342083826,-21.390010808300815,-168.46743131274624,68.98963970435136,111.52859632602717,98.60934706981965,27.063353464141272,35.86968818489268,2,24,backstroke
2026-01-05 07:00:38.700,athlete_01,session_001,0.04515181019140202,-0.3925425811318582,1.2438447366265521,-7.135745984096989,-151.54874728012499,74.11080806994387,111.68537949654771,98.44404654925624,27.00267969874712,35.91625095042907,2,24,backstroke
2026-01-05 07:00:38.750,athlete_01,session_001,0.048789690089322886,-0.3820117886864318,1.2045237596083498,21.58506808454153,-132.43333967349915,87.49619005485022,111.72489238316741,98.2615598839661,27.020780295039774,35.96292739019033,2,25,backstroke
2026-01-05 07:00:38.800,athlete_01,session_001,0.09718370463172009,-0.27848870638872897,1.2437046280858652,33.01513954199602,-98.13018677649485,107.57614558582812,111.8069316754109,98.57924185618,27.001465852817176,36.00987319374789,2,25,backstroke
2026-01-05 07:00:38.850,athlete_01,session_001,0.14055238239867715,-0.1674814544388675,1.2441597070574155,38.35739286928458,-47.70301672503459,106.18686213901783,111.95105079853327,98.47871834665978,26.94267143632093,36.05722887364273,2,25,backstroke
2026-01-05 07:00:38.900,athlete_01,session_001,0.19228623815879187,-0.16970285562924894,1.3211844901638172,69.60226902400638,-23.11032671896809,99.1279367556117,112.01423651209988,98.00537047598456,27.0419341386141,36.1051120816381,2,25,backstroke
2026-01-05 07:00:38.950,athlete_01,session_001,0.23420352893687407,0.16296947000581335,1.3024459901058716,74.62637345942291,16.314113971865854,110.57402190074237,112.17463856288728,98.52053105512604,26.988699080999922,36.15361117803482,2,25,backstroke
2026-01-05 07:00:39.000,athlete_01,session_001,0.28139096913870054,0.15631985275451343,1.2912479288273402,94.57303380607534,46.53757271061706,89.85717959112262,112.42101641958911,98.44275799735702,26.861323747306148,36.20278040554112,2,25,backstroke
2026-01-05 07:00:39.050,athlete_01,session_001,0.38930543863904465,0.30664317961367793,1.23240859064637,91.48689589166474,81.34627492068758,88.94515289788185,112.64200242802065,98.18010954370936,27.023048809146168,36.252636931293196,2,25,backstroke
2026-01-05 07:00:39.100,athlete_01,session_001,0.3168687998529045,0.2612474363258044,1.1613126514760888,99.67180785841623,94.04950483778588,72.26619523159724,112.67573159353975,98.32806224506696,26.963867494602287,36.303159918330195,2,25,backstroke
2026-01-05 07:00:39.150,athlete_01,session_001,0.36581347381010837,0.27473395044571336,1.1632882760040437,89.63226789556717,113.05135981188899,39.8021464648809,112.67857366228233,98.27400637614718,27.041956448838157,36.35429167673787,2,25,backstroke
2026-01-05 07:00:39.200,athlete_01,session_001,0.1535189175102579,0.4069952236046872,1.0002772968241247,67.77774367840502,109.95219267317388,4.367213593019725,112.98329972380768,98.63705977867082,26.9973119487745,36.40594083087155,2,25,backstroke
2026-01-05 07:00:39.250,athlete_01,session_001,0.19953759098693952,0.32549041734615874,0.8476196837768556,46.50715728898449,132.89335285983617,-32.319911997735666,113.21587197378209,98.5224583160867,26.89657332986858,36.457987328776994,2,25,backstroke
2026-01-05 07:00:39.300,athlete_01,session_001,0.11130814742491188,0.36893125222030726,0.7844778801617379,31.096600355739767,127.92611854300294,-72.45196082483014,113.47561424908562,98.38952068510467,26.884002602611258,36.51028901918232,2,25,backstroke
2026-01-05 07:00:39.350,athlete_01,session_001,-0.08295180412752733,0.38108220745864757,0.7136531324541024,-1.5238452711438981,111.85429238138195,-94.60206337259248,113.62294712528876,98.41016762494685,27.04153611542019,36.562689435743785,2,25,backstroke
2026-01-05 07:00:39.400,athlete_01,session_001,-0.08540349688055052,0.29811461633082986,0.6837013685237462,-35.82539210910091,118.78930021256807,-117.80843744137215,113.681722816929,98.4802533742835,26.932369489738132,36.61502636227818,2,25,backstroke
2026-01-05 07:00:39.450,athlete_01,session_001,-0.16203653443336993,0.31706004234546636,0.5765928348623413,-58.17105843379983,100.50811979069707,-126.4297313810442,113.87113415018138,98.52295805084974,26.90933824881141,36.66714071010642,2,25,backstroke
2026-01-05 07:00:39.500,athlete_01,session_001,-0.21444803844583843,0.2553137193339901,0.7072827828178117,-73.25255139472134,87.34509988367545,-124.0288334930807,113.88275379966173,98.62348927918039,26.975259437966617,36.71888522169238,2,25,backstroke
2026-01-05 07:00:39.550,athlete_01,session_001,-0.3036729345664821,0.17361669572368246,0.5942389342932081,-82.87052589271713,64.45452534495159,-124.1230254933889,113.97649162274828,98.70476390326894,27.032329700002947,36.77013252440647,2,25,backstroke
2026-01-05 07:00:39.600,athlete_01,session_001,-0.27884788528695476,0.07501819024399593,0.7232615846262179,-93.47064702753406,36.54704884882056,-101.73301985255853,114.1510739775261,98.25106567560894,27.036708901826998,36.82078209394019,2,25,backstroke
2026-01-05 07:00:39.650,athlete_01,session_001,-0.25690156297893385,0.06122527155023542,0.7937108143805417,-76.11882305708205,11.729503025882448,-93.09872678682866,114.29220638614316,98.29792091687167,26.95004596188991,36.87076574668471,2,25,backstroke
2026-01-05 07:00:39.700,athlete_01,session_001,-0.3356839200287205,-0.1006913356663745,0.8454170829051485,-84.79542384886068,-29.644521832795427,-61.229450642934324,114.32953022422053,98.3895108077387,26.975040786432555,36.9200513609854,2,25,backstroke
2026-01-05 07:00:39.750,athlete_01,session_001,-0.28130743662462765,-0.19730376238423414,0.8853313311354014,-76.00806904362341,-69.89965754676115,-31.366005069007937,114.5016624332881,98.31723833916362,27.145643382562973,36.96864462417894,2,25,backstroke
2026-01-05 07:00:39.800,athlete_01,session_001,-0.2003172468082407,-0.2867305500013378,0.94867260149936,-69.2262520011598,-91.53849379004573,-18.065504645292737,114.59257104847971,98.56592927423699,26.882396737577,37.01658871039855,2,25,backstroke
2026-01-05 07:00:39.850,athlete_01,session_001,-0.22546634813132682,-0.42057151104732565,1.1049937721598933,-47.94392667208808,-129.55135934548863,9.627220071242775,114.7792543535177,98.2812540095204,26.914017443863088,37.063961907378896,2,25,backstroke
2026-01-05 07:00:39.900,athlete_01,session_001,-0.09806623156808897,-0.4595469784689738,1.1236404436772391,-36.519187648219685,-146.58138325509157,25.82638294177262,114.86667302166,98.38122669193059,26.994675013947347,37.11087332270783,2,25,backstroke
2026-01-05 07:00:39.950,athlete_01,session_001,-0.0863213772771217,-0.37560730754329735,1.0705108332356152,-18.561649334643732,-163.64006968327456,46.43244009109247,114.97029655692633,98.34897708721672,27.051339916596252,37.15745690501765,2,25,backstroke
2026-01-05 07:00:40.000,athlete_01,session_001,0.007328230420492597,-0.504302547184063,1.2312609351896575,-12.733323143773772,-158.15990799764168,68.80100462439188,114.9808785166401,98.55401189712498,26.954416600135126,37.20386410773808,2,25,backstroke
2026-01-05 07:00:40.050,athlete_01,session_001,-0.1143359764708767,-0.36861558243819786,1.1853299995257855,2.974892432088039,-159.87175909571408,82.35295364442494,115.27561331874584,98.6427427218099,26.981170967712714,37.25025559721054,2,25,backstroke
2026-01-05 07:00:40.100,athlete_01,session_001,0.12223150868625113,-0.45358242665305154,1.3273999529400382,16.808167550147754,-122.2156565873482,97.37497699929501,115.53872114818887,98.27482833910561,27.09870364295749,37.29679245913397,2,26,backstroke
2026-01-05 07:00:40.150,athlete_01,session_001,0.15939840258489726,-0.2749777576819725,1.353106070393927,33.28465782932351,-91.45995708522841,95.27348663027074,115.56005115061352,98.28204977974686,27.0222413659751,37.343627384628874,2,26,backstroke
2026-01-05 07:00:40.200,athlete_01,session_001,0.22405004203872128,-0.2017286047190186,1.4657242940914106,47.40724013033296,-60.670507586088505,106.21312443103722,115.61545952886128,98.60403859856508,27.06776890133224,37.3908963181815,2,26,backstroke
2026-01-05 07:00:40.250,athlete_01,session_001,0.21370413180842573,-0.05272870816296425,1.3304286212131902,61.84592739272007,-12.494878424518454,109.83037882422668,115.83672816376328,98.57242241892015,26.848280842800893,37.43871102431727,2,26,backstroke
2026-01-05 07:00:40.300,athlete_01,session_001,0.36239056584982887,0.07562701754139971,1.2916583316959342,80.4477707258677,25.423756841061717,100.1959795172691,115.8191807463224,98.5277944612619,26.90843838147177,37.487152979451125,2,26,backstroke
2026-01-05 07:00:40.350,athlete_01,session_001,0.28082339441489645,0.17382037323027622,1.2489167868442246,95.68747696329595,55.47595678801714,92.25988122118466,116.01431788484149,98.7363199030682,27.04622273024572,37.53626892273641,2,26,backstroke
2026-01-05 07:00:40.400,athlete_01,session_001,0.3660465067265879,0.2015334241409348,1.2424046112878575,108.22887458339986,86.54270528623313,64.08024539841293,116.18775032398267,98.51546722945699,27.15566486628579,37.586068308864476,2,26,backstroke
2026-01-05 07:00:40.450,athlete_01,session_001,0.30782884308186875,0.25771182573488716,1.1663722386359912,86.22919326263657,97.61724407539694,45.0221341052922,116.23149639372866,98.42676224693298,27.07722254640731,37.63652280163031,2,26,backstroke
2026-01-05 07:00:40.500,athlete_01,session_001,0.1910378475718303,0.379174796623789,1.0813774553294924,77.74137969123107,109.39655350958009,31.0259997191487,116.42529924041825,98.26634151726631,27.150607051934923,37.687567835378445,2,26,backstroke
2026-01-05 07:00:40.550,athlete_01,session_001,0.24997441748791732,0.4403745001724364,1.033520502995026,65.59110652710918,113.29701378793128,-18.879812043172443,116.54244501038475,98.3804605268256,26.98123469009331,37.73910615829091,2,26,backstroke
2026-01-05 07:00:40.600,athlete_01,session_001,0.1498226319014084,0.42609074507841843,0.9070990618655461,48.91749190628145,126.35064039211984,-51.4689188511466,116.63507945602306,98.56560275342409,27.081274639394067,37.791013163067234,2,26,backstroke
2026-01-05 07:00:40.650,athlete_01,session_001,0.029402635856566016,0.459562817619043,0.71645377293308,19.496601447475072,122.78468145575474,-68.6891657245349,116.73831441377651,98.56496555837792,26.92642718376421,37.84314371280595,2,26,backstroke
2026-01-05 07:00:40.700,athlete_01,session_001,-0.0320946198732072,0.3486572494328113,0.7052378051313668,-12.454800068966858,107.21316915881566,-105.18121411598986,116.83166951951378,98.26023327247673,26.944789229401948,37.89534008817189,2,26,backstroke
2026-01-05 07:00:40.750,athlete_01,session_001,0.014145647114984963,0.306912598182424,0.6887939281903561,-30.172452402118157,111.91925344864282,-104.20371521212694,116.78464737470217,98.19465675428724,27.006651210326265,37.94744062069169,2,26,backstroke
2026-01-05 07:00:40.800,athlete_01,session_001,-0.2144143154685869,0.28480362372917994,0.6814940060827858,-64.28847166192259,101.40906358086832,-116.31142763312862,116.85373676404467,98.01531526734104,27.09913620667507,37.999288539605075,2,26,backstroke
2026-01-05 07:00:40.850,athlete_01,session_001,-0.1974561809371305,0.28645898883290205,0.5883891026064662,-75.4614667043736,91.12980471066675,-130.86222832331455,116.8919912436021,98.35569968829522,26.96327366439914,38.05074054815313,2,26,backstroke
2026-01-05 07:00:40.900,athlete_01,session_001,-0.289099012233824,0.1528747227790779,0.7327902384537489,-88.02561604040284,58.73249789967632,-118.1726740654274,116.92020549309736,98.5564595970491,27.002550532899996,38.10167466012966,2,26,backstroke
2026-01-05 07:00:40.950,athlete_01,session_001,-0.2926751964300794,0.030921809672399367,0.6875240333957107,-92.54939427572859,40.87431843357195,-110.28891552063261,117.01311867777457,98.52227272982776,27.085949780946155,38.151996868134084,2,26,backstroke
2026-01-05 07:00:41.000,athlete_01,session_001,-0.2586887648815064,0.017314805916148805,0.8115265593166263,-92.0922554860877,-8.076094313855071,-96.72416629529913,117.02392627510575,98.39654230265792,26.891970282853208,38.20164627901279,2,26,backstroke
2026-01-05 07:00:41.050,athlete_01,session_001,-0.24335948887646758,-0.15011903331625848,0.8704538435668858,-81.62084688233891,-27.82584095270291,-57.86543236128599,117.08190949384661,98.23951411494185,27.1007055503809,38.250598435950806,2,26,backstroke
2026-01-05 07:00:41.100,athlete_01,session_001,-0.23838136886364594,-0.26059772455806146,0.8564943716049399,-72.02525517604863,-65.39200809148852,-43.95155447319482,117.17973537471167,98.73860745470641,27.083832035614606,38.29886664597499,2,26,backstroke
2026-01-05 07:00:41.150,athlete_01,session_001,-0.2642020366534076,-0.38271980353937407,0.9992327610196821,-65.12773269440777,-106.46087188239477,-4.730796112756856,117.14012386615693,98.40765198865274,27.009464685473787,38.34650124081759,2,26,backstroke
2026-01-05 07:00:41.200,athlete_01,session_001,-0.16264402437091377,-0.380501129520069,1.0965086524113774,-52.83692990026786,-129.6871055585816,24.559775207290144,117.15900992262867,98.39460180591217,27.16093948646169,38.39358681218614,2,26,backstroke
2026-01-05 07:00:41.250,athlete_01,session_001,-0.1171453839643205,-0.45257420797054687,1.1050210228323705,-36.70340679114703,-166.3205240335027,38.28113220449018,117.09258322203493,98.65178105962636,26.92096011498779,38.44023757330488,2,26,backstroke
2026-01-05 07:00:41.300,athlete_01,session_001,-0.10332388014330723,-0.43904574762416,1.1931193573325505,-17.534266638941265,-163.48221356562453,64.08656903383871,117.08858069541002,98.64589185942917,27.00732860009393,38.4865911010692,2,26,backstroke
2026-01-05 07:00:41.350,athlete_01,session_001,-0.07089610187528161,-0.4887288236550373,1.1463658256618479,-14.083086719408042,-158.87974147723526,69.60270736440336,117.18369456775719,98.45246007950348,27.075361247662016,38.53280080168594,2,26,backstroke
2026-01-05 07:00:41.400,athlete_01,session_001,0.0880031456472107,-0.4207749293410098,1.1908418928386337,8.023926034585333,-145.59570962298906,88.64950196135902,117.24257842018017,98.18103536408965,27.02707401524466,38.5790275124161,2,26,backstroke
2026-01-05 07:00:41.450,athlete_01,session_001,0.03855706496308016,-0.3054129318736504,1.3151504129184768,20.704212404876,-115.71959249406886,99.79617542340515,117.07767701316098,98.53643965149332,26.905398925621835,38.625430699184484,2,27,backstroke
2026-01-05 07:00:41.500,athlete_01,session_001,0.17960413508007167,-0.30612746722620776,1.2148731427557886,39.091718635423334,-81.99586347641069,98.61986623707288,116.99199201862572,98.56657911949031,26.954484019401498,38.67215973179842,2,27,backstroke
2026-01-05 07:00:41.550,athlete_01,session_001,0.17101792850983916,-0.07141135324305034,1.2921010275589144,43.66972688948482,-55.706763633494944,109.02316830032129,117.03128305734481,98.36472145059605,26.88516470323788,38.71934571413003,2,27,backstroke
2026-01-05 07:00:41.600,athlete_01,session_001,0.2844840003590346,-0.03384299612042296,1.3154251901991967,63.543796093920015,-5.6679482883164205,105.85657819088149,116.76223365610136,98.70975538848265,27.08169731766949,38.76709431611232,2,27,backstroke
2026-01-05 07:00:41.650,athlete_01,session_001,0.20584127749619732,0.06071763904024202,1.3342184128215713,85.07601890858338,25.134299444026922,89.17024244873043,116.7134776714903,98.33218995313702,27.09269067768117,38.81547999945376,2,27,backstroke
2026-01-05 07:00:41.700,athlete_01,session_001,0.3575502977395029,0.19212518170468695,1.3316017486279774,101.6833051572692,67.6459703898091,82.52695594812468,116.59377918072711,98.50350158443888,26.915041686866317,38.86454195260394,2,27,backstroke
2026-01-05 07:00:41.750,athlete_01,session_001,0.3088880731058373,0.26384084871887376,1.2506326400290098,90.7576888472601,88.32664264963272,65.0790476065488,116.57782187430563,98.28199581007327,27.048204376581122,38.9142819568886,2,27,backstroke
2026-01-05 07:00:41.800,athlete_01,session_001,0.26300786352637484,0.30256581158132745,1.0521165596667434,81.28320148820333,110.62391564614879,39.60381854098563,116.34475276198104,98.31653519077071,26.83961905399352,38.96466430000287,2,27,backstroke
2026-01-05 07:00:41.850,athlete_01,session_001,0.3558412087930053,0.36950607265025,1.0195618362721224,81.51453902482162,130.333234960928,12.335566234117522,116.28930293645841,98.52371136904777,26.88727038361489,39.0156177409963,2,27,backstroke
2026-01-05 07:00:41.900,athlete_01,session_001,0.20545358696004976,0.4243037040799115,0.9723061067092486,69.87910456049302,129.39540123462768,-6.093775921658487,116.25703882487137,98.69998322279926,26.989388097043367,39.067039418634195,2,27,backstroke
2026-01-05 07:00:41.950,athlete_01,session_001,0.14061783716289128,0.47453388563286986,0.8392338286709449,39.92929088059366,111.47643247616298,-50.073391080944745,116.0551692762086,98.09138784784335,26.963026808617112,39.118800488719415,2,27,backstroke
2026-01-05 07:00:42.000,athlete_01,session_001,-0.041957969314311984,-0.04071344734903509,0.9908665725437995,1.099327643565106,0.20336590257043732,-3.276212332085132,114.39650397638664,98.49648428196927,26.937152129314313,39.118800488719415,2,27,rest
2026-01-05 07:00:42.050,athlete_01,session_001,-0.03694545782269762,-0.023809345207209006,0.9842765794718722,-2.9219105327520034,-0.351020529885799,1.1165581613081783,114.2195706151124,98.18552035324298,26.999943151351566,39.118800488719415,2,27,rest
2026-01-05 07:00:42.100,athlete_01,session_001,0.0014614352326849664,-0.03839763474359284,0.950570532810435,-3.362511678688682,-3.994957920470019,-5.616055853588682,114.074367601486,98.06631393280931,27.090608849720212,39.118800488719415,2,27,rest
2026-01-05 07:00:42.150,athlete_01,session_001,-0.04374022035893555,-0.016763889111960285,0.9818002688736965,-3.2401730993174414,-3.5632081803934192,-1.8473002110899248,113.98213611805974,98.51735915770668,27.122723328510368,39.118800488719415,2,27,rest
2026-01-05 07:00:42.200,athlete_01,session_001,0.03473810768583517,0.012148766299033765,0.969631907087993,-1.2644248535992035,1.2249159458603298,1.9023708970031872,113.9423989265566,98.43443472109259,26.928970060832444,39.118800488719415,2,27,rest
2026-01-05 07:00:42.250,athlete_01,session_001,-0.028310649082271606,0.010376320556941616,0.9972329563376939,-0.8098445441932006,-0.31921349103546875,-1.562310733265047,113.75847325146687,98.42078034073404,26.951241423216935,39.118800488719415,2,27,rest
2026-01-05 07:00:42.300,athlete_01,session_001,-0.020017323086850995,-0.025113986558632596,0.9933706813210221,-3.3182491634348943,-0.30998777615324136,-2.296097950990483,113.70534936336247,98.12741944228759,27.013528877716553,39.118800488719415,2,27,rest
2026-01-05 07:00:42.350,athlete_01,session_001,-0.013042551731706554,-0.024368793023057958,1.018172819472961,-1.332052137987907,-2.7183090189329557,-5.426213665603275,113.58861823616826,98.02901284847177,27.034216366035796,39.118800488719415,2,27,rest
2026-01-05 07:00:42.400,athlete_01,session_001,0.0023656618884746695,-0.040119885819674544,0.9974681361352145,-4.780222181389569,-2.0210645739739244,0.8178060725666041,113.40692977694995,98.34624623208684,27.045738134546795,39.118800488719415,2,27,rest
2026-01-05 07:00:42.450,athlete_01,session_001,-0.02803236778548239,-0.022624930307128754,0.9939663185148594,1.3899655400076667,-1.640706997455287,-1.6204996210842741,113.33782003068889,98.29066053524079,26.886857521480845,39.118800488719415,2,27,rest
2026-01-05 07:00:42.500,athlete_01,session_001,-0.04522802852974058,0.005977012455190812,1.0011420986049318,0.7119494113613715,0.15075517942674,-2.878595252560932,113.1856530010712,98.23447149780603,26.907316040675067,39.118800488719415,2,27,rest
2026-01-05 07:00:42.550,athlete_01,session_001,-0.0210842759599074,-0.0022498766610860904,0.99885102063766,0.15927790673368436,1.5642943053665055,0.8833708696859343,112.9987623455487,98.38309264976164,27.07379793577016,39.118800488719415,2,27,rest
2026-01-05 07:00:42.600,athlete_01,session_001,0.010920585775154857,0.013771612104130268,0.9897858125025394,-1.5008067048924247,3.2546658148983547,-1.1803075873033815,113.08474877094544,98.53097439779596,27.09633604725892,39.118800488719415,2,27,rest
2026-01-05 07:00:42.650,athlete_01,session_001,-0.013558688963042069,0.011839247515961633,1.005017958353519,-2.384018484896903,-0.5804302664873078,-4.204527876378294,113.04965488675563,98.19747336931111,26.950057738530564,39.118800488719415,2,27,rest
2026-01-05 07:00:42.700,athlete_01,session_001,-0.006382183787685614,0.015869610769450714,0.9995102626980412,-0.08438162747089628,0.06576270808644007,0.16155384889885602,112.88406297918569,98.3991710702906,27.008316431030515,39.118800488719415,2,27,rest
2026-01-05 07:00:42.750,athlete_01,session_001,-0.0004944869974156493,0.012248039955442677,1.004893792577645,-2.3530312713580295,-1.8267907836951536,1.476440881602891,112.90033412511748,98.35744181310041,27.066980193981745,39.118800488719415,2,27,rest
2026-01-05 07:00:42.800,athlete_01,session_001,-0.003007372641730199,-0.02175481334838352,0.972867672271055,-3.70136868145159,-4.345724545238683,-2.099979333644007,112.86651399590977,98.78375548203954,27.02813744204705,39.118800488719415,2,27,rest
2026-01-05 07:00:42.850,athlete_01,session_001,-0.013336953422561953,0.010219920589523585,0.9952019931810361,0.22352069715835327,1.0040212903354184,3.659309077724347,112.8489307947272,98.30552607761301,26.923621505030425,39.118800488719415,2,27,rest
2026-01-05 07:00:42.900,athlete_01,session_001,0.020325977368690542,-0.02586401026666362,1.0137072267223068,-0.30057804011567574,-3.370945916784737,-2.9239121366451917,112.80846566948526,98.21489445795854,27.021319994369904,39.118800488719415,2,27,rest
2026-01-05 07:00:42.950,athlete_01,session_001,-0.02087247942661909,-0.04693453986362069,1.0093498362341087,2.204825926361017,-1.0421096402295162,4.383230018196066,112.63551442183703,98.41501605648412,26.912420988089178,39.118800488719415,2,27,rest
2026-01-05 07:00:43.000,athlete_01,session_001,0.004906825303913722,-0.037983607096572836,1.0114857658220477,-1.9389721488354532,0.1528134783981029,-1.057126047626565,112.44241725273885,98.88748170010935,27.04003489229497,39.118800488719415,2,27,rest
2026-01-05 07:00:43.050,athlete_01,session_001,-0.017514422601499248,-0.005102395019593357,1.012041262424537,1.4835358308218114,1.1025808974802211,4.743881157870426,112.39501391531151,98.20693871106795,26.97610321927948,39.118800488719415,2,27,rest
2026-01-05 07:00:43.100,athlete_01,session_001,-0.0026221709347547147,0.015413700511311903,1.006453456607166,-1.3753457098690605,-0.03847873476994255,0.42626980502576634,112.20975867861458,98.25054584153,26.94174589167778,39.118800488719415,2,27,rest
2026-01-05 07:00:43.150,athlete_01,session_001,0.03436804988463232,0.011579182873053793,1.019370932652489,-0.009038986356837737,2.0112776099114855,-0.29137927997069485,112.12343531709466,98.36418901834989,27.004683507309736,39.118800488719415,2,27,rest
2026-01-05 07:00:43.200,athlete_01,session_001,0.018316955008132983,-0.034226492698390815,0.9844767297086706,0.9008902930571622,2.319888385944062,-1.9208945767924956,111.91066988035249,98.18818344329732,26.944547746870892,39.118800488719415,2,27,rest
2026-01-05 07:00:43.250,athlete_01,session_001,0.007703382785743629,-0.005609311469003272,1.0152593035781874,0.41084778667039984,-0.7262162585767848,-0.7515243231955369,111.82662691524403,98.53350694773422,26.909129867970876,39.118800488719415,2,27,rest
2026-01-05 07:00:43.300,athlete_01,session_001,-0.003089483325170294,0.016792805234285155,1.005889114582873,-1.2282270103551012,-1.6571490189645177,-2.915125870440525,111.80008786355555,98.22548656386637,27.04775672225189,39.118800488719415,2,27,rest
2026-01-05 07:00:43.350,athlete_01,session_001,0.03591254624904259,0.006839037258728517,0.9972627785236798,1.9824889100636325,1.3410504666184253,-1.0614290861360174,111.74347912421504,98.42417681496958,26.94533491271232,39.118800488719415,2,27,rest
2026-01-05 07:00:43.400,athlete_01,session_001,0.018361507422191097,-0.003777206438275964,1.006793754576257,-1.6286783925298243,1.0220917985351052,3.433669357677945,111.76330500349009,98.35680154829778,27.10451141720718,39.118800488719415,2,27,rest
2026-01-05 07:00:43.450,athlete_01,session_001,0.004878622681501589,-0.012181592263589398,1.0082236636232151,3.1614958417561945,1.0841566582695397,-1.0877879604846568,111.74315574015493,98.56762850248275,27.08951380907862,39.118800488719415,2,27,rest
2026-01-05 07:00:43.500,athlete_01,session_001,-0.014043888861912709,-0.01532342920392279,0.9807330713735274,-3.094087533199887,1.7975660183166247,3.695968812056387,111.76842032462501,98.62795083677733,27.06737472482397,39.118800488719415,2,27,rest
2026-01-05 07:00:43.550,athlete_01,session_001,-0.016586127803060118,0.006568423947084,0.9874589827551093,2.7406118687472785,-2.3478098360248714,0.49570415365865855,111.77538553869051,98.4646342542693,26.891022012196295,39.118800488719415,2,27,rest
2026-01-05 07:00:43.600,athlete_01,session_001,0.012508728500071172,0.0335413766539987,1.0227322714598395,-0.43207765193763076,0.22510795757813382,1.2467609043267982,111.81319543396562,98.25590511826579,27.04824742381024,39.118800488719415,2,27,rest
2026-01-05 07:00:43.650,athlete_01,session_001,0.00041024440252977827,0.04211125623117009,0.9902516072739451,0.10086133815086626,4.111100577009349,1.2969192059632517,111.74954793724142,98.4385535892545,26.929376695611126,39.118800488719415,2,27,rest
2026-01-05 07:00:43.700,athlete_01,session_001,0.01514682111658175,-0.03052239828551761,1.0229351806485105,-2.265978811825399,0.03938357218957411,-0.6005715195540025,111.8031491410466,98.3130431527467,27.08121082510041,39.118800488719415,2,27,rest
2026-01-05 07:00:43.750,athlete_01,session_001,-0.00671007478985943,0.011563030357284258,1.0204940476245996,0.885077581194937,1.9939397964452832,3.5436450847742598,111.78214664269194,98.44064085151221,26.918318676821045,39.118800488719415,2,27,rest
2026-01-05 07:00:43.800,athlete_01,session_001,-0.0029108088769011433,0.04566600770077917,1.0167482750708388,1.698170907317703,-0.24292943853044893,0.28160515993020885,111.78333018911663,98.32769760883242,26.978878039174095,39.118800488719415,2,27,rest
2026-01-05 07:00:43.850,athlete_01,session_001,0.012849922951203614,-0.03004805885861023,1.0106592892282915,2.7638070441434723,3.2306043328657608,-0.21325222500642024,111.76260635354285,98.38133286535005,27.054889591349834,39.118800488719415,2,27,rest
2026-01-05 07:00:43.900,athlete_01,session_001,0.023493465547469814,0.009598763709587715,1.0351497889138686,3.5523358194839973,1.468559296403793,4.528515482102819,111.7075847779112,98.30013509587555,26.95914318349484,39.118800488719415,2,27,rest
2026-01-05 07:00:43.950,athlete_01,session_001,-0.0037097604177722195,0.04129343656136717,1.0180856373156737,1.28404692399707,-0.5139683638716832,0.37853888825743265,111.73402673067002,98.43185086164809,26.96823623452483,39.118800488719415,2,27,rest
2026-01-05 07:00:44.000,athlete_01,session_001,0.009569206314630369,0.03267710004422603,1.0323191498336426,1.7571003632748998,4.5133601188036945,-1.064630449236008,111.55528398679674,98.7606079804868,27.010566054298735,39.118800488719415,2,27,rest
2026-01-05 07:00:44.050,athlete_01,session_001,0.013024730590211031,0.038575213681182996,1.027824446711057,2.486833537063605,-3.6068087224398355,0.4782223311839599,111.42366873979837,98.6882652673534,26.986918458838748,39.118800488719415,2,27,rest
2026-01-05 07:00:44.100,athlete_01,session_001,0.0005168481797963278,0.011765367899031846,1.007561267858994,2.4236837460159744,-0.409465292143228,3.2554467771887476,111.23306003516137,98.36015736473561,27.01988800976076,39.118800488719415,2,27,rest
2026-01-05 07:00:44.150,athlete_01,session_001,0.014417843289743222,0.013553083939272015,1.0060527121513188,4.552386485732384,3.188852688514692,0.8468177374908562,111.27100422570115,98.45304673427215,27.017672239689727,39.118800488719415,2,27,rest
2026-01-05 07:00:44.200,athlete_01,session_001,0.0520614602144785,0.04600391839054385,1.0097970349278014,2.4070879138638586,-0.5921184197060586,2.478105356727994,111.20164272903318,98.10874370017171,26.898624430149404,39.118800488719415,2,27,rest
2026-01-05 07:00:44.250,athlete_01,session_001,0.05893651702402734,0.016293927191401842,1.0215101463116827,0.529476352210708,-0.9315136151726838,3.4454384558522353,111.21741660434958,98.53645648705667,27.1911013356036,39.118800488719415,2,27,rest
2026-01-05 07:00:44.300,athlete_01,session_001,-0.02801321227750784,0.031777182865009204,0.9925209463690681,3.251046074671963,-1.1807298925444507,4.186804618898964,111.36853990284986,98.57592198164622,27.09247052838047,39.118800488719415,2,27,rest
2026-01-05 07:00:44.350,athlete_01,session_001,0.015847681127712555,0.03738818948026209,0.9814919818775865,-1.2535725486881413,0.6078505428090009,5.581839402672792,111.40707302132937,98.12490045456006,27.04144583551959,39.118800488719415,2,27,rest
2026-01-05 07:00:44.400,athlete_01,session_001,0.010540418200410833,0.002437001912104139,1.0102236989434101,-0.13487777791560818,1.8023732460617226,4.827653741413406,111.15868625081816,98.17232828860048,26.944858929542054,39.118800488719415,2,27,rest
2026-01-05 07:00:44.450,athlete_01,session_001,0.0395653246035736,0.024621001293210973,0.9855665065607424,1.811762613247225,-0.9228878954016767,2.8870667441755824,111.01730696889288,98.14860987926768,27.078940801587176,39.118800488719415,2,27,rest
2026-01-05 07:00:44.500,athlete_01,session_001,0.016184371645911206,0.03760251003875655,0.9993744631913519,2.17586865933245,2.5098347454249135,0.5603974882105572,111.08055936159352,98.37229134000485,26.964016099287853,39.118800488719415,2,27,rest
2026-01-05 07:00:44.550,athlete_01,session_001,0.0016270825097931606,0.027974532049586623,1.0185261723814794,4.876939940918616,2.706847590364785,1.9983932097217196,111.03116997598893,98.23715221850512,27.006955412585956,39.118800488719415,2,27,rest
2026-01-05 07:00:44.600,athlete_01,session_001,0.040770852251105445,0.022591707169679877,1.020183468000674,2.6198797843241293,3.0366849954830415,-0.3721714558039521,111.08910137821742,98.50754687874047,26.984378245157156,39.118800488719415,2,27,rest
2026-01-05 07:00:44.650,athlete_01,session_001,0.029119978849735998,0.03453047000908802,1.0416938154952686,2.069189073764428,-0.31304991088593526,1.060410308115242,111.23289969908313,98.46751862136551,27.01762882562409,39.118800488719415,2,27,rest
2026-01-05 07:00:44.700,athlete_01,session_001,-0.015919274463318416,0.04288791686172958,0.9922810920196447,3.9666560075843362,2.63203196872959,4.234125254704151,111.10559273035578,98.14189009475868,27.138165896149882,39.118800488719415,2,27,rest
2026-01-05 07:00:44.750,athlete_01,session_001,-0.006513713366359162,0.030274302451904673,0.9823998526499166,3.698884369878778,0.042754078104813506,2.8261161699527775,111.2876938545232,98.23089327875871,26.96928344406317,39.118800488719415,2,27,rest
2026-01-05 07:00:44.800,athlete_01,session_001,0.032774278682748924,0.023378279728788476,1.0276948724774495,3.7868624508437243,1.7207758881426207,1.20094825983814,111.21721905839381,98.33646128561523,27.10822874946345,39.118800488719415,2,27,rest
2026-01-05 07:00:44.850,athlete_01,session_001,0.015273983407945857,0.003481171226271942,0.9883454789024867,4.617879967721871,2.3391238858348777,2.9105035286445773,111.15091817205025,98.34289334883165,27.040098911160026,39.118800488719415,2,27,rest
2026-01-05 07:00:44.900,athlete_01,session_001,-0.005496281134091891,0.017402644267491673,1.0243236687738324,4.103308442357502,5.358024212827928,0.32357762215714636,111.16757788163916,98.56203702687367,26.933819581680723,39.118800488719415,2,27,rest
2026-01-05 07:00:44.950,athlete_01,session_001,0.020752610470888107,0.0370319564351002,0.9818874411651359,2.6532274426685403,4.198124584837474,4.703431612574672,111.4588903717675,98.50455344686374,27.18561185718938,39.118800488719415,2,27,rest
2026-01-05 07:00:45.000,athlete_01,session_001,0.05131424268501018,0.014059239150511809,0.995879628462156,1.6534319500855863,3.4658902020565705,2.348572147760171,111.38854699655195,98.71774980559967,27.06176042889371,39.118800488719415,2,27,rest
2026-01-05 07:00:45.050,athlete_01,session_001,0.018669283114128594,0.017557474167531846,1.0280601816083597,0.16793070992473758,4.962464521299509,6.724866132070876,111.48504657227349,98.00603101727016,26.88543419984824,39.118800488719415,2,27,rest
2026-01-05 07:00:45.100,athlete_01,session_001,0.017175773599111026,0.02739247341489104,0.9864169783657215,4.100423837118549,0.32823090073869654,0.012812684002536922,111.51040024234807,98.88460013854571,26.974996185200567,39.118800488719415,2,27,rest
2026-01-05 07:00:45.150,athlete_01,session_001,0.05273017833285764,-0.014368757283682365,1.0129342902911185,2.9527964598929706,0.6931314016744738,0.563384521702024,111.44135796161835,98.51762950935759,26.932449892059132,39.118800488719415,2,27,rest
2026-01-05 07:00:45.200,athlete_01,session_001,0.016941465180310426,-0.0007124929348565075,1.0220066291165948,4.38472776104512,2.251670067508768,1.4315386728324748,111.40295322549314,98.36270849101683,26.935150241824534,39.118800488719415,2,27,rest
2026-01-05 07:00:45.250,athlete_01,session_001,0.04783828156843268,0.019543927480040038,0.9905089758653226,2.4502110176646714,4.2188438545998155,2.977322038714082,111.22699126875153,98.22549804361012,26.936835031245113,39.118800488719415,2,27,rest
2026-01-05 07:00:45.300,athlete_01,session_001,0.01843992669177947,0.049322807538855935,1.022121043003961,3.5324128873223786,3.3931131309311624,2.6030002033457666,111.10401980759694,98.53628894056514,27.005536576587772,39.118800488719415,2,27,rest
2026-01-05 07:00:45.350,athlete_01,session_001,0.015426814945386108,0.014532384473297449,1.0351388968044846,2.954009613022718,2.7064786364268216,2.3480953096037696,110.87261292860022,98.66411945538798,27.014841205658833,39.118800488719415,2,27,rest
2026-01-05 07:00:45.400,athlete_01,session_001,0.0014049603789985134,0.04488372013503826,1.0124519357745012,-0.15717046269843452,5.213312375186753,5.120713746914977,110.85518066306054,98.53386487340775,27.05947168097261,39.118800488719415,2,27,rest
2026-01-05 07:00:45.450,athlete_01,session_001,-0.013275904215143644,0.025988584719961363,1.0117551174753987,2.0433608038849793,3.2202903608673807,3.928922661525362,110.64406040100114,98.5900527058283,27.005889015699907,39.118800488719415,2,27,rest
2026-01-05 07:00:45.500,athlete_01,session_001,0.0178042834868552,0.018164675669058168,1.037422142947432,-1.3355732244233838,2.530803177455377,-0.48419490372030294,110.53217822717387,98.40688213485932,27.005580891106842,39.118800488719415,2,27,rest
2026-01-05 07:00:45.550,athlete_01,session_001,0.02340726906199496,0.02417278031556205,0.9898956852287365,2.7427155109372436,1.5733777999631238,2.5212777333091427,110.26384245541392,98.33223621256049,27.11867966216999,39.118800488719415,2,27,rest
2026-01-05 07:00:45.600,athlete_01,session_001,-0.003669223299201254,0.019017209279767484,1.0284285792287216,8.430685012282007,4.055337698281916,-0.9483465659159481,110.0614374908591,98.25786602386896,26.949024678161226,39.118800488719415,2,27,rest
2026-01-05 07:00:45.650,athlete_01,session_001,0.006284262370503919,0.017015551111945613,1.0149467099357308,4.740624534493765,0.4480880843546771,6.458986913194141,109.77634536360912,98.06920027232468,27.041130656285816,39.118800488719415,2,27,rest
2026-01-05 07:00:45.700,athlete_01,session_001,0.012439478268998664,0.014595386517469935,1.0259555052244131,5.2374145978262145,3.5652628510764375,0.8887562577456806,109.65422461753298,98.37024351518204,27.08389219200513,39.118800488719415,2,27,rest
2026-01-05 07:00:45.750,athlete_01,session_001,-0.01695075696505251,0.0010963358430376908,1.0140121144658385,2.0733248204361403,3.724995168494159,3.619522743755076,109.45163026448367,98.60317514100572,27.085175148779012,39.118800488719415,2,27,rest
2026-01-05 07:00:45.800,athlete_01,session_001,0.005153874237314025,0.04276612812136556,0.9941708602071111,0.9740763499706143,2.8739166125099875,1.6108540502376336,109.30739598177409,98.76416555856417,26.941830754597802,39.118800488719415,2,27,rest
2026-01-05 07:00:45.850,athlete_01,session_001,-0.022745791369153372,0.011936552484947946,1.0239982760827533,1.716649435977778,4.70398098320683,1.4638892121821914,109.30074500707596,98.40845269318238,26.968778952307325,39.118800488719415,2,27,rest
2026-01-05 07:00:45.900,athlete_01,session_001,0.0071554730569746774,0.0002182802637438263,1.0228175816236076,3.868143618325528,5.827820371530636,-1.3826286878219645,109.30739963151902,98.12055018041309,26.99580774203632,39.118800488719415,2,27,rest
2026-01-05 07:00:45.950,athlete_01,session_001,0.01585216751473464,5.1726315794227085e-05,1.004448695733043,0.36771522917048904,0.6214433776036898,1.7404124557601361,109.00591961854012,98.34805129160209,27.056861169546462,39.118800488719415,2,27,rest
2026-01-05 07:00:46.000,athlete_01,session_001,0.03884276978477621,0.023597402429497934,0.9849398578936784,6.97814738534406,3.6206193365900834,1.9620346363115657,108.721566876323,98.48258017648234,27.088097261031674,39.118800488719415,2,27,rest
2026-01-05 07:00:46.050,athlete_01,session_001,-0.022283412746662776,0.022678216314870138,1.0194781581091898,1.3637552530542105,0.9661953503726604,3.1978798000290434,108.64392960247473,98.7014264877777,26.991450354059314,39.118800488719415,2,27,rest
2026-01-05 07:00:46.100,athlete_01,session_001,-0.004337260222898739,0.012413638436023318,1.0208579038493057,1.7842689395473974,3.132849993320116,5.1670711509852785,108.53383581109992,98.44110623223665,27.11831727733774,39.118800488719415,2,27,rest
2026-01-05 07:00:46.150,athlete_01,session_001,0.029451898122726323,-0.008856078695619123,0.983125985535284,4.624053431066265,1.703028305100229,5.746609923016521,108.44180796463586,98.63681795594758,27.050609215143545,39.118800488719415,2,27,rest
2026-01-05 07:00:46.200,athlete_01,session_001,0.026109400735762497,0.02536513461237384,0.9927109706705717,3.0765031398662637,1.3541347081797965,8.183686428190828,108.35959765910424,98.529705784917,26.9458004609816,39.118800488719415,2,27,rest
2026-01-05 07:00:46.250,athlete_01,session_001,0.008049599614562662,-0.0032410391234688704,0.9703298098919276,3.87972862181405,1.8617472573542395,-1.912263898376426,108.3278112420945,98.48966065970629,27.074779537175026,39.118800488719415,2,27,rest
2026-01-05 07:00:46.300,athlete_01,session_001,0.052400115737371605,0.025657884413912823,1.019951924528826,-2.0841767066515464,3.5382001019124,7.158455421209773,108.22616634922466,98.47161789594182,26.864041724309725,39.118800488719415,2,27,rest
2026-01-05 07:00:46.350,athlete_01,session_001,0.003461861610797968,-0.02453879097817704,1.0177515648369315,1.4900235876146246,2.6960955518183187,3.3830626396062065,108.12828996256549,98.46235979438377,26.99148721296109,39.118800488719415,2,27,rest
2026-01-05 07:00:46.400,athlete_01,session_001,0.03184069815209221,0.03751928149855492,1.0036702664814925,1.8664081650010165,2.1070239786252585,3.6181604822999693,107.98091517623153,98.36198855390705,26.84672360121952,39.118800488719415,2,27,rest
2026-01-05 07:00:46.450,athlete_01,session_001,0.03209053998591642,0.025618037481621683,1.0262822473972188,2.0616659037732696,4.7147219877456,1.6966710111701977,107.7300363480082,98.4045065964629,27.011844049181477,39.118800488719415,2,27,rest
2026-01-05 07:00:46.500,athlete_01,session_001,-0.021131446555279803,0.008679887110226275,1.0531753594505004,5.312315516835918,4.599726972577745,2.2195106022972997,107.60495144140158,98.31728783106469,27.08594700429671,39.118800488719415,2,27,rest
2026-01-05 07:00:46.550,athlete_01,session_001,0.023339196969343695,0.006041770631247318,1.002206073796087,0.6968445176200054,2.6697422602816863,3.633356956653069,107.51883236915648,98.54380814076704,27.058519088559805,39.118800488719415,2,27,rest
2026-01-05 07:00:46.600,athlete_01,session_001,0.02081941697605627,0.005449271886379173,0.9942940264974288,2.408204273084526,-0.5425381585459353,3.1547091535841045,107.25557721801914,98.14610117112203,26.819569190090874,39.118800488719415,2,27,rest
2026-01-05 07:00:46.650,athlete_01,session_001,-0.012215922554850912,0.02814712949204294,1.0357809025296958,5.154827964205376,-2.3454979791302306,0.052804999637645664,107.2971184778067,98.25444942641272,27.026134166471078,39.118800488719415,2,27,rest
2026-01-05 07:00:46.700,athlete_01,session_001,0.04643264254878939,0.012015479093509846,0.9759951201973616,-2.333578916371827,1.66085757340377,0.29057517540314,107.25725070549888,98.56654255301913,27.053158935941163,39.118800488719415,2,27,rest
2026-01-05 07:00:46.750,athlete_01,session_001,0.008039903158087091,0.04466416445606041,0.9694900046441586,-0.9640009470237626,3.5122775696243784,-0.022032539594231793,106.93426650852905,98.23897304491712,27.066530412627074,39.118800488719415,2,27,rest
2026-01-05 07:00:46.800,athlete_01,session_001,0.04698666466549543,0.0063331444022322984,1.0289877104610223,0.9560461587840082,0.13518096895095713,0.637104331682373,106.82469321273022,98.48091902857122,27.054375185406524,39.118800488719415,2,27,rest
2026-01-05 07:00:46.850,athlete_01,session_001,-0.017502910290780594,0.03152679300102214,1.0091149057379805,-0.11134432116939069,4.5887106011582395,-0.8800620180759521,106.64264424865877,98.33464336434565,27.066048783226446,39.118800488719415,2,27,rest
2026-01-05 07:00:46.900,athlete_01,session_001,-0.0034093220570359283,0.04364963690860716,0.986921295967347,-0.7078697937804297,0.4478989280713166,-0.17731735834617735,106.66316306898695,98.160525446101,26.89139810023508,39.118800488719415,2,27,rest
2026-01-05 07:00:46.950,athlete_01,session_001,0.023015319255131336,0.004876568728452176,1.0013587402911777,2.000547005462436,4.817743260877395,4.370401104823006,106.63137969702079,98.40828555647299,26.997366599691503,39.118800488719415,2,27,rest
2026-01-05 07:00:47.000,athlete_01,session_001,0.002523158828451244,0.025284263673707816,1.0098387518460645,4.290586978540032,4.6143366536933295,3.487123987376577,106.59511719197761,98.64264721692068,26.95206815216578,39.118800488719415,2,27,rest
2026-01-05 07:00:47.050,athlete_01,session_001,0.03488494717671235,-0.006332285432129134,1.006453747722816,-0.999884711863461,3.689802249533822,0.8402942752498417,106.48394199112683,98.35804195025183,26.996714550475772,39.118800488719415,2,27,rest
2026-01-05 07:00:47.100,athlete_01,session_001,0.00038815267879099456,-0.02893545167027556,1.0185028199594692,3.6044239543387615,0.5613505305955033,-0.13079362503796993,106.42290066365017,98.54500995110192,27.021778550704205,39.118800488719415,2,27,rest
2026-01-05 07:00:47.150,athlete_01,session_001,-0.03332009250809694,0.018443973990214895,1.0001689381370402,-0.5694096322616679,5.119934664262793,-1.779828798982712,106.39801650987606,98.56155114674246,26.934954353120663,39.118800488719415,2,27,rest
2026-01-05 07:00:47.200,athlete_01,session_001,0.032374913609008196,0.016358049688610286,0.9755532596720811,0.22786875812144283,1.683818994412519,1.2431347660878564,106.13723151179315,98.15567087538406,26.962708154336426,39.118800488719415,2,27,rest
2026-01-05 07:00:47.250,athlete_01,session_001,0.0034684504804183324,0.022223032617653644,0.9792614070227585,3.2287162339428424,1.6453776991095899,-2.851282749835131,106.02679256232538,98.55412961484217,27.047165214864613,39.118800488719415,2,27,rest
2026-01-05 07:00:47.300,athlete_01,session_001,0.008769367212823426,-0.010487802927401533,1.0295568727793458,2.497909010977006,1.9371777728548216,2.8221900003447344,105.89695598217807,98.30614494470231,26.958123807282224,39.118800488719415,2,27,rest
2026-01-05 07:00:47.350,athlete_01,session_001,0.0022925195146837863,0.01542366280851949,0.9961750846986425,1.1991229255588676,-0.8690615084719612,1.461686807854171,105.78541399579662,98.58493116499712,26.96782458358742,39.118800488719415,2,27,rest
2026-01-05 07:00:47.400,athlete_01,session_001,0.02294710076098366,-0.01859383462660881,0.9970439173187584,1.0456300179407936,3.20662246988448,-0.6316008150483032,105.76655236975733,98.34810631802534,27.007564330899594,39.118800488719415,2,27,rest
2026-01-05 07:00:47.450,athlete_01,session_001,0.021863274602668598,-0.0003375813128607481,0.9584397735503235,0.8952418195549676,4.102619830354955,-2.0992506229559185,105.61117487115037,98.52833062962043,27.10454372880982,39.118800488719415,2,27,rest
2026-01-05 07:00:47.500,athlete_01,session_001,-0.05169699995589257,0.034816224483512445,0.9803355870019613,-1.388174246300583,3.4442932733345755,-0.6687139724042233,105.37283060257181,98.96935548770055,26.97532399443205,39.118800488719415,2,27,rest
2026-01-05 07:00:47.550,athlete_01,session_001,0.014709048984035454,-0.018845455278216017,1.0085680576781617,3.3082475200214994,1.0582128726790963,3.4634417170746574,105.14303457907288,98.31200910856849,26.878062634872244,39.118800488719415,2,27,rest
2026-01-05 07:00:47.600,athlete_01,session_001,-0.030116892344520113,0.02379149976253305,0.99497617196461,1.992448681402301,0.2733084074673933,2.7591878261264444,105.11869693633163,98.20007609963245,26.927446840636314,39.118800488719415,2,27,rest
2026-01-05 07:00:47.650,athlete_01,session_001,0.00855965143340777,-0.017156265820521023,1.0081762406146177,-2.696738137108373,0.4492552801343135,1.3620231616733867,104.89850290652409,98.42947262066,27.012580816208864,39.118800488719415,2,27,rest
2026-01-05 07:00:47.700,athlete_01,session_001,0.0015529222798506502,0.015512561137244751,1.0140928387527544,2.782228146630856,4.343383492117176,1.7687887276073786,104.75686640051197,98.54171173941815,26.867353764592295,39.118800488719415,2,27,rest
2026-01-05 07:00:47.750,athlete_01,session_001,0.016997605936906753,-0.01222107249328205,0.9961699091297264,-1.8524325501989876,3.4369841495607973,1.6019385973082656,104.71511584366117,98.694588056191,26.93482029040153,39.118800488719415,2,27,rest
2026-01-05 07:00:47.800,athlete_01,session_001,-0.03419389933676128,-0.016501578145289835,1.0537295618398954,1.9812754754600344,0.932832692088227,2.438854704117799,104.5432473245778,98.67240756310662,26.933372667891405,39.118800488719415,2,27,rest
2026-01-05 07:00:47.850,athlete_01,session_001,-0.0006582963110186467,-0.02877915967125719,0.9962363337889502,-1.9537332710213302,0.1731832652647411,-2.249526145430479,104.27086527071177,98.36231050181834,27.1552002399337,39.118800488719415,2,27,rest
2026-01-05 07:00:47.900,athlete_01,session_001,0.04256550788697054,0.013162975173370176,1.0176369473924327,4.490697351593609,-1.2888813652181532,1.0700805791086438,104.18407394370574,98.33502565125644,27.063505550725083,39.118800488719415,2,27,rest
2026-01-05 07:00:47.950,athlete_01,session_001,0.0480417712325639,-0.02840095781377168,1.0108782524609283,2.9219524718604624,0.44236406219398444,0.1318077373554116,104.12988820092585,98.17524604495065,26.937711439659367,39.118800488719415,2,27,rest
2026-01-05 07:00:48.000,athlete_01,session_001,-0.0147247773089487,-0.16951681605523022,0.8589680861183909,-4.6758036329134836,-81.93129107040411,-48.63517144299152,106.56073176721002,98.28210510200006,26.84344918410813,39.161290748954876,2,27,breaststroke
2026-01-05 07:00:48.050,athlete_01,session_001,-0.08589587636414708,-0.2654225165444584,0.8409876874853559,-5.068662598421998,-71.39257988389515,-45.683574636925165,106.65782113881224,98.63694034760911,26.948602861450734,39.20339407622999,2,27,breaststroke
2026-01-05 07:00:48.100,athlete_01,session_001,-0.21134297021488196,-0.11361592363000193,0.7582057926415557,-22.720960203746667,-70.94106373514803,-40.222438758639626,106.90679902684974,98.65316317895841,26.956720178241053,39.245109933845285,2,27,breaststroke
2026-01-05 07:00:48.150,athlete_01,session_001,-0.19578112916877635,-0.25443009822823837,0.742410409024803,-27.234222406921944,-62.886619340370416,-50.008862092029425,106.94179663310078,98.62893459924777,27.013509140247624,39.28644695270104,2,27,breaststroke
2026-01-05 07:00:48.200,athlete_01,session_001,-0.22505270757839696,-0.09902264956226647,0.7530444830236819,-30.444855924187852,-51.857604398269046,-49.53382282466981,107.146245110744,98.75853088502589,26.944579600581445,39.32742272708866,2,27,breaststroke
2026-01-05 07:00:48.250,athlete_01,session_001,-0.31063117833918724,-0.05404795550847122,0.7572124805258174,-33.213485105232394,-50.80650058340026,-56.470044271561584,107.07061125546564,98.31023617027068,26.93838387635359,39.368063398406704,2,27,breaststroke
2026-01-05 07:00:48.300,athlete_01,session_001,-0.3898046508718745,-0.14371853008905922,0.7126533571799443,-42.23345548018743,-29.899567514109467,-57.411523708169085,107.08279706660994,98.59511374407735,26.859570831460314,39.4084030366508,2,27,breaststroke
2026-01-05 07:00:48.350,athlete_01,session_001,-0.38129590143614916,-0.12078275664723546,0.6988750927629415,-50.72719689599152,-22.082496855326298,-61.65226489900001,107.09266361479695,98.37882880970588,27.00842349057776,39.44848283431164,2,27,breaststroke
2026-01-05 07:00:48.400,athlete_01,session_001,-0.47420091056292585,-0.011787680317452313,0.7530390444536204,-60.77809688459669,-11.94505674455574,-59.66744433910261,106.92172256239992,98.37023776744044,26.90489103402313,39.48835013175343,2,27,breaststroke
2026-01-05 07:00:48.450,athlete_01,session_001,-0.5137396270626113,0.03730409536755449,0.7058283681252906,-69.5682273117859,-7.371953407593206,-52.80327827391949,107.1415186545577,98.92282437678352,27.065674576004948,39.52805729713262,2,27,breaststroke
2026-01-05 07:00:48.500,athlete_01,session_001,-0.5183587160908183,0.04418459877387694,0.7924572580242782,-67.59413397231965,3.8099920158129783,-47.2634451006694,107.21611731148352,98.09020844156757,27.031096281042878,39.56766048735823,2,27,breaststroke
2026-01-05 07:00:48.550,athlete_01,session_001,-0.627715030563239,0.012211588590287134,0.7491899432466121,-59.86838918053794,17.239023196324574,-54.44769188703738,107.26914138637716,98.43077541041299,26.887166923388072,39.607218319409526,2,27,breaststroke
2026-01-05 07:00:48.600,athlete_01,session_001,-0.49569174239409763,0.17841349844976367,0.8849426034521571,-78.83958002554502,33.64760284878758,-39.30424426201814,107.32048799592562,98.46526448071666,26.971016529705125,39.646790483448086,2,27,breaststroke
2026-01-05 07:00:48.650,athlete_01,session_001,-0.5386169386711194,0.16487495976704714,0.8279540760635499,-69.9202833988508,53.03000798847774,-33.28949137209489,107.38246969599685,98.58808206550349,27.08797339252238,39.6864363305382,2,27,breaststroke
2026-01-05 07:00:48.700,athlete_01,session_001,-0.5154357118659968,0.10544000559680491,1.0141155985966694,-68.32119867607251,67.16773419059729,-7.714254173964319,107.56249145956588,98.5796157065909,26.973375146528166,39.72621346839028,2,27,breaststroke
2026-01-05 07:00:48.750,athlete_01,session_001,-0.4304457887317301,0.2367427337779044,0.9924139904332363,-77.11343696698475,85.00736250543493,-8.51352291579919,107.72790142625462,98.21215746153572,27.056078984589913,39.76617639835239,2,27,breaststroke
2026-01-05 07:00:48.800,athlete_01,session_001,-0.44334982291986147,0.10415976556496269,1.092592010790849,-57.98724725657055,77.48022343199213,11.133317825192814,107.71491795289677,98.49621390322463,26.95294664071877,39.80637522589891,2,27,breaststroke
2026-01-05 07:00:48.850,athlete_01,session_001,-0.3537040729768453,0.2636709230382834,1.0812954092342535,-50.82574881784073,104.45417250138576,15.8127120285918,107.73480878764087,98.42961748435324,27.032202824647364,39.84685447512617,2,27,breaststroke
2026-01-05 07:00:48.900,athlete_01,session_001,-0.20602622611215385,0.165990532234628,1.091116852905719,-28.818842254047045,108.52019437929879,18.71961804085651,107.74122658581312,98.75411952308042,26.78825042733606,39.88765203530465,2,27,breaststroke
2026-01-05 07:00:48.950,athlete_01,session_001,-0.10182452664322228,0.27961185248132014,1.2034452800070612,-25.028177573806623,101.18849221658981,41.52937069754938,107.79658810268272,98.55490707728626,27.044689951745973,39.92879826441216,2,27,breaststroke
2026-01-05 07:00:49.000,athlete_01,session_001,-0.07945098801077127,0.26840762022618103,1.1985151670673482,0.2787197417745211,103.83842680039793,30.216735890558965,107.79080076183077,98.52119360323177,26.846407618363408,39.970315270858855,2,27,breaststroke
2026-01-05 07:00:49.050,athlete_01,session_001,0.07793719131918612,0.2983197967724461,1.3160690589910307,9.623963932270595,103.1137678328108,57.023037894763775,107.8193501320663,98.36710975879794,26.920975478781262,40.01221639039834,2,27,breaststroke
2026-01-05 07:00:49.100,athlete_01,session_001,0.1477199800730837,0.2362172914101536,1.1668432751031281,25.445535455941858,93.71165243543946,61.80779393187999,107.90113743023389,98.51960275421268,26.975958264808853,40.05450587060145,2,27,breaststroke
2026-01-05 07:00:49.150,athlete_01,session_001,0.2656225330917231,0.18185028738568285,1.2940248439194957,48.54234427332905,84.63170875117643,73.35651181418018,107.98889927219082,98.26925436944865,27.075980123218205,40.097178770357964,2,27,breaststroke
2026-01-05 07:00:49.200,athlete_01,session_001,0.3236303287526762,0.11460732360096021,1.2962504509411419,63.636703614927484,77.81093096212177,77.50509274724254,108.01650439556872,98.43315281218074,26.927026164016226,40.14022107678414,2,27,breaststroke
2026-01-05 07:00:49.250,athlete_01,session_001,0.4763204997414799,0.09252057561048345,1.3944654284791271,56.547347443540886,52.750563864962615,59.57392837634744,107.9820754321173,98.68117403102092,27.02789668977903,40.18361003676998,2,27,breaststroke
2026-01-05 07:00:49.300,athlete_01,session_001,0.5089401601728702,0.14355089354231512,1.2492557132544835,61.52049649393095,37.28848675732884,59.52926416906594,107.96064016837592,98.20749379283248,26.966423103964118,40.227314695321795,2,27,breaststroke
2026-01-05 07:00:49.350,athlete_01,session_001,0.49531355171795804,0.06704588648126371,1.2361990622828087,73.88159700233963,6.531126264912238,54.119679376020144,107.9487405747092,98.1941319253751,27.149988093871066,40.271296627962755,2,27,breaststroke
2026-01-05 07:00:49.400,athlete_01,session_001,0.583648879024629,0.04545447646647598,1.2627343626332874,83.67040434787842,2.052648438825171,55.87051385891556,107.9899742276384,98.26813207772727,26.874386956756293,40.31551084986272,2,27,breaststroke
2026-01-05 07:00:49.450,athlete_01,session_001,0.572360095266256,-0.0071474249896731935,1.2902317057642418,72.04853512352196,-18.740515529707384,48.34432791659408,107.98222568066157,98.4262392477619,27.175891123766462,40.35990688018713,2,27,breaststroke
2026-01-05 07:00:49.500,athlete_01,session_001,0.5623019993692913,-0.10696951584998349,1.229509545433889,77.08138026845047,-42.75076652190946,44.24032132744786,108.08253824925461,98.28934311079271,26.98889905349843,40.40442993648241,2,27,breaststroke
2026-01-05 07:00:49.550,athlete_01,session_001,0.47852100969166045,-0.08401934769494748,1.192108491152589,67.49018910886733,-32.805495213666745,41.39109966340534,108.04477826502188,98.49994311246208,27.03277756797021,40.449022230838345,2,27,breaststroke
2026-01-05 07:00:49.600,athlete_01,session_001,0.45756964478420986,-0.14321006577383327,1.0303366028040137,56.017940176796046,-49.71771986863363,22.764468129369327,107.93483717344174,98.49670083276794,27.007015748352824,40.493624337160135,2,27,breaststroke
2026-01-05 07:00:49.650,athlete_01,session_001,0.45171967414090397,-0.2354882782146775,1.0737083097567204,59.06577541214253,-70.69281490580941,14.886166866017774,107.98434821828484,98.39696493889137,26.957104058659418,40.53817659720014,2,27,breaststroke
2026-01-05 07:00:49.700,athlete_01,session_001,0.3702953403278054,-0.13238035303552365,0.9899886520817087,40.77479192694395,-73.69285686320708,-4.946295436251653,107.79801630973175,98.38049915672113,26.995594212980272,40.58262053208245,2,27,breaststroke
2026-01-05 07:00:49.750,athlete_01,session_001,0.3331336609106737,-0.21013473820698617,0.9198652121401887,35.962390054618915,-71.91327777875672,2.576210187552454,107.84980980505226,98.26201601480744,26.961556926258464,40.6269002259233,2,27,breaststroke
2026-01-05 07:00:49.800,athlete_01,session_001,0.3160306181525265,-0.21255356499725406,1.0079372651788665,35.02225619867365,-88.8937167354791,-11.986298199347678,107.8123756768267,98.46267540967777,27.085232455711765,40.670963648810584,2,27,breaststroke
2026-01-05 07:00:49.850,athlete_01,session_001,0.26003476149940197,-0.17612186444117142,0.8879390576586208,21.088526892337097,-86.2489316082923,-20.679596041946155,107.73454763279092,98.275984996745,27.09588704934752,40.714763887840725,2,27,breaststroke
2026-01-05 07:00:49.900,athlete_01,session_001,0.15710715810771503,-0.21725713544423603,0.8709123156026549,19.429724581203487,-79.93924156132113,-21.582291371370488,107.64790539145919,98.41715309413969,26.958091624307855,40.758260257086086,2,27,breaststroke
2026-01-05 07:00:49.950,athlete_01,session_001,0.08160797984901194,-0.21200227910188665,0.8272638846339384,10.453431080103561,-80.79450279815421,-34.313615383930205,107.46955427836711,98.39105622223009,27.04766879931311,40.801419260231164,2,27,breaststroke
2026-01-05 07:00:50.000,athlete_01,session_001,-0.04822402562934228,-0.12459557719295754,0.909075991146844,5.358499835461445,-73.70577572342441,-33.39031090839027,107.26027373797768,98.21796041884603,27.05127417301489,40.84421538310125,2,27,breaststroke
2026-01-05 07:00:50.050,athlete_01,session_001,-0.0360763224502955,-0.178595090372311,0.8796929399672786,-3.1080263680234914,-76.287898027872,-43.37253417689838,107.19612920170508,98.24667286055801,26.957207602412243,40.88663169733222,2,28,breaststroke
2026-01-05 07:00:50.100,athlete_01,session_001,-0.1181083657847342,-0.13747998639117626,0.8391019189234865,1.6633087070649442,-54.48521761560915,-38.23310926959469,107.224204010457,99.06015197400053,27.116410117534276,40.928660260898646,2,28,breaststroke
2026-01-05 07:00:50.150,athlete_01,session_001,-0.179028842790482,-0.28989102497458336,0.8894163110828622,-11.092738116891875,-68.74028152668987,-56.928316285679834,107.11897734968821,98.64674926019157,27.022922607882272,40.97030230602343,2,28,breaststroke
2026-01-05 07:00:50.200,athlete_01,session_001,-0.19766929109732284,-0.14820730278157135,0.8439546201242839,-23.56330421974114,-65.30407915898365,-48.579077535247166,107.18684412154037,98.51825479540017,26.94723589377306,41.011568210023256,2,28,breaststroke
2026-01-05 07:00:50.250,athlete_01,session_001,-0.3450512399159069,-0.1083232490261272,0.8521778093866755,-29.314391415667206,-48.33557581536093,-60.86409096176746,107.0704922602732,98.32552735868299,27.02212486482345,41.05247724977944,2,28,breaststroke
2026-01-05 07:00:50.300,athlete_01,session_001,-0.3158609127018158,-0.12336291159033293,0.6422694061529599,-39.23875933708526,-36.096825661984695,-54.56453130316763,107.09538010128053,98.49669954979713,26.862127159670816,41.09305714564355,2,28,breaststroke
2026-01-05 07:00:50.350,athlete_01,session_001,-0.44822121285782596,-0.02164425024454661,0.7716119089057815,-49.34025888093168,-42.81583106642939,-58.89658230778341,107.05792569084032,98.5575264971571,26.949791037218347,41.133343405569065,2,28,breaststroke
2026-01-05 07:00:50.400,athlete_01,session_001,-0.5183478317761949,-0.10221343162854615,0.6233777759467994,-53.69597846703579,-28.717252214828427,-54.81288022513659,106.97151342751062,98.44576270503906,27.132729995322386,41.17337848498699,2,28,breaststroke
2026-01-05 07:00:50.450,athlete_01,session_001,-0.538842267221932,-1.2657544300825885e-05,0.7860417584687585,-59.5098714210051,-12.26196743950365,-55.27663245327373,106.8402431758105,98.24718910155359,26.99107905213856,41.21321078230297,2,28,breaststroke
2026-01-05 07:00:50.500,athlete_01,session_001,-0.5823144919487424,-0.004142096259857223,0.7418797999891281,-70.35163943955106,4.556925992528546,-44.83701726885494,106.93330850803127,98.37135808444498,27.005841084418744,41.25289349378255,2,28,breaststroke
2026-01-05 07:00:50.550,athlete_01,session_001,-0.5618487268431075,-0.02197465073901151,0.7939990673312203,-75.41986457235801,11.814861970894652,-36.608563693081436,106.90995875942922,98.49717739535419,26.964275682109,41.29248335491827,2,28,breaststroke
2026-01-05 07:00:50.600,athlete_01,session_001,-0.48722630590485827,0.07421180100052632,0.8620199875778424,-71.67669057640518,28.433211204378132,-30.82455881534798,106.72289363834183,98.28284727958548,26.925083188113927,41.33203929805798,2,28,breaststroke
2026-01-05 07:00:50.650,athlete_01,session_001,-0.4890092314394824,0.09332272566245707,0.736092785126411,-78.2461570066594,29.410063990628906,-23.498250812579062,106.6716186504105,98.59269479091031,26.93418884433113,41.37162105805525,2,28,breaststroke
2026-01-05 07:00:50.700,athlete_01,session_001,-0.5564435185191563,0.17796559494082573,0.911635131263431,-77.7934309711933,44.820685198954045,-28.179585389064336,106.5549581005443,98.07942699608614,27.19790234569048,41.411287758932296,2,28,breaststroke
2026-01-05 07:00:50.750,athlete_01,session_001,-0.514426291993865,0.1674721661411582,0.9680608414107469,-74.42965692064084,61.89141130253326,-14.959308216990777,106.51922741501755,98.14501426790848,26.965514430385923,41.4510965149953,2,28,breaststroke
2026-01-05 07:00:50.800,athlete_01,session_001,-0.39480197453750265,0.24894004856077454,1.027872102015088,-60.807400479957344,77.31055109512856,-15.177765293301947,106.65387439298564,98.53307426905613,26.98900692206367,41.491101079499956,2,28,breaststroke
2026-01-05 07:00:50.850,athlete_01,session_001,-0.33943950415175006,0.18135179236573118,1.0434004310738196,-55.724870965081614,86.23647371846957,3.647918172941086,106.744411856098,98.279437211663,26.94982674089929,41.53135057284008,2,28,breaststroke
2026-01-05 07:00:50.900,athlete_01,session_001,-0.3380013921598574,0.2267059978632512,1.025023205346735,-45.31061402603697,98.48950438815335,7.163323203312542,106.80300269513667,98.32773271902228,26.93908209606217,41.57188832035051,2,28,breaststroke
2026-01-05 07:00:50.950,athlete_01,session_001,-0.18368209796988355,0.15661207553553813,1.2218577624145217,-23.494922789678643,99.32896571784312,28.23141957304888,106.78939484375535,98.05826178160618,26.963080557837664,41.612750827222115,2,28,breaststroke
2026-01-05 07:00:51.000,athlete_01,session_001,-0.0923834829060587,0.28714038065997816,1.1671410071335784,-28.394139429227984,98.61923652779525,39.2293004409888,106.89238115145086,98.47245220938623,27.065280064247247,41.653966914782636,2,28,breaststroke
2026-01-05 07:00:51.050,athlete_01,session_001,0.04865309181146154,0.16282297748205493,1.224219964518149,-9.906423284484283,106.10031210997923,45.00405416744936,106.9863483441816,98.51130957413928,26.836915451981426,41.69555703857903,2,28,breaststroke
2026-01-05 07:00:51.100,athlete_01,session_001,0.21951427773410617,0.2994685377968444,1.3531516952669995,17.314086602668567,105.8998824546155,58.693916755164636,107.10624705721295,98.79079965785155,26.937708353720417,41.73753280439567,2,28,breaststroke
2026-01-05 07:00:51.150,athlete_01,session_001,0.20011832320899298,0.21860329466859235,1.1737290199400272,27.975824900270883,91.35783528804726,62.8831979323211,107.02398416470197,98.09087878212368,27.09123503231687,41.77989669365944,2,28,breaststroke
2026-01-05 07:00:51.200,athlete_01,session_001,0.332976514675966,0.15788876306655508,1.2424552518701621,43.05709522951904,75.85688508605135,63.5301888408411,107.09790347080232,98.29883991654621,26.913991152794075,41.82264200472875,2,28,breaststroke
2026-01-05 07:00:51.250,athlete_01,session_001,0.3870452962929328,0.1897774257664688,1.3323192675356452,57.990985778419805,61.8103536758257,56.36818460681876,107.25090363664955,98.75656666520189,27.107479128018777,41.86575301145558,2,28,breaststroke
2026-01-05 07:00:51.300,athlete_01,session_001,0.4626268975622405,0.13852845971120897,1.292625502330196,57.68511362343594,49.53005101340928,69.14396209757676,107.17414842695115,98.42318776630488,26.965892131038345,41.90920533526884,2,28,breaststroke
2026-01-05 07:00:51.350,athlete_01,session_001,0.47190495568776225,0.004964962511227217,1.2654211668608002,70.51425515084426,36.28328811136699,70.37502540273624,107.23147204501906,98.42619505391144,26.851037347308882,41.95296652197562,2,28,breaststroke
2026-01-05 07:00:51.400,athlete_01,session_001,0.5324637244411828,0.08386482893033603,1.3097710955043944,75.34216415734116,10.718518329822427,59.02931497213534,107.23609135863852,98.51764099143683,27.043877997212032,41.99699680963309,2,28,breaststroke
2026-01-05 07:00:51.450,athlete_01,session_001,0.5900668012277328,0.09950805178084765,1.181269605424435,70.74615156543766,-2.147474652894052,64.60091183230904,107.23723331458574,98.33314754790608,26.840813771840565,42.04125006932296,2,28,breaststroke
2026-01-05 07:00:51.500,athlete_01,session_001,0.5344836365516413,-0.11096909274160156,1.1967367503799755,70.54499992930262,-15.660571271352598,41.33306396311525,107.25486672003737,98.40791635724352,26.99948449789471,42.085674896569785,2,28,breaststroke
2026-01-05 07:00:51.550,athlete_01,session_001,0.5780454502687055,-0.057214069559342245,1.1767463125250472,72.99828276517707,-30.699881278525247,45.795002192951955,107.2540763855622,98.3831199529577,27.028945787190434,42.13021582757976,2,28,breaststroke
2026-01-05 07:00:51.600,athlete_01,session_001,0.5492255012469883,-0.038550407553059815,1.0801885075911968,72.94617420308676,-47.166325325870346,35.22679914394006,107.2529269743483,98.65570634376054,27.021594689992927,42.17481465152381,2,28,breaststroke
2026-01-05 07:00:51.650,athlete_01,session_001,0.491188182510217,-0.14420779292524685,1.1195739277889927,67.83034336859325,-54.17409280591487,15.692105464466248,107.32334511967501,98.3748568061901,26.967396121006146,42.219411787815936,2,28,breaststroke
2026-01-05 07:00:51.700,athlete_01,session_001,0.5454025392041384,-0.24233338132940513,1.068922019632554,56.99651852305058,-65.98167509990935,18.56440174207888,107.44582303501578,98.46529290096048,27.08986297167,42.26394769580027,2,28,breaststroke
2026-01-05 07:00:51.750,athlete_01,session_001,0.44434154000450565,-0.1711771750878098,0.905791547001598,49.497911135052966,-78.14660455291849,11.67359908317557,107.47785634992645,98.42423744159811,26.93677475045522,42.30836428349339,2,28,breaststroke
2026-01-05 07:00:51.800,athlete_01,session_001,0.377578320337528,-0.1519724121491316,1.0225704293382742,38.97624416715925,-73.85069581841266,9.036756989460178,107.56229525351988,98.33663846836208,27.09783489998524,42.3526062820508,2,28,breaststroke
2026-01-05 07:00:51.850,athlete_01,session_001,0.32883383719503956,-0.24047185057206727,0.8821563000648307,25.48683379906988,-75.52070119936309,-15.057974435263244,107.46015660844212,98.26511377646177,26.930651890385732,42.39662255343738,2,28,breaststroke
2026-01-05 07:00:51.900,athlete_01,session_001,0.2221368370003343,-0.3169982830092442,0.9314403346750985,19.88073570667638,-75.82527275096646,-21.183026484122674,107.64788315364243,98.44292145639699,26.99572401781195,42.440367300362276,2,28,breaststroke
2026-01-05 07:00:51.950,athlete_01,session_001,0.13478712329789197,-0.29594338294736267,0.882314427325405,8.432730868700013,-74.68372317558486,-38.08431237960491,107.73012510418187,98.4447706421483,26.93157179390549,42.48380114985075,2,28,breaststroke
2026-01-05 07:00:52.000,athlete_01,session_001,0.11242052606905778,-0.2702219875590216,0.7992923785576409,14.900932048276879,-76.1201061892461,-37.3406393502592,107.75893553573607,98.4702368582294,26.908219094401638,42.52689208481565,2,28,breaststroke
2026-01-05 07:00:52.050,athlete_01,session_001,0.03554607508244764,-0.16021602604227098,0.7955515793274901,2.5594712891873046,-78.43406249062612,-37.41117766079499,107.57771062167187,98.61187086067251,26.928137756625212,42.56961620158728,2,28,breaststroke
2026-01-05 07:00:52.100,athlete_01,session_001,-0.009594248046128961,-0.22617980478892635,0.7279278611665041,-12.017600781125054,-72.37834556027174,-42.0723080376187,107.7264084463637,98.35369409379689,26.864727195650882,42.611958275478386,2,29,breaststroke
2026-01-05 07:00:52.150,athlete_01,session_001,-0.09970940470083577,-0.19504230964224575,0.8123185879560796,-7.925912611687082,-67.07782291133965,-68.149579074002,107.72022656250176,98.47502540260368,26.985705802595763,42.653912121002904,2,29,breaststroke
2026-01-05 07:00:52.200,athlete_01,session_001,-0.18178524746125438,-0.1476857705476188,0.8165451912224034,-19.33426302329344,-63.732754790526954,-64.2267019685125,107.9182076492495,98.45179843935054,26.8693260129819,42.69548073822566,2,29,breaststroke
2026-01-05 07:00:52.250,athlete_01,session_001,-0.25574642927811336,-0.2433008706622638,0.7981882029376797,-25.347494268150314,-53.26718811857491,-37.217714668259646,107.92174720466384,98.25620845538619,27.020337966530242,42.73667624178031,2,29,breaststroke
2026-01-05 07:00:52.300,athlete_01,session_001,-0.34910244121691825,-0.14212971670274202,0.7247924889577302,-26.937981053228185,-56.718199776561015,-48.08330627368962,107.83240953029937,98.70115469747147,27.113368426180052,42.77751957423498,2,29,breaststroke
2026-01-05 07:00:52.350,athlete_01,session_001,-0.40831591818205837,-0.1259892495158631,0.6580352927013836,-35.85906094586937,-38.67910012000392,-54.2765996424804,108.01664506033896,98.59439403737197,26.98193643575022,42.81804001058745,2,29,breaststroke
2026-01-05 07:00:52.400,athlete_01,session_001,-0.356680157873954,-0.07972387530836804,0.7217034693836196,-54.01878481174489,-33.689547962229675,-52.56512039906113,108.1305963500054,98.26871300784036,27.09609030095782,42.858274465613626,2,29,breaststroke
2026-01-05 07:00:52.450,athlete_01,session_001,-0.4597941797299573,-0.058215923153260005,0.7003244985701823,-53.17692170008517,-25.195337948459464,-59.540347907467854,108.00056220142183,98.40701893832146,26.919308548261252,42.89826662045746,2,29,breaststroke
2026-01-05 07:00:52.500,athlete_01,session_001,-0.49235847796742144,-0.049451310547809525,0.8218036314735553,-56.9268551473247,-15.736280724977961,-48.69247319360874,108.27279377552131,98.17185738369992,26.983429673395573,42.93806588912753,2,29,breaststroke
2026-01-05 07:00:52.550,athlete_01,session_001,-0.5689370659619037,-0.01456322892791094,0.7639231344688272,-60.12905165462394,-8.176845993463509,-58.21663447994263,108.28327628000925,98.3931807547543,26.960869481322785,42.97772624935288,2,29,breaststroke
2026-01-05 07:00:52.600,athlete_01,session_001,-0.5854401498204689,0.043783817738353985,0.7234925567188156,-76.15078419616796,10.094274016453438,-50.70642560997314,108.1191250899529,98.36786277924764,27.029354346510168,43.01730496546062,2,29,breaststroke
2026-01-05 07:00:52.650,athlete_01,session_001,-0.5451185815932508,0.045152106564842316,0.8595941027498227,-72.82277717003306,27.10966352702907,-32.88011334035504,108.42398476247216,98.54492813835316,27.152732805195345,43.05686123349192,2,29,breaststroke
2026-01-05 07:00:52.700,athlete_01,session_001,-0.551513534754328,0.180769924154015,0.804939513307911,-82.94157501565583,46.22339169592842,-33.80386696066528,108.42854770894074,98.16369057739414,26.97489489748874,43.09645478061337,2,29,breaststroke
2026-01-05 07:00:52.750,athlete_01,session_001,-0.47062521226499054,0.20148169207081423,0.8951376966515119,-69.49947483490837,52.20657434673836,-11.892898268620224,108.39398950935905,98.2166352788244,26.92952292101329,43.136144451961755,2,29,breaststroke
2026-01-05 07:00:52.800,athlete_01,session_001,-0.5961734102616761,0.20101511170441724,1.027721493537386,-72.25853444338954,78.98020229955884,-21.829001468784075,108.48796771798833,98.21439434910941,27.0844330133506,43.175986818357906,2,29,breaststroke
2026-01-05 07:00:52.850,athlete_01,session_001,-0.4332659837751554,0.1918821989605707,1.0787779881382267,-66.55502784758438,78.13236948129506,-5.827766665184074,108.60478715841849,98.18331137177913,27.151026017964302,43.21603483783117,2,29,breaststroke
2026-01-05 07:00:52.900,athlete_01,session_001,-0.35312158037800245,0.2144543694538071,1.0379362314995129,-47.98105282420303,85.92121103520569,-0.2853407733116171,108.63120345458425,98.30834847510145,27.027164969409416,43.256336602623215,2,29,breaststroke
2026-01-05 07:00:52.950,athlete_01,session_001,-0.30627811069360117,0.2805170522865211,1.0251314850575581,-46.541351434331375,92.63140874095804,27.185844806447747,108.79458293106526,98.48973067110845,27.093983308628005,43.29693420131721,2,29,breaststroke
2026-01-05 07:00:53.000,athlete_01,session_001,-0.1602295808860842,0.25444237511406115,1.1139990331822476,-15.543293645875467,95.32236901866891,32.87354010585472,108.90224711527102,98.5499698479084,27.066152708409284,43.33786272301459,2,29,breaststroke
2026-01-05 07:00:53.050,athlete_01,session_001,-0.1028233945347542,0.21327048522495753,1.1831688411141705,-9.552949144051986,103.73985357920631,49.16759688763848,109.1852182674842,98.27251396062083,27.052858549895646,43.3791494271208,2,29,breaststroke
2026-01-05 07:00:53.100,athlete_01,session_001,0.020472909504597857,0.2608591471119358,1.2521796728722103,7.957403468285052,100.39088472614901,38.20099906521689,109.29479368923705,98.43982469321176,26.85645721675551,43.420813098383,2,29,breaststroke
2026-01-05 07:00:53.150,athlete_01,session_001,0.20336952661625224,0.2507093795899844,1.1920514431187759,12.150435626107306,100.5305384287604,57.22063614429425,109.31691233069509,98.41758200283904,27.12703032067656,43.4628636024397,2,29,breaststroke
2026-01-05 07:00:53.200,athlete_01,session_001,0.17549990639383753,0.22945082097534605,1.3286940656634516,31.280401707451105,88.66755311761335,60.38865442497032,109.48163998799951,98.19893875362487,27.19249690299908,43.50530165239796,2,29,breaststroke
2026-01-05 07:00:53.250,athlete_01,session_001,0.33792981735726935,0.14166211225745154,1.2445650548532852,62.14893272008766,77.23600665534367,63.747057262173406,109.58234138107065,98.60857270134775,26.93212653087889,43.548118791961265,2,29,breaststroke
2026-01-05 07:00:53.300,athlete_01,session_001,0.3739625601380155,0.10506926881126263,1.2613401996319669,51.68482332863757,61.944698422827585,75.53853208579687,109.66795606838011,98.16113133720425,26.954570853097813,43.591297595506866,2,29,breaststroke
2026-01-05 07:00:53.350,athlete_01,session_001,0.4096347739278241,0.08989188113615376,1.2457126614725347,68.1195148915511,44.84028118104944,64.88493207265289,109.72336697552788,98.64439317295296,27.003617997879523,43.63481208037912,2,29,breaststroke
2026-01-05 07:00:53.400,athlete_01,session_001,0.5353973616279525,0.03493989462582811,1.2425930626195494,78.44987222940274,39.23829697783192,69.36648769728525,109.9386884025705,98.16234942547344,26.984651576094766,43.678628321643615,2,29,breaststroke
2026-01-05 07:00:53.450,athlete_01,session_001,0.44630095162886635,-0.018896478632778102,1.3626516609625277,81.91268992495338,15.860984857517472,67.57113873770133,110.09749614840753,98.5250408195429,27.010626769574234,43.72270525475709,2,29,breaststroke
2026-01-05 07:00:53.500,athlete_01,session_001,0.585095717561873,0.03664732315879622,1.2927072199322696,83.19160641272248,-5.31289602799343,65.04339455832384,110.17224592321674,98.22998487099247,27.0468821327768,43.76699564716163,2,29,breaststroke
2026-01-05 07:00:53.550,athlete_01,session_001,0.5014393721140131,-0.05484886176571141,1.1836964450821927,76.43268779113214,-18.077236298566145,35.94263697145373,110.24501542199525,98.37913761502764,26.99030288170336,43.81144721581526,2,29,breaststroke
2026-01-05 07:00:53.600,athlete_01,session_001,0.5502873988139246,-0.08809774182909227,1.2126191115977196,71.02108052890807,-39.662278496661955,36.881693360604224,110.21367454081351,98.37053252116817,27.0858739284851,43.85600386421785,2,29,breaststroke
2026-01-05 07:00:53.650,athlete_01,session_001,0.49384927656466626,-0.11243681556349802,1.0906197843304999,61.74593094610204,-41.812276801763744,27.477191384990714,110.14710400897754,98.32270330753268,26.92502687331727,43.90060700966406,2,29,breaststroke
2026-01-05 07:00:53.700,athlete_01,session_001,0.5283271073981766,-0.2307762810326603,0.9990865337499923,69.3896393573867,-67.78773781782984,20.180640707272165,110.12023325257488,98.5333536706948,27.056514030562614,43.9451969693204,2,29,breaststroke
2026-01-05 07:00:53.750,athlete_01,session_001,0.44708229112897263,-0.13575875524409614,1.0806677784316094,61.590117726955775,-62.8190248521452,13.696734925472594,110.1570864243116,98.49841023537576,27.06099344208836,43.989714372331456,2,29,breaststroke
2026-01-05 07:00:53.800,athlete_01,session_001,0.4038317123968482,-0.1916584013424854,1.1681255077246897,43.83356007175052,-74.36653000562745,0.26905398065177755,110.14455494343467,98.66019997644122,27.03928927368441,44.03410156454471,2,29,breaststroke
2026-01-05 07:00:53.850,athlete_01,session_001,0.2636972495638208,-0.24309517343527384,0.969312528948962,34.38089028235025,-69.25734935504842,-0.3982739305132563,110.18194293013259,98.26652038046409,27.049384934895034,44.07830397261784,2,29,breaststroke
2026-01-05 07:00:53.900,athlete_01,session_001,0.3181054195852097,-0.2223900803671144,0.9314261803717258,30.511074328868652,-77.80107934086595,-7.64022364740193,110.37189405676735,98.05753700220338,27.029017411605242,44.12227139523349,2,29,breaststroke
2026-01-05 07:00:53.950,athlete_01,session_001,0.16873865299607305,-0.17182713079124767,0.8284229689546042,24.27973281312312,-76.49633812604294,-30.278206576152638,110.15488321245729,98.60056000323398,26.95629013672879,44.16595919087124,2,29,breaststroke
2026-01-05 07:00:54.000,athlete_01,session_001,0.19447401797670716,-0.21965705480711356,0.8048162084936824,12.94686066522933,-86.89734838067056,-29.267322207991853,110.09695835234008,98.40254591693741,26.97671737430381,44.20932933403376,2,29,breaststroke
2026-01-05 07:00:54.050,athlete_01,session_001,0.025979439701235667,-0.1454915744177463,0.8485614610885146,13.264121632088798,-81.60283446705773,-26.98588034413357,110.07970909293586,98.40059738172427,26.89530576023274,44.252351314936675,2,29,breaststroke
2026-01-05 07:00:54.100,athlete_01,session_001,0.05573588103256745,-0.1420093438528025,0.8161499939795485,-2.609291251535646,-72.6361948598127,-53.00293081799195,110.05432833874035,98.61068593504044,27.12747220423504,44.29500286137542,2,29,breaststroke
2026-01-05 07:00:54.150,athlete_01,session_001,-0.020137552832059875,-0.12216136019763177,0.7799233817201027,-4.276705318754233,-73.69518308067501,-56.42579655857355,110.09424745779842,98.45257631523145,26.892109807174545,44.33727046568948,2,30,breaststroke
2026-01-05 07:00:54.200,athlete_01,session_001,-0.07294122493384306,-0.15753246401882456,0.7635386465237278,-17.27703753561501,-67.40484985710233,-56.746524125732556,110.13722245635023,98.24413810112279,27.033481684468416,44.37914970435598,2,30,breaststroke
2026-01-05 07:00:54.250,athlete_01,session_001,-0.23219016037265372,-0.13345578364317245,0.760227440272414,-22.710786604719203,-48.93339140942305,-51.41672868342949,110.16962572258876,98.54879673811675,26.944612761210962,44.42064534265102,2,30,breaststroke
2026-01-05 07:00:54.300,athlete_01,session_001,-0.2676597893506467,-0.2267145863958347,0.7666076617894199,-31.10745137384915,-62.18991745660374,-64.32006109785452,110.16111544798885,98.59965892958417,27.050500523214424,44.46177122190241,2,30,breaststroke
2026-01-05 07:00:54.350,athlete_01,session_001,-0.30971007864920147,-0.1461107917955252,0.7932122323493882,-29.009008622476603,-54.617668110426294,-60.55955554201691,110.35469915979289,98.18708333374549,26.965628825235797,44.50254993200144,2,30,breaststroke
2026-01-05 07:00:54.400,athlete_01,session_001,-0.3397379072734399,-0.05844659442769476,0.797074527928992,-51.54475578904443,-44.71547965788081,-51.38740568577308,110.24655898763146,98.40415279041176,27.18998605267631,44.54301227692211,2,30,breaststroke
2026-01-05 07:00:54.450,athlete_01,session_001,-0.3379339360170287,-0.054796742286730114,0.7759794824664673,-46.44765851953981,-34.82534764714209,-57.438567088073015,110.12217005061096,98.22063096145504,27.047675727792523,44.58319654589372,2,30,breaststroke
2026-01-05 07:00:54.500,athlete_01,session_001,-0.48114077665108207,-0.14647001880996546,0.696832457936173,-54.39074301700968,-20.966754036529917,-57.607469446647315,110.19508920984552,98.67471744887696,27.04232760502776,44.62314760747105,2,30,breaststroke
2026-01-05 07:00:54.550,athlete_01,session_001,-0.5148494131535661,-0.028564840877752174,0.6687165860305924,-62.98945647823773,-13.633430701620968,-44.43039867896108,110.18348594229494,98.70617407798545,26.967197705842707,44.66291584793649,2,30,breaststroke
2026-01-05 07:00:54.600,athlete_01,session_001,-0.5607556111873949,-0.00851124973600997,0.8592628472746825,-68.36430924779799,2.1792268656582503,-57.8877094501042,110.09214520140263,98.5589389958085,26.950371908319177,44.70255597915186,2,30,breaststroke
2026-01-05 07:00:54.650,athlete_01,session_001,-0.5106506794822508,0.06428391622833536,0.8476159667784015,-69.76341814871179,11.736188106490525,-44.84940510325654,110.09635236555064,98.48981414009387,26.923551641937344,44.74212574406616,2,30,breaststroke
2026-01-05 07:00:54.700,athlete_01,session_001,-0.5972477980091732,0.06131382137878996,0.8695040897310766,-67.90863240191533,28.334981578528975,-30.543437618258473,110.08009888954972,98.46036229211586,27.06177375955402,44.781684550507364,2,30,breaststroke
2026-01-05 07:00:54.750,athlete_01,session_001,-0.5908294897066454,0.10237197706209077,0.8221726880008988,-65.30404297625951,49.26811189931944,-34.374800276421325,109.95960149964044,98.20575652079502,26.921529038203467,44.82129206558283,2,30,breaststroke
2026-01-05 07:00:54.800,athlete_01,session_001,-0.4993568065154284,0.1519769583638749,0.9673567487014716,-84.52423421717486,55.710541050619796,-12.338033254701697,109.91181163143027,98.48111654887508,27.037251703727602,44.86100680394512,2,30,breaststroke
2026-01-05 07:00:54.850,athlete_01,session_001,-0.5007255779455265,0.1736599973823189,0.9717641702567368,-72.4120011563161,65.82877577906623,-24.538336022804952,109.94241645020747,98.61956507397232,26.956622201977705,44.90088474332514,2,30,breaststroke
2026-01-05 07:00:54.900,athlete_01,session_001,-0.34481581281381996,0.22205988805150928,1.032366263821469,-54.80784675167038,,4.918504906142948,109.86935390723623,98.53013639974995,27.013201623004022,44.940978000089245,2,30,breaststroke
2026-01-05 07:00:54.950,athlete_01,session_001,-0.3502206616974835,0.17391745327073255,1.0124777010341501,-46.301590718780034,90.24443810667398,5.204542050200501,110.02225890433844,98.4971467520385,26.92023851639056,44.981333596156894,2,30,breaststroke
2026-01-05 07:00:55.000,athlete_01,session_001,-0.36016897283867255,0.24667348327078537,1.0667512794428353,-35.70867250208434,100.23582442643004,22.849542285864242,109.86953630275835,98.39374717027745,26.999424325807738,45.0219923464539,2,30,breaststroke
2026-01-05 07:00:55.050,athlete_01,session_001,-0.18961529747078318,0.2635613157845676,1.1318535718633718,-22.781772591124728,101.98291313736772,40.05734493166017,109.74567778247214,98.18551241310013,26.902646598667335,45.06298789322408,2,30,breaststroke
2026-01-05 07:00:55.100,athlete_01,session_001,-0.14431182934853834,0.19912505581458506,1.2258412543453197,-6.635478275883573,104.47929010215624,48.36917008200312,109.81615202288819,98.44903242149367,27.000527908463432,45.10434591004799,2,30,breaststroke
2026-01-05 07:00:55.150,athlete_01,session_001,0.030464712697808486,0.23788330947465572,1.3022013440864357,1.3669273912487245,99.05050861466817,48.42870936934104,109.83769322890963,98.9193117378264,26.95798579341241,45.14608349440144,2,30,breaststroke
2026-01-05 07:00:55.200,athlete_01,session_001,0.126433212604879,0.2790322158064447,1.2162254349376758,24.62603244656528,94.40604145254306,59.290688928767,109.7489405883728,98.21570494948739,26.93272828048805,45.18820876312628,2,30,breaststroke
2026-01-05 07:00:55.250,athlete_01,session_001,0.2297599208123497,0.22185496767458582,1.29821830786046,36.25221451982122,86.93330847780803,63.93603642788549,109.8094585746262,98.24949677941882,26.958593506904716,45.230720660384534,2,30,breaststroke
2026-01-05 07:00:55.300,athlete_01,session_001,0.26120740072908755,0.19460472687136862,1.3044568854535334,50.24068686077902,69.62186049037814,59.62376722299912,109.68843233619675,98.19476367231192,27.031680986037106,45.27360898263964,2,30,breaststroke
2026-01-05 07:00:55.350,athlete_01,session_001,0.43093437385816996,0.09617391748423826,1.3801181817081623,53.827587007051264,72.92836186332089,79.37755365693782,109.73126081597894,98.3626238807068,26.882156918741547,45.316854620073954,2,30,breaststroke
2026-01-05 07:00:55.400,athlete_01,session_001,0.42407042448910326,0.1748881285524281,1.2561252716627174,72.41029842458465,39.018273303511386,54.17070149393539,109.65519248279153,98.67609151884433,26.955850330072625,45.36043000873037,2,30,breaststroke
2026-01-05 07:00:55.450,athlete_01,session_001,0.6128191548064871,0.02508179857567088,1.340081386325417,79.46489213734965,30.72044636785495,65.49678810274366,109.52051680903236,98.44178081656874,26.756436311028267,45.404299782680326,2,30,breaststroke
2026-01-05 07:00:55.500,athlete_01,session_001,0.6175505331140737,0.03139319351913386,1.2494032244037454,72.04648043343374,11.087929413465503,66.66037838857318,109.30848143164839,98.66760874723917,27.124896437222514,45.448421610787875,2,30,breaststroke
2026-01-05 07:00:55.550,athlete_01,session_001,0.5042609330582452,-0.03643786309706433,1.2819207562884858,83.73564100653019,-8.263943519700414,50.41414575885351,109.3054074771919,98.38376909576948,27.08335212335129,45.4927471982717,2,30,breaststroke
2026-01-05 07:00:55.600,athlete_01,session_001,0.5785979470747393,-0.05741021888982545,1.2026315471865614,75.62597223765476,-23.857720785816706,48.80209764851136,109.1762795740494,98.36728058643371,27.043640532995894,45.53722342936814,2,30,breaststroke
2026-01-05 07:00:55.650,athlete_01,session_001,0.540937004637568,-0.0245916271318683,1.2355819541148405,75.30725835578806,-32.08159626492835,35.86659339431641,109.37527231023071,98.74715891680532,27.0299279347024,45.58179362405934,2,30,breaststroke
2026-01-05 07:00:55.700,athlete_01,session_001,0.5561701379764066,-0.08040405775519802,1.1040775612212517,67.54946894483184,-41.00021267792162,28.592191046405134,109.42186623509562,98.65647473140406,26.985671476258176,45.62639887913242,2,30,breaststroke
2026-01-05 07:00:55.750,athlete_01,session_001,0.48193259737325245,-0.11873211978912476,1.1687225085219521,62.39887611405268,-67.31972790151364,19.93648544126625,109.35793807594608,98.21618698229469,27.096630273565005,45.67097946183974,2,30,breaststroke
2026-01-05 07:00:55.800,athlete_01,session_001,0.4447932026535624,-0.13430472051414183,1.008585315113977,50.09948364118938,-55.26559476648489,15.894620154707757,109.25988593254864,98.5833454187739,26.96864427449142,45.71547622318615,2,30,breaststroke
2026-01-05 07:00:55.850,athlete_01,session_001,0.32877781174107384,-0.11457066881964095,1.0761711748639118,44.389248233945345,-70.89099019219685,12.47330543476003,109.41160399830972,98.30541276745942,26.9545284520422,45.75983199740451,2,30,breaststroke
2026-01-05 07:00:55.900,athlete_01,session_001,0.2533996310122648,-0.306340242047364,0.9088997010996649,35.43783509036294,-82.72310228159029,-17.501017652588057,109.51346031650519,98.21228425841457,26.95129358534254,45.80399295450773,2,30,breaststroke
2026-01-05 07:00:55.950,athlete_01,session_001,0.17245515075814574,-0.27553962818058486,0.9900785276188702,33.45812288749384,-72.36528123970714,-15.068352251733733,109.54574418720334,98.49004481735317,27.090410003280617,45.84790987391565,2,30,breaststroke
2026-01-05 07:00:56.000,athlete_01,session_001,0.22846191365661855,-0.21484357268980703,0.8304466854850852,19.579060776591866,-75.84034539455992,-17.751800042759708,109.42978163861041,98.19424529295794,27.008053774598352,45.89153930902255,2,30,breaststroke
2026-01-05 07:00:56.050,athlete_01,session_001,0.14137835113230152,-0.2872072281466038,0.8569987699993392,7.277129521636242,-82.23164467840176,-35.16811147683942,109.46235067603098,98.4935442304255,27.065193838069185,45.934844615151434,2,30,breaststroke
2026-01-05 07:00:56.100,athlete_01,session_001,0.08108948673398836,-0.16929649978610667,0.9094447407161113,1.9752090237945215,-64.50104772852772,-28.937375800927704,109.28472582223311,98.60789615344773,27.038887035863173,45.97779681657346,2,30,breaststroke
2026-01-05 07:00:56.150,athlete_01,session_001,-0.013267740479755732,-0.21646174149495265,0.8344578116194368,2.456949144680267,-74.93572742270331,-65.39472994608184,109.22682912844186,98.3043075646,27.167968604658654,46.02037529207875,2,30,breaststroke
2026-01-05 07:00:56.200,athlete_01,session_001,-0.0645027511578194,-0.18113633798954407,0.7019595821694807,-5.2409705027776115,-66.0206122042991,-38.646430137352006,109.35332084900142,98.57908072272825,26.88291661401591,46.06256826287782,2,31,breaststroke
2026-01-05 07:00:56.250,athlete_01,session_001,-0.17340403711861602,-0.16598564026112533,0.8046848527765903,-22.005064075360558,-68.02774039627612,-50.517678740503044,109.2661276587888,98.22575729580312,26.939216697820434,46.104373071289785,2,31,breaststroke
2026-01-05 07:00:56.300,athlete_01,session_001,-0.17754257773451093,-0.13978382677664242,0.8503168392268496,-22.418011786146533,-65.76838170324291,-54.54021281406715,109.1357197625517,98.4765426924806,26.95366669058596,46.14579624362355,2,31,breaststroke
2026-01-05 07:00:56.350,athlete_01,session_001,-0.3083143434503711,-0.11309018984804432,0.805839271006327,-42.17250802525974,-49.17506214842162,-54.645623790708655,109.0383270674393,98.4573355612899,27.035291294610506,46.18685333576422,2,31,breaststroke
2026-01-05 07:00:56.400,athlete_01,session_001,-0.33917179613390414,-0.16616588235147142,0.7147758616428163,-33.27534073534475,-44.26227763413873,-47.2544621749069,108.87752038664392,98.45868860458833,27.01836701375577,46.22756856511811,2,31,breaststroke
2026-01-05 07:00:56.450,athlete_01,session_001,-0.3903248352836101,-0.1392822470906707,0.7555553680219071,-33.7486716577811,-24.557725365547938,-58.316728302058685,108.86210588898852,98.39537636553592,27.005554899244483,46.26797423762473,2,31,breaststroke
2026-01-05 07:00:56.500,athlete_01,session_001,-0.4571480444269001,-0.078430847442618,0.8360192457403152,-45.78819844785901,-21.387269108534706,-63.72164895151783,108.80976710060456,98.54504289502329,27.010137787734944,46.308109983392576,2,31,breaststroke
2026-01-05 07:00:56.550,athlete_01,session_001,-0.5211857724797588,-0.04315180340378391,0.8351874804086755,-54.283346409302666,-16.919182127930288,-64.05672467449214,108.88772206584855,98.48528468350524,26.974548631556036,46.3480218190439,2,31,breaststroke
2026-01-05 07:00:56.600,athlete_01,session_001,-0.5088130608681468,-0.03565246426021364,0.6779590126480497,-65.25688827142157,-2.3566778957359986,-55.64502047852761,109.01578663477726,98.25123737502147,27.03673824137784,46.38776105895336,2,31,breaststroke
2026-01-05 07:00:56.650,athlete_01,session_001,-0.5465653849191034,-0.03642499385185015,0.8552829994483919,-79.03335677885141,12.450629732361723,-49.677478264189446,108.90798649114024,98.56009160168387,27.03510207269026,46.42738310114096,2,31,breaststroke
2026-01-05 07:00:56.700,athlete_01,session_001,-0.5679719717536886,-0.015561783930731904,0.7132758234816434,-67.42921763334235,21.324851670317038,-48.71717000910841,108.9897182217955,98.68494238451805,27.135979171822342,46.46694611654528,2,31,breaststroke
2026-01-05 07:00:56.750,athlete_01,session_001,-0.5657061277148909,0.09487669360014447,0.7623610610007903,-72.22074326590499,35.70810454493786,-32.26666401276576,109.26482269081166,98.23225131855958,27.04109248195625,46.50650967268886,2,31,breaststroke
2026-01-05 07:00:56.800,athlete_01,session_001,-0.5470278925035603,0.23385280245169637,0.8884383744660352,-76.61920092042558,41.45817463987713,-32.34169045084697,109.26345139791256,97.99386745424104,27.044458716852873,46.54613332430027,2,31,breaststroke
2026-01-05 07:00:56.850,athlete_01,session_001,-0.541364039404408,0.21449617832177473,0.87417325002981,-87.34748049522686,58.62729928374537,-18.41340408546406,109.35877052177052,98.54624217411961,26.943400098973672,46.58587520423883,2,31,breaststroke
2026-01-05 07:00:56.900,athlete_01,session_001,-0.5629864079774757,0.18433536128543954,1.0366344679199597,-72.71271692407389,70.55876783779794,-14.209903927058665,109.4612754581773,98.61542577446691,27.01771578066175,46.62579064806101,2,31,breaststroke
2026-01-05 07:00:56.950,athlete_01,session_001,-0.4030329738721877,0.3629916041048,1.021560421829574,-60.164274978943595,88.36972041204949,0.30186088430194435,109.46365141423033,98.23507430737412,26.9344706135024,46.66593088477151,2,31,breaststroke
2026-01-05 07:00:57.000,athlete_01,session_001,-0.42228501555442677,0.1809923840272903,0.9923176757159421,-46.85664110962188,88.28556812228206,9.637506047974295,109.37156417778898,98.76307962352759,27.0606036027505,46.706341824736086,2,31,breaststroke
2026-01-05 07:00:57.050,athlete_01,session_001,-0.22060845593946002,0.20947608932126888,1.155051369615294,-37.92123989825395,96.00604689047877,23.647351289417887,109.39927332681692,98.29751604945916,27.126146482235985,46.74706297343427,2,31,breaststroke
2026-01-05 07:00:57.100,athlete_01,session_001,-0.14173407975970448,0.22483980667665393,1.0504400838740793,-24.29005112056246,108.4457872303549,33.93481508579416,109.26887304916882,98.66840373225493,27.062057231997873,46.78812649675284,2,31,breaststroke
2026-01-05 07:00:57.150,athlete_01,session_001,-0.09199230379851234,0.2621382559239883,1.2224823763385448,-8.029527277475601,112.19070621127005,49.149988390270096,109.36184704543369,98.61573657286901,27.03335267144724,46.82955645993534,2,31,breaststroke
2026-01-05 07:00:57.200,athlete_01,session_001,0.022169218102061357,0.31789266479607214,1.2576569019507482,12.625370498024681,96.62537868548326,50.085954434879426,109.35606228014285,98.65621370836475,26.947383268561847,46.8713682581942,2,31,breaststroke
2026-01-05 07:00:57.250,athlete_01,session_001,0.14589013806635995,0.18129940820629747,1.2709774788431718,24.855169257693817,92.8361208576272,62.21822202879559,109.4634340096975,98.41774122524822,26.98363601197365,46.913568252457324,2,31,breaststroke
2026-01-05 07:00:57.300,athlete_01,session_001,0.2974062760448769,0.21542944191190277,1.4418227536035337,32.893734463134514,86.73129340684527,64.45472346774991,109.48783643423234,98.71865991667849,27.057682282917362,46.95615361886745,2,31,breaststroke
2026-01-05 07:00:57.350,athlete_01,session_001,0.39153759791310794,0.26726271725477024,1.252786487959868,46.76701747725643,71.90547802733127,72.28364986301492,109.5452780232303,98.31513803135101,27.041666274410996,46.99911241559507,2,31,breaststroke
2026-01-05 07:00:57.400,athlete_01,session_001,0.5015850007462261,0.04737735432121537,1.209799349318973,58.79613205596636,61.926571574924104,74.44357871180637,109.61798057447363,98.58548711074799,26.91507373025532,47.04242386538424,2,31,breaststroke
2026-01-05 07:00:57.450,athlete_01,session_001,0.5180744652001528,0.12538475827323248,1.3195373556013663,71.18170195313206,45.66986547817805,79.39587469291679,109.60580101485876,98.55681714563816,26.945465236511666,47.086058847146035,2,31,breaststroke
2026-01-05 07:00:57.500,athlete_01,session_001,0.4895763802987786,0.05530878423296891,1.2355956815924114,69.91229495125486,16.75327328639959,65.13699419330577,109.63761299502418,98.42884565964033,26.814669034841195,47.129980584968635,2,31,breaststroke
2026-01-05 07:00:57.550,athlete_01,session_001,0.5177296351275292,0.05186761893677895,1.2278826889033814,91.80365048738136,-0.4571074908313415,64.52968615556962,109.56971699607803,98.48079336751246,27.031426310971536,47.1741455182418,2,31,breaststroke
2026-01-05 07:00:57.600,athlete_01,session_001,0.6566584667247727,-0.09436931639982539,1.1347948843134288,73.04192612988655,-6.722107666133126,51.22475381862048,109.68419043243885,98.33530429625533,27.04728418135335,47.218504332308484,2,31,breaststroke
2026-01-05 07:00:57.650,athlete_01,session_001,0.6287091056925127,0.00892001416661578,1.1628450507326464,67.94634218234683,-15.285233159200866,37.02354655967244,109.8715215880743,98.63987912289164,26.909467638179244,47.263003125258265,2,31,breaststroke
2026-01-05 07:00:57.700,athlete_01,session_001,0.5581416245743597,-0.11688875112616069,1.1463175894944349,69.02115213544387,-37.27400526754015,36.695502541842785,110.08476059961106,98.2402957206774,27.024237647842256,47.30758468325591,2,31,breaststroke
2026-01-05 07:00:57.750,athlete_01,session_001,0.5844527216055012,-0.09389985023944866,1.021671629556397,65.24020862401609,-59.25247775406692,30.84313787964664,110.0578381776588,98.46425934392988,26.93394321293622,47.352189834230714,2,31,breaststroke
2026-01-05 07:00:57.800,athlete_01,session_001,0.4207201953858449,-0.1379959977540481,1.1369334053581275,63.92549691483116,-66.41269895348125,26.11890682307208,110.13743216094385,97.9897577127515,26.940112932190292,47.39675884789804,2,31,breaststroke
2026-01-05 07:00:57.850,athlete_01,session_001,0.5032447770199847,-0.19449679549745677,0.9773152065017165,53.42137019160369,-68.66053621232558,8.513914495297076,110.31162925534245,98.60984329541492,27.109464489804328,47.441232848988236,2,31,breaststroke
2026-01-05 07:00:57.900,athlete_01,session_001,0.38949226611187354,-0.14055091270682846,0.9911236879688118,44.28501778799887,-72.7125757664308,-0.5066256835068403,110.39200821850265,98.36453376785106,27.053561681077557,47.48555521024578,2,31,breaststroke
2026-01-05 07:00:57.950,athlete_01,session_001,0.3261612315559724,-0.27190425065860896,0.9810265219814271,29.880481930954584,-77.25234183675353,-16.410712079130928,110.57105719681499,98.43229006337292,26.903186660409546,47.52967289224008,2,31,breaststroke
2026-01-05 07:00:58.000,athlete_01,session_001,0.22803823170479734,-0.3024431441812061,0.9565407015475175,23.33804311634883,-73.61914793516584,-7.041731952889759,110.73662097957764,98.36637727478404,26.952070704107655,47.573537698287595,2,31,breaststroke
2026-01-05 07:00:58.050,athlete_01,session_001,0.10823606392118976,-0.24639915546924654,1.0152605706226105,22.719030422686874,-79.59780313941847,-32.25091985625152,110.85233018245223,98.45454888432027,27.043087615622742,47.61710741479381,2,31,breaststroke
2026-01-05 07:00:58.100,athlete_01,session_001,0.1288373039686171,-0.26453727336775124,0.8402910122866747,19.379498680154025,-85.84706716466226,-32.71823490865924,110.92252762676449,98.37916964348916,27.093770728678894,47.66034681003423,2,31,breaststroke
2026-01-05 07:00:58.150,athlete_01,session_001,0.14120953183147,-0.24514289638373676,0.8595086430493553,-4.609844049208392,-73.36041982555611,-33.246628283119946,111.1022467302394,98.66572737367784,26.96377959340524,47.70322846774313,2,31,breaststroke
2026-01-05 07:00:58.200,athlete_01,session_001,-0.029011975398078205,-0.17172048059812584,0.8403714258138386,-4.897174501688952,-85.62439091595263,-45.82596112456184,111.15685145988424,98.59438823297032,27.00874457424048,47.745733435787216,2,31,breaststroke
2026-01-05 07:00:58.250,athlete_01,session_001,-0.11061939102927963,-0.20074255848613026,0.8186202351359525,-7.513216661073997,-76.96788354865382,-43.01475551783324,111.18556856097558,98.26136597693333,27.03165105560496,47.78785167457633,2,32,breaststroke
2026-01-05 07:00:58.300,athlete_01,session_001,-0.1596910070578978,-0.16617701882537356,0.6340719862577417,-15.835270210341076,-74.47648833150663,-62.86588233514951,111.28846061505455,98.0360777261355,26.957760843207822,47.829582294602,2,32,breaststroke
2026-01-05 07:00:58.350,athlete_01,session_001,-0.20619630065647418,-0.14807552473873895,0.762327992316036,-27.17857716269456,-68.48570448330804,-54.35461582279256,111.3908658632484,98.66438807096434,26.932657747976904,47.870933577483285,2,32,breaststroke
2026-01-05 07:00:58.400,athlete_01,session_001,-0.3175908039546805,-0.09914288814143744,0.7431819894811074,-30.442292412230202,-38.76434439426224,-49.74148641032504,111.41061904021309,98.44252778581487,26.997712458839242,47.911922780022266,2,32,breaststroke
2026-01-05 07:00:58.450,athlete_01,session_001,-0.30445759926424787,-0.10379772217969999,0.7019743715792284,-47.448619891885244,-45.4298097480386,-77.9855107205308,111.60757125734477,98.32108839349277,26.91334168266674,47.95257572590509,2,32,breaststroke
2026-01-05 07:00:58.500,athlete_01,session_001,-0.4232351475190589,-0.11114098881375434,0.7609241327297929,-49.53721677795415,-47.602569213808,-68.04750426291348,111.505609797896,98.53789549546146,27.13486474804266,47.99292619470906,2,32,breaststroke
2026-01-05 07:00:58.550,athlete_01,session_001,-0.3859011320408762,-0.10532427565788219,0.7868115426739561,-40.10640208295876,-22.369794134890597,-52.72522330346036,111.68066426286447,98.02133708962981,27.014120771886798,48.0330151226719,2,32,breaststroke
2026-01-05 07:00:58.600,athlete_01,session_001,-0.5538291291451257,-0.09386711425872526,0.7725148757697553,-71.57059706842074,-18.72615387959586,-66.36153343539414,111.85788320497817,98.30847691737888,26.90656424864291,48.072889634133304,2,32,breaststroke
2026-01-05 07:00:58.650,athlete_01,session_001,-0.484268211552326,0.009847492432672644,0.8053783950413896,-70.1801033222449,-5.237690590254125,-54.9914624876325,112.01800968727048,98.53015874761309,26.906295515268006,48.11260192656476,2,32,breaststroke
2026-01-05 07:00:58.700,athlete_01,session_001,-0.583531819842885,0.04530598771290241,0.7874958648672197,-68.03033291522793,13.921893076385134,-38.83237007804551,,98.25386716544293,27.029947913975302,48.15220803556832,2,32,breaststroke
2026-01-05 07:00:58.750,athlete_01,session_001,-0.5579885262082187,-0.000976268431071084,0.759564200796434,-67.93632192309393,16.075173497722098,-53.401897163353574,112.28575784123717,98.15101029919944,27.044536388421328,48.191766509064465,2,32,breaststroke
2026-01-05 07:00:58.800,athlete_01,session_001,-0.5514831139076802,0.04460516705611932,0.9692770137564842,-63.2244089782992,34.7087006328042,-27.506613700290465,112.29741218489437,98.33403458754447,26.896613381633106,48.231337022038076,2,32,breaststroke
2026-01-05 07:00:58.850,athlete_01,session_001,-0.5505760569755357,0.17891802464736256,0.8472623063047992,-65.62753839542698,43.9991953734029,-25.642662953531822,112.63571419997136,98.39276955961448,26.970044597661186,48.270978964617925,2,32,breaststroke
2026-01-05 07:00:58.900,athlete_01,session_001,-0.5319208417472031,0.13894308444299053,0.9403899734032509,-63.869886173367,62.13810275291153,-17.647668932560034,112.88378994328363,98.3898386947985,27.021391143164518,48.31075003689581,2,32,breaststroke
2026-01-05 07:00:58.950,athlete_01,session_001,-0.41230522301906514,0.2011866428236584,0.9975140785768649,-70.1198479858372,77.76759262775145,-22.62022508247535,112.95767203993034,98.61340868635259,27.07109103359278,48.35070488373238,2,32,breaststroke
2026-01-05 07:00:59.000,athlete_01,session_001,-0.438480770126858,0.1761058652248584,0.9611202169193571,-44.70902082968823,85.53041648108452,7.204240143052084,113.01477990522471,98.50181188119495,27.076792172099115,48.39089380185011,2,32,breaststroke
2026-01-05 07:00:59.050,athlete_01,session_001,-0.2664955427577678,0.21972201933366348,1.0716427951088467,-40.581960701676465,93.90094860493326,4.214105693127486,113.07425166049771,98.35046056475629,26.995644901806397,48.431361549804194,2,32,breaststroke
2026-01-05 07:00:59.100,athlete_01,session_001,-0.33277388730202695,0.1654479327132672,1.139397001510001,-37.488518330673394,99.64890594253261,21.837171926137394,113.14587857239472,98.48997229442755,26.81903851516286,48.472146288987204,2,32,breaststroke
2026-01-05 07:00:59.150,athlete_01,session_001,-0.11917565331332657,0.3195293371738989,1.173038054944813,-22.030377841846253,99.60508872192985,45.217398766809865,113.43099502838868,98.47386185389118,26.9648347975893,48.513278680723985,2,32,breaststroke
2026-01-05 07:00:59.200,athlete_01,session_001,-0.08908007862802518,0.12733304276374136,1.1929295794966495,4.519901083871795,100.00376314766213,37.009331912093025,113.55753226297905,98.65623076239252,27.006123303456807,48.55478116081926,2,32,breaststroke
2026-01-05 07:00:59.250,athlete_01,session_001,0.07805203509511899,0.28037904553439374,1.2618970399497775,10.637372729783653,97.82367496924935,48.63475786296352,113.53108529004592,98.55059665030738,26.95466593146885,48.59666740872266,2,32,breaststroke
2026-01-05 07:00:59.300,athlete_01,session_001,0.12017666451680922,0.14481720045929392,1.172480709025696,27.844316700999812,88.68692546940697,49.88759517744184,113.53912033439013,98.821760825573,27.037018419819905,48.63894202387052,2,32,breaststroke
2026-01-05 07:00:59.350,athlete_01,session_001,0.23146031279789306,0.19208304890160818,1.3081754411492836,31.130275842109384,79.27541105571444,54.356182804692004,113.5806771303735,98.5107692239852,26.98570601498137,48.68160041686241,2,32,breaststroke
2026-01-05 07:00:59.400,athlete_01,session_001,0.3214833779874471,0.18930620265290254,1.3346615472884429,47.59318132498492,65.88022749332713,67.06213000470981,113.5131097138599,98.37096624206575,26.895814159395304,48.72462891804719,2,32,breaststroke
2026-01-05 07:00:59.450,athlete_01,session_001,0.41196482056766565,0.07414950202556528,1.273623761897371,65.69535813718923,58.24518305747084,72.726928667667,113.50274368100753,98.37902602770205,26.82433064351799,48.76800510094925,2,32,breaststroke
2026-01-05 07:00:59.500,athlete_01,session_001,0.40451584733377793,0.08036822477254571,1.2165372534566505,67.71903953987949,40.64669188163079,65.75667391625926,113.5628534371538,98.1782997643722,26.92016885787704,48.81169831288298,2,32,breaststroke
2026-01-05 07:00:59.550,athlete_01,session_001,0.5483086492279184,0.021592549828644364,1.199632564479777,63.5078620703704,16.392393360873083,61.12547732959091,113.53424704626721,98.24844713621188,26.929504818934802,48.855670400200495,2,32,breaststroke
2026-01-05 07:00:59.600,athlete_01,session_001,0.5467885102760157,0.02114690277271729,1.2391180954040555,69.44294727738479,7.982971292367879,59.02494481058591,113.38387149694151,98.43612412342684,27.03209920506874,48.899876611013724,2,32,breaststroke
2026-01-05 07:00:59.650,athlete_01,session_001,0.5536579061743323,-0.05197170536565671,1.1742060347944507,74.44074396341476,-8.014673065904375,58.487302085202245,113.54787955982627,98.58601528015579,27.04165351573005,48.944266654031836,2,32,breaststroke
2026-01-05 07:00:59.700,athlete_01,session_001,0.5758247364418353,-0.15618413647020615,1.251120336310878,69.02519664061286,-28.03012803447756,37.30992799996962,113.52194051031414,98.28361578373732,27.07550595290303,48.988785888461955,2,32,breaststroke
2026-01-05 07:00:59.750,athlete_01,session_001,0.4941234296154271,-0.07137836650141875,1.072422357574923,66.245996279382,-38.601273702951524,43.042131989886286,113.61637443614984,98.23919573204446,26.918733670438893,49.033376616819865,2,32,breaststroke
2026-01-05 07:00:59.800,athlete_01,session_001,0.5135965243320588,-0.060815336347542756,1.0966045680167378,64.21592397250497,-60.24803790998114,17.40303435848264,113.53425083342526,98.52936774166479,27.076259701986395,49.07797945006255,2,32,breaststroke
2026-01-05 07:00:59.850,athlete_01,session_001,0.4751069360111527,-0.07312844131898909,0.9987588288307079,57.582468682369814,-71.73915857837152,10.902061614009304,113.61757990043677,98.24480684376945,26.991355661561137,49.1225347127433,2,32,breaststroke
2026-01-05 07:00:59.900,athlete_01,session_001,0.4594297022807568,-0.10448320051948981,1.07348968899864,57.648909564746994,-71.31540171782343,12.51631356336412,113.6083150638144,98.78919487591578,26.908226963544344,49.1669838549432,2,32,breaststroke
2026-01-05 07:00:59.950,athlete_01,session_001,0.39435412396105746,-0.18440136894529768,1.0543498896565833,48.77265348294638,-71.20478384193974,-3.0983941554128336,113.56792404678394,98.66618446916515,27.058164443933805,49.211270837572435,2,32,breaststroke
2026-01-05 07:01:00.000,athlete_01,session_001,0.2815585192552075,-0.21031000107713863,0.9895771752958512,39.8246979236017,-71.48385975250041,-11.516919657435059,113.60577638349086,98.4846018005452,27.06329318875147,49.25534345826491,2,32,breaststroke
2026-01-05 07:01:00.050,athlete_01,session_001,0.24768028423508073,-0.2206693983582922,0.9637471994732557,21.560211469139542,-78.18112162142857,-29.952050365792548,113.51337696868532,98.38758339600037,27.094633743553707,49.299154586495355,2,32,breaststroke
2026-01-05 07:01:00.100,athlete_01,session_001,0.17821914137289097,-0.16340689301720296,0.9226822125838257,20.583649772923344,-84.245756830392,-24.139654148543638,113.60221596437725,98.413478489555,26.918267545436663,49.34266327869577,2,32,breaststroke
2026-01-05 07:01:00.150,athlete_01,session_001,0.10769507004351976,-0.2403526505776451,0.8597089083478614,7.916372048648622,-86.34030957580119,-26.174432443372183,113.74369013847942,98.48494194270714,26.898934912660255,49.385835746987375,2,32,breaststroke
2026-01-05 07:01:00.200,athlete_01,session_001,-0.05283151591468762,-0.2742914705155737,0.8562929559254034,13.59673822214407,-73.54889077156442,-40.61776532596849,113.67649629550523,98.33383143698852,27.0887844386596,49.42864615860774,2,32,breaststroke
2026-01-05 07:01:00.250,athlete_01,session_001,-0.07355979148117504,-0.24250103845260462,0.821910386583347,-7.815923849501836,-74.12209751960344,-37.18991549275855,113.58377637962467,98.32374652616316,26.915325885650322,49.47107724711844,2,33,breaststroke
2026-01-05 07:01:00.300,athlete_01,session_001,-0.08495755094595603,-0.17778168894985477,0.7959517512454602,-11.33776569746801,-66.55486744926962,-48.58605215232163,113.64191395976333,98.2193918228113,26.99978412302704,49.51312072093198,2,33,breaststroke
2026-01-05 07:01:00.350,athlete_01,session_001,-0.1881700949009143,-0.15861370677243877,0.7580906688574707,-13.756962518680265,-63.78003871390226,-61.077092730164495,113.7630552999953,98.63737758846224,27.131784104807956,49.55477745949224,2,33,breaststroke
2026-01-05 07:01:00.400,athlete_01,session_001,-0.2490699904731006,-0.11202521318198785,0.8270509642623259,-25.76782771973668,-61.44518510379683,-53.97437952277985,113.67999206747056,98.28077412235056,26.95575146820115,49.59605749246664,2,33,breaststroke
2026-01-05 07:01:00.450,athlete_01,session_001,-0.3161217051436979,-0.16177903928525444,0.7104463217971844,-39.31480109073565,-62.97902675225752,-51.79799520650417,113.72239764495137,98.4078297535848,26.967394912953555,49.63697976244251,2,33,breaststroke
2026-01-05 07:01:00.500,athlete_01,session_001,-0.3785798813101148,-0.12161378600448869,0.7738960676552744,-43.52264843820462,-54.43356047306634,-52.07122315179957,113.79723571678021,98.75168750481399,26.985283790916352,49.6775716767421,2,33,breaststroke
2026-01-05 07:01:00.550,athlete_01,session_001,-0.39547704809876305,-0.056056899196975006,0.879685205327101,-36.92198098229821,-37.915897976595524,-54.97205804102055,113.67207160454052,98.42144363688591,27.038484220530325,49.7178684589606,2,33,breaststroke
2026-01-05 07:01:00.600,athlete_01,session_001,-0.3870027505861353,-0.051960493765637494,0.6349818097721128,-52.22859280640964,-32.23261900087561,-55.3573484713825,113.50897353693826,98.2540681791795,27.105411987128484,49.757912315569754,2,33,breaststroke
2026-01-05 07:01:00.650,athlete_01,session_001,-0.46996433795907,-0.03283339596684399,0.8245312690966504,-59.08354460501589,-17.025156889530518,-45.26483444578815,113.53180915937688,98.50287359961862,26.943218146724654,49.79775143730531,2,33,breaststroke
2026-01-05 07:01:00.700,athlete_01,session_001,-0.4825889438512749,-0.017878998287857578,0.7265909066303418,-61.8392119813759,-1.9051565896109355,-43.81620886662027,113.63837569195945,98.216684411708,26.993636466690763,49.83743885896587,2,33,breaststroke
2026-01-05 07:01:00.750,athlete_01,session_001,-0.6083718120516287,0.06814755958740158,0.8644964514966486,-67.99889107534523,12.725188841777685,-51.137807870465906,113.49703347484883,98.4274344968792,27.04456289220698,49.87703120460024,2,33,breaststroke
2026-01-05 07:01:00.800,athlete_01,session_001,-0.4810841306432698,-0.034290478358975265,0.7035022463288403,-84.83846693255248,14.548014051170384,-45.06687643485315,113.55602268164847,98.43654821081611,27.048751569790152,49.916587347772634,2,33,breaststroke
2026-01-05 07:01:00.850,athlete_01,session_001,-0.5345695470215317,0.11651125910551703,0.8988073959300904,-73.20813598205599,36.19895603211283,-29.047616129703766,113.50684114805826,98.27573762850038,27.016210941200235,49.95616701860379,2,33,breaststroke
2026-01-05 07:01:00.900,athlete_01,session_001,-0.5928252382038615,0.19492062251189457,0.8388414995942534,-82.00655323604637,52.528546931925156,-34.19882682892149,113.52853907978209,98.44273397773199,26.97782760659424,49.99582939054598,2,33,breaststroke
2026-01-05 07:01:00.950,athlete_01,session_001,-0.5220296353918655,0.1543152466104256,0.9259700348228427,-61.602612038311904,75.1197135779736,-18.299576584744376,113.61734990337393,98.38172906290656,27.06674407470315,50.03563168032873,3,33,breaststroke
2026-01-05 07:01:01.000,athlete_01,session_001,-0.411483793325092,0.21773296251129073,1.0369690278590562,-58.776517619947676,75.63752133373225,-8.378720952780167,113.53879590522328,98.40977497337369,27.007228287086296,50.075627794201054,3,33,breaststroke
2026-01-05 07:01:01.050,athlete_01,session_001,-0.4096756021463576,0.1973291868011489,1.0765651848375446,-56.46553936511563,75.67864612637585,-0.8847592010251217,113.31515456531866,98.33009816632952,26.948498041006186,50.11586705250019,3,33,breaststroke
2026-01-05 07:01:01.100,athlete_01,session_001,-0.3468809608256856,0.269180110969297,1.133672712779895,-43.52087721507816,87.55811361912593,26.99524118991575,113.20761139543215,98.36257314242532,26.970458543417678,50.15639302272384,3,33,breaststroke
2026-01-05 07:01:01.150,athlete_01,session_001,-0.26565151543761334,0.23981694774632278,1.1404673860867123,-38.22957609794829,108.80928936782101,28.629442112798472,113.11194214220758,98.24167812342503,26.930641254799646,50.197242488715546,3,33,breaststroke
2026-01-05 07:01:01.200,athlete_01,session_001,-0.11606378437879795,0.2690434254151006,1.12449090391013,-24.379890343831175,95.65934533919278,32.19704167910113,113.1492229462738,98.9517949570172,26.88817388516614,50.23844458035252,3,33,breaststroke
2026-01-05 07:01:01.250,athlete_01,session_001,0.044345667622621085,0.24206043978034866,1.2142215447080749,-1.1020197400710425,103.71174799184467,36.182784679486275,113.04435946562283,98.90458133596766,26.949981448193455,50.28002008432773,3,33,breaststroke
2026-01-05 07:01:01.300,athlete_01,session_001,0.09243318799583397,0.26782527516968924,1.2211790681210393,21.44482727166345,94.97547456154653,48.744025631585025,112.91061953540039,98.40528502931527,26.986653107154098,50.321980952333064,3,33,breaststroke
2026-01-05 07:01:01.350,athlete_01,session_001,0.18577229799598743,0.25405868895015316,1.323444005950801,20.01821930652129,84.6072696268724,64.61135245896618,112.8338655072765,98.51713018101259,27.046628030342255,50.3643300182802,3,33,breaststroke
2026-01-05 07:01:01.400,athlete_01,session_001,0.34823157483226097,0.17953146967713787,1.354460506533236,43.34476583133385,74.01819267875662,62.909424399340026,112.9157913461056,98.37910134802705,26.907961878527534,50.407060931249845,3,33,breaststroke
2026-01-05 07:01:01.450,athlete_01,session_001,0.3764968835300244,0.11544394982186701,1.2421866949630318,53.51977461730149,70.28459360140515,67.1760481274054,112.79154236711061,98.19746777433393,27.10326776434692,50.4501583057555,3,33,breaststroke
2026-01-05 07:01:01.500,athlete_01,session_001,0.462965639998597,0.08369289619136425,1.331489026811763,64.0943126708969,43.991981095017906,68.05978993463316,112.81473878018564,98.3522337919017,26.77343808341199,50.493598085766806,3,33,breaststroke
2026-01-05 07:01:01.550,athlete_01,session_001,0.4852401618751726,0.009671727448015588,1.2769160033921085,74.29392130088428,45.0897357877803,57.859873051871276,112.65779499771479,98.97320417111337,26.93149915723076,50.53734811387942,3,33,breaststroke
2026-01-05 07:01:01.600,athlete_01,session_001,0.4620033008961978,0.01822512761994953,1.2864706889663762,79.25958470041016,8.648277361710129,66.4098656374383,112.89684205375731,98.4291123296068,27.001106179946127,50.58136889216476,3,33,breaststroke
2026-01-05 07:01:01.650,athlete_01,session_001,0.5856022450660933,0.007897608676837349,1.3100009414686813,78.35651730931605,2.6741276811731645,61.665315657273915,112.6704920509236,98.0490282071837,27.084647151833522,50.62561451669797,3,33,breaststroke
2026-01-05 07:01:01.700,athlete_01,session_001,0.5396254763062417,-0.05925387077714419,1.2815558332137251,75.9159950931435,-13.747432474793545,55.408508534826744,112.70166665193553,98.43510231626706,26.902040329621112,50.67003376365273,3,33,breaststroke
2026-01-05 07:01:01.750,athlete_01,session_001,0.6196277985683448,-0.007910470825856233,1.1360130112380495,76.9448840745699,-34.35986280706738,36.81421300974856,112.72729907953577,98.39339604018747,27.03583771566435,50.71457130126592,3,33,breaststroke
2026-01-05 07:01:01.800,athlete_01,session_001,0.48408931143233774,-0.12667704811794822,1.1891337836481948,68.18563465782094,-52.17431811496077,30.000751652415232,112.62545808207352,98.74108542730566,27.19046422479064,50.75916899899683,3,33,breaststroke
2026-01-05 07:01:01.850,athlete_01,session_001,0.4428744116382511,-0.13342016032505133,1.1572923226103453,68.02590204513079,-49.1159204125141,26.671125591179116,112.56114848190103,98.43667383723059,27.020305796713973,50.803767302905854,3,33,breaststroke
2026-01-05 07:01:01.900,athlete_01,session_001,0.501312800957655,-0.12469268868425021,1.0868705730900179,58.218070845639566,-64.80997989716519,16.894155401339646,112.55832630553371,98.25188133160296,26.940980628613584,50.8483066447111,3,33,breaststroke
2026-01-05 07:01:01.950,athlete_01,session_001,0.43026010402740517,-0.18547525404876455,1.052346123365312,40.50874835483778,-77.82557572597504,3.3639138160840094,112.54706920250705,98.2241286956704,26.975375604465,50.89272885118437,3,33,breaststroke
2026-01-05 07:01:02.000,athlete_01,session_001,0.31919414589815126,-0.15841454906538782,1.0478174346551452,38.49768105206546,-71.65081187690649,-1.2444119802563502,112.49408882095736,98.19511463327781,27.028602485322278,50.93697852053982,3,33,breaststroke
2026-01-05 07:01:02.050,athlete_01,session_001,0.25142304729616466,-0.13220235835798494,0.9138318010455354,40.40424627927703,-84.66368199227351,-18.671847397724388,112.480303481838,98.46733937561058,26.897486457926064,50.98100433324992,3,33,breaststroke
2026-01-05 07:01:02.100,athlete_01,session_001,0.18463640193447547,-0.18695314831600737,0.9968956933306253,24.823349154552183,-79.85058171358244,-26.59917768697702,112.27156091634663,98.11060268541151,26.94641562886972,51.024760266274434,3,33,breaststroke
2026-01-05 07:01:02.150,athlete_01,session_001,0.1837610809532512,-0.2596410434401441,0.8818923655281944,17.884633913262757,-86.72996318674915,-32.81897235369215,112.37835385756445,98.23344930507001,26.984696322033024,51.068206681973564,3,33,breaststroke
2026-01-05 07:01:02.200,athlete_01,session_001,0.10648587456057759,-0.1802269152121923,0.8734410970503772,5.142835655136056,-70.26387165018478,-33.181325538145394,112.42080423020506,98.39293304010906,26.939966634586657,51.111311265941424,3,33,breaststroke
2026-01-05 07:01:02.250,athlete_01,session_001,0.07531195268564854,-0.22452763565840994,0.7873751067235202,2.5498225084209127,-80.70474836865301,-51.112062516575605,112.57829750920284,98.64613757073093,27.032972324204948,51.15404979157051,3,33,breaststroke
2026-01-05 07:01:02.300,athlete_01,session_001,-0.046278530113077705,-0.2519123140261171,0.8207795152272476,-2.212748588425584,-61.53870677505779,-54.603222239630576,112.53167159212556,98.45312595165792,27.048028394489492,51.196406693257494,3,34,breaststroke
2026-01-05 07:01:02.350,athlete_01,session_001,-0.11923111419524121,-0.1290552903681799,0.793202823993018,-12.552854772937815,-69.42404984733966,-47.94202050822375,112.50249435517563,98.35687386181738,27.05583438716704,51.23837543468808,3,34,breaststroke
2026-01-05 07:01:02.400,athlete_01,session_001,-0.20815592277550654,-0.16267509534869834,0.765686488844293,-13.529943709995507,-67.0675811512129,-54.44858221440127,112.52131358113725,98.41187796569406,27.14499466243423,51.27995866348736,3,34,breaststroke
2026-01-05 07:01:02.450,athlete_01,session_001,-0.2618042702091021,-0.1906477992828181,0.6650841912228751,-30.22937818106278,-66.4577473687924,-76.50698538720266,112.53697978497433,98.5696568338528,27.037735940338024,51.32116814857655,3,34,breaststroke
2026-01-05 07:01:02.500,athlete_01,session_001,-0.28284244378828544,-0.1038033367789166,0.7942936844246075,-30.366194393405344,-48.79410631743407,-58.78490503103355,112.67062477022388,98.4802005040961,26.99341126957318,51.362024501718196,3,34,breaststroke
2026-01-05 07:01:02.550,athlete_01,session_001,-0.40139946588243797,-0.10862925591458342,0.691143505235687,-38.83584039409446,-41.615143591766085,-57.04483252034186,112.77413158071123,98.59700002310085,26.960224043240967,51.40255668983838,3,34,breaststroke
2026-01-05 07:01:02.600,athlete_01,session_001,-0.4588167731774867,-0.1241611903829737,0.7353807989584157,-49.84214490622844,-30.94015608936593,-50.78843320680554,112.78935825216918,,26.9961028050948,51.44280134966412,3,34,breaststroke
2026-01-05 07:01:02.650,athlete_01,session_001,-0.44916994060574056,-0.0327638807076163,0.777268018397382,-59.022166833836565,-23.363170019261982,-56.03532802479675,112.82923472134554,98.38001030285746,26.95805134402756,51.482801920892044,3,34,breaststroke
2026-01-05 07:01:02.700,athlete_01,session_001,-0.5135066152635703,-0.038296930506912706,0.7433042382703349,-63.815323819571596,-14.19880015467866,-50.71504470241977,112.90355434114952,98.24699871880401,27.073332407683047,51.5226076183976,3,34,breaststroke
2026-01-05 07:01:02.750,athlete_01,session_001,-0.5535661291136347,0.0024939107816047716,0.743046047694774,-65.97354941041196,-12.289116079016376,-50.62111258588497,113.09050223350833,98.40967238058055,27.177696021640465,51.56227226780247,3,34,breaststroke
2026-01-05 07:01:02.800,athlete_01,session_001,-0.5836057794773932,0.12950151536738874,0.8497488873845782,-69.35542441294987,10.718735205343332,-42.31558341637212,113.14897515602983,98.51656047378249,26.987640296012565,51.60185303195103,3,34,breaststroke
2026-01-05 07:01:02.850,athlete_01,session_001,-0.6082732893172624,0.08738432350714219,0.7617219033705201,-61.268900936564336,30.311983707457394,-38.65347099521858,113.19770082992838,98.37656199180942,27.090356302176026,51.64140905842745,3,34,breaststroke
2026-01-05 07:01:02.900,athlete_01,session_001,-0.577920194917654,0.11337084699386693,0.8766541522695116,-74.86260664523108,49.35327816359903,-39.08332073745372,113.25294516270743,98.19728676696043,27.022086644984366,51.681000080113535,3,34,breaststroke
2026-01-05 07:01:02.950,athlete_01,session_001,-0.5552552710096214,0.14978070780615432,0.9011000376528824,-66.51488562695867,58.801613624311635,-28.0297537971033,113.31469812265881,98.41536834782302,26.93160991123729,51.72068500189833,3,34,breaststroke
2026-01-05 07:01:03.000,athlete_01,session_001,-0.4510862688689077,0.1712009451670373,0.9667540042825845,-67.9460255533758,70.79712041233066,-17.083525466369597,113.55781886459256,98.36785418567123,27.091087068318387,51.76052050697815,3,34,breaststroke
2026-01-05 07:01:03.050,athlete_01,session_001,-0.41262458661403545,0.21366223332164613,0.965148969404789,-51.44203192875753,78.84709551097588,-14.164907530646921,113.70947809176546,98.40616856718066,27.012215775211978,51.8005597157223,3,34,breaststroke
2026-01-05 07:01:03.100,athlete_01,session_001,-0.4052024957143829,0.21591534792329278,1.0129655621352973,-48.998538038961854,87.32094476994166,9.713881924940283,113.73380326242783,98.43980717174841,26.985171928957087,51.840850928835835,3,34,breaststroke
2026-01-05 07:01:03.150,athlete_01,session_001,-0.3240096466660071,0.2756665495336595,1.1389802106535731,-42.39619686747918,81.35317668354483,18.451780594778622,113.61196898533184,98.62072644015801,26.972293921959384,51.88143648455647,3,34,breaststroke
2026-01-05 07:01:03.200,athlete_01,session_001,-0.18060299362132437,0.3066428072153098,1.2091700583763385,-24.73932709341582,106.55617375750565,21.75612692295986,113.93557454999541,98.20084260592793,26.903893318123018,51.92235175692449,3,34,breaststroke
2026-01-05 07:01:03.250,athlete_01,session_001,-0.09371597145268391,0.23929301568084554,1.1341929894144986,-3.5673940182104893,106.73069044276362,43.779445394449375,113.94118060135537,98.0768616296846,27.013824012153822,51.96362431882679,3,34,breaststroke
2026-01-05 07:01:03.300,athlete_01,session_001,0.07242582229204417,0.16940623938220672,1.2448405117689125,0.4236694286804825,102.8671099224375,46.61849100865348,114.02809448094965,98.5590755746699,27.06240783293935,52.00527328961754,3,34,breaststroke
2026-01-05 07:01:03.350,athlete_01,session_001,0.07301167541787977,0.18363084436377256,1.2707949332226773,17.923127721411262,94.33530022966846,61.75347178838332,114.10505402127139,98.43160586777348,27.01006205041211,52.04730888275096,3,34,breaststroke
2026-01-05 07:01:03.400,athlete_01,session_001,0.23725822071761368,0.21369061149254867,1.3319927035559171,40.05382619794834,92.14620022784737,60.41492697923975,114.26278024129753,98.26439004183813,26.906502086660478,52.08973216412918,3,34,breaststroke
2026-01-05 07:01:03.450,athlete_01,session_001,0.25760080880852826,0.20457187910910954,1.3783073139184647,44.25363261981355,78.03479545773594,76.32736207924441,114.39132103135138,98.21997992984913,26.898349895373677,52.13253502688284,3,34,breaststroke
2026-01-05 07:01:03.500,athlete_01,session_001,0.42471378200436777,0.10105199196581151,1.2943472123614523,48.253744355068065,59.35910780886433,63.62704422536246,114.44863174349545,98.25264926188733,27.21851922351516,52.17570038318101,3,34,breaststroke
2026-01-05 07:01:03.550,athlete_01,session_001,0.4734192375729788,0.1573027332297256,1.2926099883615532,60.778105344750855,45.1911721989243,73.39087399531513,114.68012950285483,98.61760709243654,26.97435494417006,52.21920256853226,3,34,breaststroke
2026-01-05 07:01:03.600,athlete_01,session_001,0.5516845087098675,0.03911030426385735,1.2501314358358746,68.60417930072084,30.383727421907633,75.66425223679619,114.68883280405755,98.33656798035227,26.98041077972246,52.263007949011005,3,34,breaststroke
2026-01-05 07:01:03.650,athlete_01,session_001,0.549588138850535,-0.06770454291202398,1.3042315777243632,73.9324559781471,12.88787644209666,62.80702715001686,114.93514175055958,98.35138188440611,27.0865572639055,52.30707571704205,3,34,breaststroke
2026-01-05 07:01:03.700,athlete_01,session_001,0.5967035166278881,-0.012130990899351485,1.2636640575505764,80.50461845321972,-13.91647911910905,51.36204120565018,115.11144378955375,98.12286233645519,27.016226711619634,52.35135885691494,3,34,breaststroke
2026-01-05 07:01:03.750,athlete_01,session_001,0.5797105595764859,-0.02438979420699676,1.2017085538719072,73.09853066521632,-18.365077739004374,49.42638666077361,115.35355444563393,98.35141315209466,27.050793542855732,52.395805257183866,3,34,breaststroke
2026-01-05 07:01:03.800,athlete_01,session_001,0.5594530087813082,-0.12839781823565452,1.1383144742308675,72.57504081460813,-36.53347629989486,40.02778317105791,115.59332434315884,98.4426202668581,26.893542704742952,52.440358943633576,3,34,breaststroke
2026-01-05 07:01:03.850,athlete_01,session_001,0.5907602066166041,-0.17449941336023872,1.1147749973912071,62.17065386400213,-41.71305402633969,24.57101396574383,115.72147787744224,98.61566040316104,27.033636623752884,52.484961403639055,3,34,breaststroke
2026-01-05 07:01:03.900,athlete_01,session_001,0.5475022093285684,-0.15471465962354397,0.9959828079158954,60.47314707905732,-45.543598926480065,28.684175653277894,115.96529223831834,98.44551157641885,27.098427065745863,52.52955297058446,3,34,breaststroke
2026-01-05 07:01:03.950,athlete_01,session_001,0.5068057617875615,-0.19949006256352528,0.9224378700286395,58.87734245877806,-79.60726374078975,4.384079345222559,116.00297292428299,98.211841458566,27.088183975325613,52.57407423558564,3,34,breaststroke
2026-01-05 07:01:04.000,athlete_01,session_001,0.42074367393504347,-0.14399600006907828,1.0001805103356394,57.21172796852207,-67.3928252962399,2.717497430348763,116.23112232631479,98.07127233997427,26.875013608534395,52.61846745311472,3,34,breaststroke
2026-01-05 07:01:04.050,athlete_01,session_001,0.32359390669465043,-0.1721246781972104,0.9461455504960713,26.900435150964775,-80.28437549234235,-1.9815655004777097,116.28869214115093,98.37245357279113,27.07400887328052,52.66267790726933,3,34,breaststroke
2026-01-05 07:01:04.100,athlete_01,session_001,0.23518230045791982,-0.18658020756219218,0.9715056625323097,23.68648331477821,-84.25578682970283,-10.217469193154042,116.45328522316942,98.57101893191357,27.01023513919072,52.70665520636045,3,34,breaststroke
2026-01-05 07:01:04.150,athlete_01,session_001,0.19564478495071685,-0.27291258815596126,0.9256934882793775,26.703355748304414,-85.16327302884397,-20.443641254299735,116.63307119741692,98.20017926889545,27.04812847708043,52.75035447518853,3,34,breaststroke
2026-01-05 07:01:04.200,athlete_01,session_001,0.09537583864300114,-0.26820288028220923,0.8472856839952239,12.766035633907867,-78.96476931299493,-22.939126229788567,116.77190897921355,98.44496847537275,27.027258189320936,52.79373741679853,3,34,breaststroke
2026-01-05 07:01:04.250,athlete_01,session_001,0.0465377360258545,-0.2570327136696755,0.8412087505061795,0.4377289836158065,-75.97541003320458,-44.04441376403291,117.06142825492422,98.18755637900621,27.043782453668303,52.83677321859259,3,34,breaststroke
2026-01-05 07:01:04.300,athlete_01,session_001,0.015918120376570505,-0.12801612808834134,0.7972820074394719,-3.24416678413254,-61.80185394409299,-48.822883190586154,117.20602645003173,98.8007263174918,27.082640367561854,52.87943928136145,3,34,breaststroke
2026-01-05 07:01:04.350,athlete_01,session_001,-0.05715508400609109,-0.17429996292075495,0.8661284926896127,-0.5126025428684482,-75.29856659237397,-42.51810524194947,117.06884652656213,98.28825671649406,27.045796198088535,52.921721753985686,3,35,breaststroke
2026-01-05 07:01:04.400,athlete_01,session_001,-0.1145794283228687,-0.19766624125668125,0.8085482174390654,-10.652432007107786,-72.83847051546772,-48.11313783661986,116.97659155479889,98.17741295726499,26.90338088778435,52.96361586115562,3,35,breaststroke
2026-01-05 07:01:04.450,athlete_01,session_001,-0.17091319299756288,-0.17130877410752826,0.7726883142192233,-19.613157303440673,-72.99943495824228,-52.09280014509189,116.97520188662125,98.44626475789427,27.09806836337805,53.00512601635596,3,35,breaststroke
2026-01-05 07:01:04.500,athlete_01,session_001,-0.1815807106550712,-0.1977712980982539,0.8153519900594508,-26.00466023937032,-61.260655234038396,-58.096992400438914,116.90909987058237,98.16669991028243,27.023447765929156,53.04626571744201,3,35,breaststroke
2026-01-05 07:01:04.550,athlete_01,session_001,-0.3150361620224007,-0.13761603293645674,0.8315969604494527,-23.852561253813704,-49.030968522183194,-60.184039347768504,116.8068762001674,98.16765545875853,26.8565926581987,53.08705722727803,3,35,breaststroke
2026-01-05 07:01:04.600,athlete_01,session_001,-0.4359312312121229,-0.07182795258003152,0.802067724664715,-42.15707739793561,-54.146863295882945,-49.15754441747366,116.86278306106884,98.40006131408497,27.04482456155504,53.127531046994015,3,35,breaststroke
2026-01-05 07:01:04.650,athlete_01,session_001,-0.4057968232309031,-0.07737936220714253,0.7665520422345918,-50.09476527675162,-38.972136015865395,-52.60039274878983,116.93749207189603,98.62880126693787,27.11687544274302,53.16772519432361,3,35,breaststroke
2026-01-05 07:01:04.700,athlete_01,session_001,-0.4449846983708345,-0.07523372871552769,0.7735240846979712,-56.33555832421114,-23.580187681553493,-42.5399512433542,117.00741910441594,98.31732558187522,27.01505723392359,53.20768430409792,3,35,breaststroke
2026-01-05 07:01:04.750,athlete_01,session_001,-0.48154570176115613,0.04430032334596879,0.7506818606346045,-56.011175275930285,-17.34693926801022,-55.932325005333965,117.17501236404799,98.29838519298907,26.97108382000833,53.24745857217759,3,35,breaststroke
2026-01-05 07:01:04.800,athlete_01,session_001,-0.4324807799110979,-0.02512929392155103,0.7944080494430553,-72.3737031351984,7.0474453800267725,-46.09533175150029,117.22569352868025,98.06133093904332,27.015965644345158,53.28710256781003,3,35,breaststroke
2026-01-05 07:01:04.850,athlete_01,session_001,-0.6222934196432391,0.01292009909511773,0.8186581852072906,-67.78491422609787,14.09928526462094,-37.55747447884346,117.23413081205538,98.55313027279007,26.999403337403358,53.32667394251147,3,35,breaststroke
2026-01-05 07:01:04.900,athlete_01,session_001,-0.6018685640084318,0.034713099799715146,0.8248033394123312,-70.53715145656948,28.94585960607169,-36.36462299833098,117.17197919342955,98.36891578602898,26.990261490391884,53.366232066022036,3,35,breaststroke
2026-01-05 07:01:04.950,athlete_01,session_001,-0.5448642219856431,0.20101053391356985,0.8875339805150798,-75.32990749302766,39.733427298328934,-35.20620158585793,117.19843117564837,98.26669043117313,27.159869811955524,53.40583662160733,3,35,breaststroke
2026-01-05 07:01:05.000,athlete_01,session_001,-0.5051610008587352,0.14960651583494905,0.931798024639173,-69.59369835184103,52.453529115346775,-30.118301773186154,117.20753230249343,98.62693373433261,26.974702266901577,53.445546193941986,3,35,breaststroke
2026-01-05 07:01:05.050,athlete_01,session_001,-0.45685084987053437,0.12692401962842692,1.0150057660414786,-70.24537659934938,77.99744943258162,-8.286804589267179,117.22624208019579,98.1523088894512,27.19078872868541,53.485416882986016,3,35,breaststroke
2026-01-05 07:01:05.100,athlete_01,session_001,-0.3604174494177201,0.20400225252240953,1.0088706899802464,-53.89378100337246,79.75465127792083,-3.675854602719251,117.20014656956695,98.65019205471295,26.91422614026949,53.52550097664998,3,35,breaststroke
2026-01-05 07:01:05.150,athlete_01,session_001,-0.3851360508255048,0.22625819018513357,1.1077288286204467,-49.79526220913727,83.18152192737492,5.031202868270879,117.11776479619121,98.23399252701928,26.91509729601508,53.565845713653914,3,35,breaststroke
2026-01-05 07:01:05.200,athlete_01,session_001,-0.22699415533874326,0.25853288655291934,1.1596999157588392,-41.28466669559843,96.97210281846735,22.67050763748171,117.19905904069216,98.59935753334548,27.09940293615349,53.60649216585094,3,35,breaststroke
2026-01-05 07:01:05.250,athlete_01,session_001,-0.16597941324722656,0.32659179261367854,1.0605408357441097,-17.64671354111172,104.39982802140226,26.748626545073584,117.17921962395747,98.2338570278823,26.95463586886648,53.647474266460094,3,35,breaststroke
2026-01-05 07:01:05.300,athlete_01,session_001,0.00031153247749474144,0.3092756872694253,1.1995549947997612,-9.085866593176855,110.20834856454886,47.79597478409845,117.13113539150896,98.22053681467072,27.13457865706106,53.68881800720042,3,35,breaststroke
2026-01-05 07:01:05.350,athlete_01,session_001,0.012406799311816017,0.17026320930404204,1.1896672769640346,3.7002799832592075,107.84404259961087,45.34781049467923,117.07887894331499,98.4852255879296,26.969245415603734,53.73054082332237,3,35,breaststroke
2026-01-05 07:01:05.400,athlete_01,session_001,0.13913809562963794,0.30153132146449474,1.2216676014676897,14.393387964478368,100.0522948420212,57.7649730409256,116.88563929498426,98.39535918074375,27.003433504820624,53.772651181086744,3,35,breaststroke
2026-01-05 07:01:05.450,athlete_01,session_001,0.22642242933287615,0.22466875477926113,1.1449390545670621,32.375241732655915,88.48780272591102,66.31790795926698,116.7981371941363,98.55074785950909,26.981529946541443,53.815148377451465,3,35,breaststroke
2026-01-05 07:01:05.500,athlete_01,session_001,0.30571045278381626,0.2478783654103207,1.356771229097751,50.74636026222428,73.67406687833007,72.72010199046109,116.85290407205052,98.28345260390212,27.147399053242733,53.858022556705684,3,35,breaststroke
2026-01-05 07:01:05.550,athlete_01,session_001,0.4707781315826528,0.19822874015029118,1.3015935656656072,55.282651938853924,55.72709986250007,80.04254846791515,116.85862058559074,98.34524575388659,27.111610291964837,53.901254943657634,3,35,breaststroke
2026-01-05 07:01:05.600,athlete_01,session_001,0.4986953078746786,0.08794027521727076,1.2894905922498425,61.929622730573584,53.48149297149015,61.82780123038141,116.92430633182306,98.46223841878677,27.02553689756205,53.94481828785893,3,35,breaststroke
2026-01-05 07:01:05.650,athlete_01,session_001,0.5793884716190886,0.07898445090355757,1.3001309315291856,74.77711452495336,26.288657614668036,56.266493516876835,117.05886332023465,98.15190272394752,26.977718185822965,53.98867750835491,3,35,breaststroke
2026-01-05 07:01:05.700,athlete_01,session_001,0.6207979047263655,0.09014337609420187,1.2917870094077475,74.59200498005711,14.953993720785618,64.56635521457261,116.84661591673152,98.30919829637543,26.807721842820875,54.0327905237062,3,35,breaststroke
2026-01-05 07:01:05.750,athlete_01,session_001,0.5671752386601588,-0.01848989453519109,1.2305475872426117,88.98560075961045,-1.0956768782914663,54.40854326717561,116.77119163971052,98.28700131707521,27.02890889008615,54.07710924764284,3,35,breaststroke
2026-01-05 07:01:05.800,athlete_01,session_001,0.6081559708244312,-0.07704357040001805,1.139635025067789,66.98369434634057,-29.539938310084686,44.12780400004196,116.73207015688803,98.3793613804869,26.936702855635886,54.121580726793866,3,35,breaststroke
2026-01-05 07:01:05.850,athlete_01,session_001,0.6057341604169995,-0.031164058081915247,1.1484146965860487,74.41003803437702,-33.95526511120443,33.35012429987945,116.74813416485426,98.31646199719872,27.01480214031706,54.1661483935733,3,35,breaststroke
2026-01-05 07:01:05.900,athlete_01,session_001,0.5650299314667238,-0.13582604619913582,0.9996075161875738,75.89306406453454,-52.92958106749369,35.599361673820404,116.73105921370282,98.30495466385447,27.130713868340184,54.210753404579094,3,35,breaststroke
2026-01-05 07:01:05.950,athlete_01,session_001,0.5538858241448025,-0.1378722200384679,0.9798699927815124,59.074834123804564,-67.37899160383866,26.63738326220531,116.75445109408365,98.41088204543111,27.12538941259148,54.25533603283829,3,35,breaststroke
2026-01-05 07:01:06.000,athlete_01,session_001,-0.015534626938756473,0.0025346128673778487,0.9791477577661287,-2.3943052907802405,2.5754744135976937,0.10507918832186168,114.93262867880001,98.5498912724616,27.071548847749067,54.25533603283829,3,35,rest
2026-01-05 07:01:06.050,athlete_01,session_001,-0.023965346465987736,0.024765749892068638,0.9554676006431942,-0.2936377323587152,2.312076776312157,-1.6429316472572897,114.81652199563887,98.55460497599142,26.924036151247083,54.25533603283829,3,35,rest
2026-01-05 07:01:06.100,athlete_01,session_001,,-0.03492123392549145,1.0068308124961651,-1.0263431711606998,1.7541611481163504,3.981404917258068,114.65231045489551,98.67340539954317,26.9673888776799,54.25533603283829,3,35,rest
2026-01-05 07:01:06.150,athlete_01,session_001,0.015958961281239113,0.006815019073571726,0.9778763346593655,-3.0610329263800105,-1.7083283502953108,-1.3857820018494749,114.64001170701356,98.02918447492596,26.953853546457406,54.25533603283829,3,35,rest
2026-01-05 07:01:06.200,athlete_01,session_001,-0.013748745950023449,0.013018661806281745,1.0513138092319325,-1.9171578596833379,-1.73815562418079,1.7309460651414403,114.36572417301487,98.0463955291351,27.011353495159764,54.25533603283829,3,35,rest
2026-01-05 07:01:06.250,athlete_01,session_001,0.00535444360482614,-0.023103765863143107,0.9995027123737359,-2.316276451767822,1.5403706586932393,0.13700631725105575,114.24811553105202,98.25865794147356,26.871488534348504,54.25533603283829,3,35,rest
2026-01-05 07:01:06.300,athlete_01,session_001,0.010412659771321386,0.009528895992356316,0.9841562808922331,0.36964725941409715,-2.3904211306559815,-1.5837652231889239,114.06540213474541,98.52232650540964,27.148107643418008,54.25533603283829,3,35,rest
2026-01-05 07:01:06.350,athlete_01,session_001,0.02412656290070698,0.00671456552802902,1.012425788733347,0.24468263388566472,-0.8850834546882881,3.194965501679732,113.98772899366925,98.27175650115909,27.03958300869904,54.25533603283829,3,35,rest
2026-01-05 07:01:06.400,athlete_01,session_001,0.024217696340749623,0.0038598111136583925,0.9931782898729871,-3.314108944831506,-1.5566231768062335,-0.4595131750163204,113.8623171112895,98.70811074570207,26.826964493080165,54.25533603283829,3,35,rest
2026-01-05 07:01:06.450,athlete_01,session_001,-0.010263766424338126,0.005956636509453447,1.0004260035166888,0.3286935825242652,-1.7911216173694906,-2.676078359044368,113.71518307118029,98.19796447973282,27.048662726342943,54.25533603283829,3,35,rest
2026-01-05 07:01:06.500,athlete_01,session_001,0.0352267893736022,-0.008824717516859149,0.9981042870965479,-0.851122140348984,2.1801319095191527,1.3983323533100425,113.71219844850621,98.49363663044079,27.109669026986555,54.25533603283829,3,35,rest
2026-01-05 07:01:06.550,athlete_01,session_001,-0.026334056297274044,-0.0012511754219775985,1.016060804974425,0.5940879222134596,2.992014198760358,-2.4387886442813156,113.64584384934184,98.44337792118442,26.983816302389414,54.25533603283829,3,35,rest
2026-01-05 07:01:06.600,athlete_01,session_001,-0.0034318734723080813,0.010671076209545488,1.0121506651401204,0.1976620478417164,-0.5178293869242645,-0.6945418131833212,113.61302632486675,98.58838803577576,26.997526256252012,54.25533603283829,3,35,rest
2026-01-05 07:01:06.650,athlete_01,session_001,-0.010083543347186006,0.02885590067318226,1.006203408317307,3.280188930991937,1.2444806869664768,1.8059881555618758,113.62177865135949,98.45721930512366,26.997645194716302,54.25533603283829,3,35,rest
2026-01-05 07:01:06.700,athlete_01,session_001,-0.004880511561973803,0.020400786770191106,0.968266720911031,2.306259281657803,1.9974310426675894,1.153421684847524,113.39094251143521,98.27589908308309,26.92958090963119,54.25533603283829,3,35,rest
2026-01-05 07:01:06.750,athlete_01,session_001,-0.00389411085124353,0.028890740772089,1.0196193430965201,1.4142498532399452,-0.34057222117792285,-1.1918905051255164,113.29620073257175,97.96433168221611,27.042190028268948,54.25533603283829,3,35,rest
2026-01-05 07:01:06.800,athlete_01,session_001,0.015660115223105914,0.018470308936354814,1.0156295363499164,-0.25196484980750417,0.5174716240545881,3.457951962335417,113.21295167105875,98.37656927827545,26.909032119810753,54.25533603283829,3,35,rest
2026-01-05 07:01:06.850,athlete_01,session_001,0.01123661299053464,0.014564521481175867,0.9566851924089697,5.575906057355939,-2.189281757745382,2.354386596305076,113.2339113618936,98.74641249856825,26.950853147909186,54.25533603283829,3,35,rest
2026-01-05 07:01:06.900,athlete_01,session_001,-0.010846222460098233,0.016892263657585328,0.9920047612655135,3.0106013687753475,-1.852503348684309,-2.452551971609358,112.99702454684522,98.29727189463132,26.96980801643897,54.25533603283829,3,35,rest
2026-01-05 07:01:06.950,athlete_01,session_001,0.06259653888154836,0.03894289462740032,0.9926337572768379,1.6032082467193174,-0.28546163272855074,-1.3404762660849177,112.99440405008166,98.38028557972734,27.15003778735063,54.25533603283829,3,35,rest
2026-01-05 07:01:07.000,athlete_01,session_001,0.023593145085427272,-0.011450848457001282,1.0023534700185137,1.8620108650954523,-0.27236637793985663,6.087950222431998,113.06719236786057,98.55953667463508,27.005621232068975,54.25533603283829,3,35,rest
2026-01-05 07:01:07.050,athlete_01,session_001,0.03097804131416485,0.00938404970418205,1.019484934199332,2.0830642485367137,1.1366484191913986,-0.5221072384501544,112.9765667936242,98.21208005740215,27.015982535186815,54.25533603283829,3,35,rest
2026-01-05 07:01:07.100,athlete_01,session_001,-0.005071212629301904,0.027624972714418248,1.0189157185166913,3.8707822694019876,2.3611112126620344,3.3550131023239387,113.00283193483456,98.42982350997077,26.89965054335407,54.25533603283829,3,35,rest
2026-01-05 07:01:07.150,athlete_01,session_001,0.007954840288940727,0.038063501111427575,0.9926321718581753,3.65084972374858,5.678705348310014,1.8215432071833537,112.94600855871165,98.54738338146068,26.972129087645275,54.25533603283829,3,35,rest
2026-01-05 07:01:07.200,athlete_01,session_001,0.013100442180024657,0.03512474851777105,1.0031181547054904,3.1463156436358504,-2.705277840480926,4.1790371627155265,112.96927189239406,98.28876569541875,26.95097496881974,54.25533603283829,3,35,rest
2026-01-05 07:01:07.250,athlete_01,session_001,0.00868258230609473,0.007083197052976422,1.009940654295205,5.290406862677126,-2.6229562802546322,-0.6262825072996321,113.03694890888546,98.51179194439752,26.903004220659685,54.25533603283829,3,35,rest
2026-01-05 07:01:07.300,athlete_01,session_001,0.030564349676942094,0.011636197510364751,1.020045949393497,2.041081619539546,3.166314456430344,2.4711298780248026,113.04912405594968,98.42458140759541,27.068731860107377,54.25533603283829,3,35,rest
2026-01-05 07:01:07.350,athlete_01,session_001,0.030210619370351827,0.03354315062500809,1.038990076411444,0.0299449701060694,-1.3198589169525565,0.9673296944043787,113.1963580328462,98.38550205809466,26.939159015526588,54.25533603283829,3,35,rest
2026-01-05 07:01:07.400,athlete_01,session_001,0.03537328747711086,0.03545012951179638,1.055378621379346,1.9211798663552384,3.6335265693824623,2.02227617855927,113.09216921907408,98.56920253599175,27.081729579551187,54.25533603283829,3,35,rest
2026-01-05 07:01:07.450,athlete_01,session_001,0.0071607929472030365,0.0066664313800385835,1.0233357229568312,1.8752908083361015,1.214806978613517,3.0857076598398825,113.1586174393619,97.94866241657924,27.029835619771543,54.25533603283829,3,35,rest
2026-01-05 07:01:07.500,athlete_01,session_001,0.03046555297483434,0.012310416896309295,1.0136974320846288,1.0434123132414996,3.0772078721506126,3.132398525058192,113.36528666931623,98.37420982713017,26.873145592807074,54.25533603283829,3,35,rest
2026-01-05 07:01:07.550,athlete_01,session_001,-0.008053506103696829,0.03294888930676607,0.9907778202165215,-1.1454333357406306,3.4059653430417356,0.46472687396909135,113.31266200842839,98.61782354243743,26.903396758484483,54.25533603283829,3,35,rest
2026-01-05 07:01:07.600,athlete_01,session_001,0.0023498290097086925,0.03377564211054568,1.0382975890205213,4.288345785913061,1.780814561297847,1.2470134587499702,113.26138368040695,98.58553875082143,26.976424233545213,54.25533603283829,3,35,rest
2026-01-05 07:01:07.650,athlete_01,session_001,0.002229913218059175,0.02217068769948341,1.006997089802702,4.518231692613953,-0.8503314863724265,-1.051384197216979,113.20359689890314,98.42995095961028,26.977775853367547,54.25533603283829,3,35,rest
2026-01-05 07:01:07.700,athlete_01,session_001,0.04585175670663866,0.015891952515131952,1.0348326919173547,0.40126826841389296,1.6841393990195732,2.8161040331174387,113.08272245669588,98.57917166741873,26.99935010402153,54.25533603283829,3,35,rest
2026-01-05 07:01:07.750,athlete_01,session_001,0.03510559483589509,0.039921703408705704,1.0370714427785204,3.531565548368865,-1.6333959348948934,3.369007753854916,112.92862784083829,98.65459445766798,26.969702128720765,54.25533603283829,3,35,rest
2026-01-05 07:01:07.800,athlete_01,session_001,0.013413546422534166,0.03183838518213265,0.9803920118330314,1.7879228383152783,1.4761373066440757,1.2788684975565203,113.107194233611,98.24869302389617,27.101533975966802,54.25533603283829,3,35,rest
2026-01-05 07:01:07.850,athlete_01,session_001,0.035146446516643844,-0.015329090169120811,1.0052270694795409,1.8664975504803196,5.922568064868413,2.907288595796074,113.02719307244931,98.61988521680435,26.97436626129149,54.25533603283829,3,35,rest
2026-01-05 07:01:07.900,athlete_01,session_001,0.02460678467485976,-0.009026276709158712,1.0143683678087771,6.767556599996,0.05924325257846843,6.696465472641853,113.10818416029004,98.3768980022195,26.968387999847863,54.25533603283829,3,35,rest
2026-01-05 07:01:07.950,athlete_01,session_001,-0.004308780551586692,-0.0001234269882678699,1.0183183240542073,6.676718684954911,0.258176948969415,-0.9025072387937845,113.18088102365694,98.53107820758237,27.122970436787835,54.25533603283829,3,35,rest
2026-01-05 07:01:08.000,athlete_01,session_001,-0.00986151245239431,-0.00036825309101190615,1.0128475668613552,2.6854315516452325,-2.4057221677236496,5.466737761352999,113.25257940814227,98.27803053191757,27.16055950096478,54.25533603283829,3,35,rest
2026-01-05 07:01:08.050,athlete_01,session_001,0.009516015773227528,-0.011674964036702842,1.021761038188555,2.0712394017732856,2.7150313807267095,-0.15111492205112403,113.05701659051587,98.4929891648956,27.071818066731595,54.25533603283829,3,35,rest
2026-01-05 07:01:08.100,athlete_01,session_001,-0.006217286643417217,0.02694353444476683,0.9793299446972804,3.0777667326445153,1.6572722635883548,6.4332222140725595,112.95881085996331,98.0736771146873,27.03710799738703,54.25533603283829,3,35,rest
2026-01-05 07:01:08.150,athlete_01,session_001,0.030110177196309686,0.005765160118887658,1.0235969889670047,4.670809870989094,3.695660545846998,1.7627956507619134,112.96590598864253,98.20885342064152,27.10063560716056,54.25533603283829,3,35,rest
2026-01-05 07:01:08.200,athlete_01,session_001,0.060243751838301544,0.01487360463829903,1.020837145258974,0.4298642069977829,0.492627982570659,3.5327464018934944,112.93921201983325,98.44430709786585,27.031018674025542,54.25533603283829,3,35,rest
2026-01-05 07:01:08.250,athlete_01,session_001,0.011770224439666065,0.01796909712230353,1.0086381965452234,3.1769771934834066,-0.5316941394569749,7.094689018520805,112.92200415568685,98.82464103029288,26.91561556482884,54.25533603283829,3,35,rest
2026-01-05 07:01:08.300,athlete_01,session_001,0.009084194736813841,0.04816804576375631,1.0127674053267,4.6700369566817095,3.165288690478867,0.9102655007479836,112.85370842107474,98.4433608895514,27.066244497763037,54.25533603283829,3,35,rest
2026-01-05 07:01:08.350,athlete_01,session_001,-0.004497789845067448,0.004369533921275495,0.9894990055667315,3.0706505946515064,1.3503689925069502,5.323433597092787,112.69097003054151,98.63399339124273,27.047346010678456,54.25533603283829,3,35,rest
2026-01-05 07:01:08.400,athlete_01,session_001,0.03912319419445977,-0.0031439980624955754,1.0405295810826778,3.4109910673477435,1.728672759700348,2.361227905697953,112.67394443732344,98.48864505515903,26.982011399153368,54.25533603283829,3,35,rest
2026-01-05 07:01:08.450,athlete_01,session_001,-0.008136030193692514,0.010125588466679407,1.0273530914574418,-0.43891688865832235,5.071094608937207,5.182431542472087,112.58602823316225,98.42479449026936,26.972901634363406,54.25533603283829,3,35,rest
2026-01-05 07:01:08.500,athlete_01,session_001,0.012718361899584502,-0.014188227328880497,1.016278758344885,4.623385678837224,3.6811604221555005,3.9409276433818023,112.35087211736767,98.48047861042267,26.891595797650425,54.25533603283829,3,35,rest
2026-01-05 07:01:08.550,athlete_01,session_001,0.041954801102453,-0.01839527964198981,1.0136244607596283,1.2028288053935643,3.839579245400367,2.2367299797400158,112.27317684047553,98.24137976680693,27.080995788573127,54.25533603283829,3,35,rest
2026-01-05 07:01:08.600,athlete_01,session_001,0.01806423729930507,0.0015123036420493347,1.0555052550586208,-0.874539302636003,-0.2976865214091689,-1.8217572187511712,112.11338578445002,97.98821888695633,26.840651571399565,54.25533603283829,3,35,rest
2026-01-05 07:01:08.650,athlete_01,session_001,-0.0048187643801638,0.04135028198615102,1.0324023273914051,-1.4420858707861905,5.16796800529604,3.682961803961821,112.18863536662815,98.7230427931023,26.91825936253437,54.25533603283829,3,35,rest
2026-01-05 07:01:08.700,athlete_01,session_001,0.02394406245987877,0.04633853357351294,1.0219358191178125,1.9776829667994353,-0.6870890949094504,3.3118092845968388,111.96494021229992,98.19464857822494,26.827322798658212,54.25533603283829,3,35,rest
2026-01-05 07:01:08.750,athlete_01,session_001,0.012907341174672607,0.020272828329345224,1.0116155804646185,3.2114242282069747,5.537366683790469,3.913507437852805,111.81521414130417,98.6506457513264,27.043819585709116,54.25533603283829,3,35,rest
2026-01-05 07:01:08.800,athlete_01,session_001,0.02360857044642983,0.01606830405896868,1.0140405902844907,2.076985284133559,0.08938919537268042,2.8475238895878046,111.78417232028268,98.33020597021921,27.13407483878514,54.25533603283829,3,35,rest
2026-01-05 07:01:08.850,athlete_01,session_001,0.010218639310832361,0.00012540471963560888,1.0179091709448689,5.877962018260421,1.663477745497347,1.385551635783882,111.62418069900241,98.31899287182728,27.017055560211713,54.25533603283829,3,35,rest
2026-01-05 07:01:08.900,athlete_01,session_001,0.006946940114341885,0.013166531375441938,0.9957324383733427,1.4825058398371183,-1.876149632858278,1.0102668259225047,111.72097352428926,98.19246410942861,27.054298448127955,54.25533603283829,3,35,rest
2026-01-05 07:01:08.950,athlete_01,session_001,0.03319079288447525,0.022769945976511084,1.0110904214185166,-0.7288524451968783,2.075479593997353,-0.4056454484703944,111.63869879371927,98.22554580200462,26.90253692425378,54.25533603283829,3,35,rest
2026-01-05 07:01:09.000,athlete_01,session_001,0.0005210185762760895,0.03665708660225457,1.0257768228879334,-0.028070485685476675,-1.062154460543012,-0.37048217906479947,111.55553045318752,98.17941176314072,27.15966919007699,54.25533603283829,3,35,rest
2026-01-05 07:01:09.050,athlete_01,session_001,0.023050938146281424,0.04437056655470578,1.0134542167279381,5.477669548211943,2.1236192541559076,3.813181512213778,111.51375026534241,98.5225580123648,26.99999488479879,54.25533603283829,3,35,rest
2026-01-05 07:01:09.100,athlete_01,session_001,0.003587733828257765,0.014646026602707841,1.015528267943928,2.406550596187856,2.3755304412220846,2.3341685280479663,111.67356063878168,98.50392271595732,27.083844841703844,54.25533603283829,3,35,rest
2026-01-05 07:01:09.150,athlete_01,session_001,0.025504276233068557,0.002131814185976256,1.0221041561463853,2.3050287581953506,5.435719984514218,-1.6138266755083914,111.62574653760657,98.18702562287154,27.18403245274127,54.25533603283829,3,35,rest
2026-01-05 07:01:09.200,athlete_01,session_001,0.0268911363592715,-0.0005804794095230544,0.9944919559499901,3.4956456509008844,5.550135431898462,3.579098303295111,111.58302311908729,98.64298870394208,26.898019259444816,54.25533603283829,3,35,rest
2026-01-05 07:01:09.250,athlete_01,session_001,0.015022188075060502,-0.008316540510261775,1.0360099168180854,1.17224832797482,2.506823550259009,0.5466559585871695,111.50103946243131,98.38579465603138,26.896375838206847,54.25533603283829,3,35,rest
2026-01-05 07:01:09.300,athlete_01,session_001,0.021853202553167198,0.02127714803620548,1.0004623052578097,2.83715125103429,2.731235226957327,3.496287767467344,111.37260290801208,98.3772307850291,27.177393368361283,54.25533603283829,3,35,rest
2026-01-05 07:01:09.350,athlete_01,session_001,0.014944011913080143,0.01461072428013032,1.0363717315161016,-0.03630605544054681,2.2181367255319677,3.146951431187521,111.43783362303202,98.16818787219373,26.986327633962077,54.25533603283829,3,35,rest
2026-01-05 07:01:09.400,athlete_01,session_001,0.014844093375917904,0.011048822296852301,1.0137188803054868,-2.169636076855511,4.564954590126302,4.830585179997232,111.39921971597884,98.4970536713343,27.01456687631483,54.25533603283829,3,35,rest
2026-01-05 07:01:09.450,athlete_01,session_001,0.0006877801276827796,0.02502763928811646,1.0204254411643552,1.3861006893898562,3.1052379194757576,4.228548620665741,111.26503738397149,98.55031139601238,26.939265537332606,54.25533603283829,3,35,rest
2026-01-05 07:01:09.500,athlete_01,session_001,0.017215816791211546,-0.030465902995851824,0.998462805716238,5.933418133893858,1.0100282592437149,1.3227906142386758,111.04279885475071,98.55205909532079,27.049324223284053,54.25533603283829,3,35,rest
2026-01-05 07:01:09.550,athlete_01,session_001,0.043797617675168245,0.008604602001969849,0.9990835976364826,1.6897284138528204,4.133965793281214,0.8857117803013009,110.94766913525392,98.09070163316252,26.908490671426826,54.25533603283829,3,35,rest
2026-01-05 07:01:09.600,athlete_01,session_001,0.01084463542925453,0.02063067111642994,1.0403781061757507,4.020474394221233,2.877656440701651,0.8296541247083781,110.83600921653274,98.55409639414958,27.095296489637963,54.25533603283829,3,35,rest
2026-01-05 07:01:09.650,athlete_01,session_001,-0.015297591250077866,-0.0012323827581216845,1.0126416673050498,-3.6745814455194212,1.1345811836664221,5.643127759624274,110.56000105660662,98.70592030146118,27.01973794491969,54.25533603283829,3,35,rest
2026-01-05 07:01:09.700,athlete_01,session_001,0.03932522998004866,-0.016496695465197293,0.9979182146980929,1.5658082766205044,0.8206147453665668,-0.8604800612967232,110.3168285043946,98.38278968544698,26.95688451937372,54.25533603283829,3,35,rest
2026-01-05 07:01:09.750,athlete_01,session_001,-0.015653150801060042,0.01599302061030399,1.0093869745101203,4.715234202675939,2.220361753226452,1.1168075525966377,110.02454846665016,98.60140993250918,27.00728786741706,54.25533603283829,3,35,rest
2026-01-05 07:01:09.800,athlete_01,session_001,0.021398134437726472,0.015541229945217401,1.0072593740533726,3.115996220324644,1.2781286661380207,3.3400454150412404,109.96015879007757,98.1335979545548,26.999920202111237,54.25533603283829,3,35,rest
2026-01-05 07:01:09.850,athlete_01,session_001,-0.024792044511584416,0.003505841458058891,1.0127615141576736,-1.649020295918195,1.0525472424268039,-0.8441376218002193,109.79459342136707,98.33458452470727,27.082074956127485,54.25533603283829,3,35,rest
2026-01-05 07:01:09.900,athlete_01,session_001,0.019131889798797146,0.058926224230654016,1.0224291825380893,-0.8976849324670391,3.0915493352956327,-0.26960355453361134,109.51624227867144,98.43830407124199,26.978997433782155,54.25533603283829,3,35,rest
2026-01-05 07:01:09.950,athlete_01,session_001,0.06614982201864553,-0.02064083026063427,1.0056650837302814,0.21724733860310597,3.327961397824224,-1.5511515250754484,109.28724565165197,98.68174836242562,27.04014215162023,54.25533603283829,3,35,rest
2026-01-05 07:01:10.000,athlete_01,session_001,0.02079321637761311,-0.016472707077231117,1.0428413818098448,-0.9423641067370239,2.2688750786698826,2.728795265306309,109.17573978180641,98.38238555328785,27.054867478884795,54.25533603283829,3,35,rest
2026-01-05 07:01:10.050,athlete_01,session_001,0.03242903918192155,-0.006630277721851092,1.028958093644274,2.6467982615100816,6.843345225407218,-1.488410511622951,108.92102591931139,98.21755449726975,27.054084782844193,54.25533603283829,3,35,rest
2026-01-05 07:01:10.100,athlete_01,session_001,0.011340553350903443,0.04263844151372948,0.9836078364472202,1.2223319789612135,4.079145459172726,-1.5961349776380007,108.67994411913949,98.1339491246964,26.98527444345449,54.25533603283829,3,35,rest
2026-01-05 07:01:10.150,athlete_01,session_001,0.016144188361667037,-0.01723760472639594,0.9940779093405196,3.4408998566926456,2.606972360265701,3.890129132812412,108.51607318591836,98.29384323988276,26.98973563049302,54.25533603283829,3,35,rest
2026-01-05 07:01:10.200,athlete_01,session_001,0.00783416184562662,-0.0027145296330576426,0.9853234172551728,1.7570471185863117,0.35731085538582413,-2.96227926856799,108.39551684149332,98.48988069113369,26.889249307493987,54.25533603283829,3,35,rest
2026-01-05 07:01:10.250,athlete_01,session_001,0.034455161470123535,-0.005184059723408743,0.9992761437986096,-0.3911939141329924,0.524498938774274,0.14252167764573787,108.1525651205943,98.57926150982532,26.990571663987254,54.25533603283829,3,35,rest
2026-01-05 07:01:10.300,athlete_01,session_001,0.02806561390773352,0.032581936840269596,0.9955517461948655,0.8533503491088634,4.763103899471643,1.5604651449880182,107.81859781480726,98.31137145337041,26.958093311098576,54.25533603283829,3,35,rest
2026-01-05 07:01:10.350,athlete_01,session_001,0.014035466293388947,-0.0028113921580728593,1.0356160858395658,-0.6625860808152196,1.9752719271481913,0.08104882244085578,107.76945032099296,98.18595882386532,27.040798624030266,54.25533603283829,3,35,rest
2026-01-05 07:01:10.400,athlete_01,session_001,-0.003322879183499302,0.014192794881697775,1.0177139297110753,2.75251215289749,2.9102408607907897,0.41071285732540175,107.61444065753595,98.8005038248394,26.978216873101584,54.25533603283829,3,35,rest
2026-01-05 07:01:10.450,athlete_01,session_001,-0.020397929091615873,0.0424428951851102,1.0431648496263999,0.7884849214758503,4.626736940828177,2.592915011323737,107.5159136911811,98.54682875231788,26.872197921583563,54.25533603283829,3,35,rest
2026-01-05 07:01:10.500,athlete_01,session_001,0.014085152932388642,0.004886581035838468,0.99915841761184,-1.4987760575488818,0.08261132577219792,-1.0192905374495715,107.35516867920786,98.37377749684391,26.920594265915735,54.25533603283829,3,35,rest
2026-01-05 07:01:10.550,athlete_01,session_001,0.017643411853689273,-0.030712275012670934,0.9786089825974886,-1.0791858781544632,1.0462898780523737,2.5715543249850965,107.1831414191854,98.38636706998176,26.862301155712153,54.25533603283829,3,35,rest
2026-01-05 07:01:10.600,athlete_01,session_001,-0.019925217871325493,0.010607424128837079,1.0109830419011985,-0.014142947399246352,0.6332841884617536,2.1233759833916213,107.07382792878171,98.54764845710726,26.989159804471996,54.25533603283829,3,35,rest
2026-01-05 07:01:10.650,athlete_01,session_001,0.010085367534549817,0.0417068388443688,1.0384190294498397,-0.5954156371550585,0.4451674475678282,-0.507575527036664,106.95613742542423,98.22229930820852,27.008418425196272,54.25533603283829,3,35,rest
2026-01-05 07:01:10.700,athlete_01,session_001,-0.01220338361459113,0.006502961210148138,0.9888962458257655,3.5735878192024697,-1.148926874225028,2.8820375618829868,106.85621669190866,98.34249382059632,27.008965464015667,54.25533603283829,3,35,rest
2026-01-05 07:01:10.750,athlete_01,session_001,-0.025307493996083955,0.022005593570221395,0.9855404238131847,-0.5056536625552792,0.4756004313307728,-0.5819492814499433,106.80376994880781,98.32065783526104,26.89284691562258,54.25533603283829,3,35,rest
2026-01-05 07:01:10.800,athlete_01,session_001,-0.031657654572146095,0.022999855770662603,1.0202573155268402,-0.1456486511617695,0.31623448971278234,0.5273233312353122,106.59195210043957,98.13962536320803,26.971973685336494,54.25533603283829,3,35,rest
2026-01-05 07:01:10.850,athlete_01,session_001,0.004040622771277739,0.012745243962224028,1.0018410998442393,4.04666384563035,0.23740132596218702,-0.16739325084027676,106.42808506026145,98.18047270525871,27.067265768932533,54.25533603283829,3,35,rest
2026-01-05 07:01:10.900,athlete_01,session_001,0.02573861646834159,0.03810286048111841,1.014241204593265,2.3583856454384513,-0.21791248844119046,-0.8487187069466218,106.22725286439889,98.3461345820527,26.878523989032413,54.25533603283829,3,35,rest
2026-01-05 07:01:10.950,athlete_01,session_001,0.03462022054436822,-0.010526797726839742,0.9794466082317035,2.154478305573416,4.221022315445026,1.1335437463329912,106.04348419989631,98.47946788640894,27.02216061193833,54.25533603283829,3,35,rest
2026-01-05 07:01:11.000,athlete_01,session_001,-0.03100622686940725,0.002962563261863853,0.9985769382097464,2.3561677627090285,1.8378449132009806,-3.9788291344071616,105.64729831661529,98.27598967940173,27.019118160368713,54.25533603283829,3,35,rest
2026-01-05 07:01:11.050,athlete_01,session_001,0.022690109787054682,-0.006899655728193947,1.0153847491695793,-1.1980221607467252,-1.0183432041218663,-1.0178995158309028,105.33133962974505,98.41046895452679,26.937806044539677,54.25533603283829,3,35,rest
2026-01-05 07:01:11.100,athlete_01,session_001,0.0077182063984710765,-0.0023338295231251586,1.0157516215833233,-0.029618338347015948,1.97715688827266,-0.324108573749604,105.27727368325314,98.49120714387558,27.03180150776827,54.25533603283829,3,35,rest
2026-01-05 07:01:11.150,athlete_01,session_001,-0.00489856876404952,0.04647263780080577,1.0136622315300485,-3.5452940963569675,0.7476473922089253,1.9380262867005276,105.03870173065363,98.56998236750732,27.082257684392726,54.25533603283829,3,35,rest
2026-01-05 07:01:11.200,athlete_01,session_001,0.017763004008651176,0.009602649582879229,1.0200098135415985,1.360299918526317,-1.8775728554724567,1.352178081555847,104.83464319854987,98.48903351855282,26.82102827213339,54.25533603283829,3,35,rest
2026-01-05 07:01:11.250,athlete_01,session_001,-0.007679486617076593,0.03624543057557992,0.9946095256065541,1.3025715567311382,2.7683233493801533,-0.4440835321085436,104.75573899355709,98.53558742738511,26.932042086406884,54.25533603283829,3,35,rest
2026-01-05 07:01:11.300,athlete_01,session_001,-0.004292074181302289,0.0011092776511798593,0.9840295865425372,-0.9407869522878693,1.6461053767684608,3.894304288989543,104.49701125587205,98.47563287240682,27.05821896187864,54.25533603283829,3,35,rest
2026-01-05 07:01:11.350,athlete_01,session_001,0.004137807450415963,0.01983167573999961,0.9539049197450822,0.5926934574379894,0.47226021517996136,-2.817833663547583,104.58416996533596,98.40680905695348,27.095982672493257,54.25533603283829,3,35,rest
2026-01-05 07:01:11.400,athlete_01,session_001,0.0031059282599379483,-0.012717869832531054,0.9875461116363741,1.6830455832475195,1.6362277775779484,0.009425089088317018,104.63706903102396,98.3510309570989,26.868586726869484,54.25533603283829,3,35,rest
2026-01-05 07:01:11.450,athlete_01,session_001,-0.009951094160083851,-0.02246057549099628,1.0018429963813609,-0.3933225630107186,3.2270244859754262,0.374371591520964,104.31715583595123,98.17303047766724,27.031775853852615,54.25533603283829,3,35,rest
2026-01-05 07:01:11.500,athlete_01,session_001,-0.006930848949989696,-0.02095589165693804,1.002614864846648,1.0122890333487111,5.232356391981817,-2.7057806609689146,104.33356548917122,98.52110939061774,26.981518672663576,54.25533603283829,3,35,rest
2026-01-05 07:01:11.550,athlete_01,session_001,-0.00015283175728996988,0.03058797059376637,0.9993543233201675,-2.1548331849751468,-0.8046716864952723,-3.008949825651018,104.32986909134006,98.29811915007613,27.041703766380742,54.25533603283829,3,35,rest
2026-01-05 07:01:11.600,athlete_01,session_001,0.02168112793400423,-0.02349550245954639,0.9954226596652762,-2.2315473927204783,3.434844405004396,0.4062855968273861,104.33486566619122,98.20906547540633,27.013687567929438,54.25533603283829,3,35,rest
2026-01-05 07:01:11.650,athlete_01,session_001,-0.03635180013615886,-0.043095662382223836,0.971186965680077,1.3871383382678426,0.7699652016232904,-1.3206199085710373,104.09467638040645,98.4459754737012,27.022044249925127,54.25533603283829,3,35,rest
2026-01-05 07:01:11.700,athlete_01,session_001,-0.012366703011404747,-0.02358709183909836,1.031118336133657,-2.9659309068218382,0.3730542586952801,2.017666494864794,103.98113045951632,98.3934131626911,27.039663517156207,54.25533603283829,3,35,rest
2026-01-05 07:01:11.750,athlete_01,session_001,0.01420203781481385,0.050671947991295936,1.014148662700306,1.3607401540804291,-0.5144522077368568,-1.517269402216507,103.93514143379143,98.74760122366453,27.029960480481137,54.25533603283829,3,35,rest
2026-01-05 07:01:11.800,athlete_01,session_001,0.008562585274386827,0.015498047403683575,1.0020308284623003,0.6433395491702469,2.6262148687550897,-1.2617700992875456,103.84166006362992,98.35993231510899,27.113140004487388,54.25533603283829,3,35,rest
2026-01-05 07:01:11.850,athlete_01,session_001,-0.016898329317875695,-0.02991629237564992,0.992031621382911,1.5323027078005051,-1.816777330951462,2.53352096053294,103.80781661337055,98.56933782252392,26.99850028265754,54.25533603283829,3,35,rest
2026-01-05 07:01:11.900,athlete_01,session_001,0.008556516443125417,0.02514673647659852,0.9938855866307403,-0.7858628524057689,1.1401800615899755,-3.208238686310107,103.74735795236192,98.55764668339653,26.97588348560255,54.25533603283829,3,35,rest
2026-01-05 07:01:11.950,athlete_01,session_001,-0.024594410876473682,-0.017872847188510805,1.0187961968206012,1.4179989593501687,1.416456328409454,-0.46689452716817864,103.80833846088981,98.2666980893066,27.0368537596336,54.25533603283829,3,35,rest
2026-01-05 07:01:12.000,athlete_01,session_001,0.16702633753400875,0.29762395980069806,1.8458305304015954,35.820902352132485,89.4407506468528,204.4644577742072,104.89686784135316,98.27723708254031,26.914816555983244,54.317956041010035,3,35,butterfly
2026-01-05 07:01:12.050,athlete_01,session_001,0.37170659828334046,0.3939761885178273,1.7357328785357407,90.38141492494785,118.37947823824264,202.26033176535648,104.92583844181372,98.235795346634,26.92267576366213,54.38165182569477,3,35,butterfly
2026-01-05 07:01:12.100,athlete_01,session_001,0.550998762470668,0.38151183459080823,1.6885589745108533,132.41527632741727,117.09458769999657,191.1544551291647,104.98902337619823,98.49540479974048,27.081481478494428,54.44628216138901,3,35,butterfly
2026-01-05 07:01:12.150,athlete_01,session_001,0.5692558109675746,0.37030484734115465,1.4921118627197012,163.66142740955252,107.35750977612119,146.8546812489083,104.91514268904841,98.21040545310143,27.00102704984423,54.511619531819804,3,35,butterfly
2026-01-05 07:01:12.200,athlete_01,session_001,0.6465582335093978,0.28876293616410215,1.3913180652916883,156.98291903105525,103.52671219768,97.32389326586087,104.98305605508722,98.09392911283899,26.91587537802229,54.57737095838481,3,35,butterfly
2026-01-05 07:01:12.250,athlete_01,session_001,0.6658281396657527,0.332711113396651,1.1593045103759556,149.29150070459139,89.29022125751223,47.11485250461064,105.23802883946,98.14494491214857,26.9170715969279,54.64320480716252,3,35,butterfly
2026-01-05 07:01:12.300,athlete_01,session_001,0.5605016858985862,0.26122051052617873,0.923388570734973,138.0661194045205,55.297452207667774,-23.387018803457064,105.24460070684906,98.63065200125553,27.029240405544755,54.70878112170068,3,35,butterfly
2026-01-05 07:01:12.350,athlete_01,session_001,0.5358263760155084,0.21020242551384188,0.6492102030072953,108.96293734567702,40.82557862092642,-74.93822440653621,105.24165141623476,98.73071259738873,26.995764757339764,54.773782707204575,3,35,butterfly
2026-01-05 07:01:12.400,athlete_01,session_001,0.3025470427794678,0.0384254518934528,0.6245896281847555,73.37539112329502,6.682563290583789,-103.16864924258896,105.09232325628568,98.4000598976382,27.04282553071075,54.83794412391763,3,35,butterfly
2026-01-05 07:01:12.450,athlete_01,session_001,0.11639212918147296,-0.08117127020630159,0.5125935197060517,37.90747840804331,-28.279919614533007,-145.65673429272704,104.92300000636968,98.16655291402493,27.119108615745432,54.90107593953749,3,35,butterfly
2026-01-05 07:01:12.500,athlete_01,session_001,0.04713520572942029,-0.22164460008950732,0.3187805044216979,1.4794790006882712,-60.41617058102049,-152.49591698172523,104.91302847540949,98.25680975059404,26.931868302323444,54.96308202480022,3,35,butterfly
2026-01-05 07:01:12.550,athlete_01,session_001,-0.19455921434703063,-0.3183411241874202,0.35327230911261637,-24.376673732042466,-96.9377412318926,-161.71334168329224,105.03053634712563,98.43484839175349,26.971155802143713,55.023968313111595,3,35,butterfly
2026-01-05 07:01:12.600,athlete_01,session_001,-0.28056262464105525,-0.3755431177586667,0.2583445105730135,-73.53375929711402,-115.86795049115165,-168.90316846440084,104.9849193522829,98.512337220117,27.030615074645343,55.0838422260273,3,35,butterfly
2026-01-05 07:01:12.650,athlete_01,session_001,-0.4595949048459284,-0.49565717970229856,0.5030888876719616,-108.32249504793008,-137.3695162183865,-146.65170458704776,104.93952193071276,98.50068875340237,26.976573276338417,55.142902820039694,3,35,butterfly
2026-01-05 07:01:12.700,athlete_01,session_001,-0.6393617779195282,-0.3924452089454807,0.5712113634281394,-147.58991339459186,-151.40333534417306,-124.66607587240708,105.00314962999859,98.40117981744451,26.948329778789827,55.20142255844567,3,35,butterfly
2026-01-05 07:01:12.750,athlete_01,session_001,-0.6823017031863639,-0.498663477884531,0.6458495897355049,-171.39624308819825,-126.91738640284727,-89.7731926571381,105.22603128600751,98.42196309813615,26.916697154254443,55.25972237749092,3,35,butterfly
2026-01-05 07:01:12.800,athlete_01,session_001,-0.750219641078475,-0.25111241426900116,0.7865325941192121,-189.74092238576102,-93.56868239350074,-52.4163716665659,105.22927592856138,98.4950880014818,26.92686915393025,55.31814232855399,3,35,butterfly
2026-01-05 07:01:12.850,athlete_01,session_001,-0.5696016629735756,-0.18945894847971476,1.137793117299199,-172.47373807456103,-62.872654012998524,11.623730309646625,105.16717525797719,98.4684629235578,27.000850286078567,55.377010481891816,3,35,butterfly
2026-01-05 07:01:12.900,athlete_01,session_001,-0.5500655243357254,0.030688211101229965,1.3203005000593486,-138.02838020747083,-8.941946541381041,75.03257511436124,105.27815631889389,98.12905586131069,26.910043320311324,55.43661293556711,3,35,butterfly
2026-01-05 07:01:12.950,athlete_01,session_001,-0.27422202553228553,0.12596907923452688,1.5722073342774554,-68.15316650093794,52.59842043566375,133.77046328079996,105.29915063220335,98.43095224361157,26.812026566293664,55.497167671239815,3,35,butterfly
2026-01-05 07:01:13.000,athlete_01,session_001,-0.06045162031234102,0.24404885700705986,1.6589746127226297,-7.229850182405988,74.90471971754505,174.24661512807853,105.48019406670693,98.56992514729387,27.230088394258537,55.558804645931154,3,35,butterfly
2026-01-05 07:01:13.050,athlete_01,session_001,0.18792364969894662,0.3656885067923276,1.7184487634448748,59.850496016195954,99.2642081016681,190.30849816097768,105.64563463670147,98.58923711844969,26.96658093657801,55.62155393797413,3,36,butterfly
2026-01-05 07:01:13.100,athlete_01,session_001,0.3460422661308742,0.38230336274117976,1.725754624695909,114.9574600463252,113.70844327416759,198.5021430473764,105.69502946997602,98.6048566515033,26.99367934273469,55.68534302841259,3,36,butterfly
2026-01-05 07:01:13.150,athlete_01,session_001,0.5502320114683008,0.4381527424237274,1.636647861473743,149.4383971846377,119.95623446051144,173.37722844577485,105.92974160362871,98.43190408941172,27.09089976337392,55.75000346353343,3,36,butterfly
2026-01-05 07:01:13.200,athlete_01,session_001,0.6231832407826126,0.4365319384647321,1.4460176720011684,173.7148379581823,113.4502495893752,131.3683393746541,106.21682568441469,98.6595974499031,26.949823617097817,55.81528628643858,3,36,butterfly
2026-01-05 07:01:13.250,athlete_01,session_001,0.6828733799374304,0.3785297093090603,1.2598971314603908,167.72845070451845,88.5854696525607,82.38054463888008,106.36011399043495,98.22736217682855,26.939238171053486,55.88088482401845,3,36,butterfly
2026-01-05 07:01:13.300,athlete_01,session_001,0.6530794559090094,0.22817781813076476,1.0937365566652595,146.00871383181018,80.82318261866699,21.398563155529317,106.28212500641561,98.21666998464306,27.060403819362605,55.94646274364175,3,36,butterfly
2026-01-05 07:01:13.350,athlete_01,session_001,0.519705058398951,0.17919504585196985,0.9167684697113511,129.12069412695402,49.835350116719134,-41.58018652986441,106.25434237911902,98.55960433009643,26.949388012808885,56.01168481273187,3,36,butterfly
2026-01-05 07:01:13.400,athlete_01,session_001,0.33339909058235556,0.031370001723329086,0.7212817767997082,84.52796952246995,31.485104611938,-92.37261475073385,106.4157636144785,98.49304209083768,27.088197432074402,56.076247548087785,3,36,butterfly
2026-01-05 07:01:13.450,athlete_01,session_001,0.2136136904678621,0.029172898149395395,0.583178276546743,63.68910005885172,5.477181847691481,-134.45977728921974,106.70786832272653,98.44237480639303,27.081080384510308,56.13990695277283,3,36,butterfly
2026-01-05 07:01:13.500,athlete_01,session_001,0.06900128094444298,-0.15971187557845837,0.3713569885620238,32.64100655771349,-38.514826680417755,-143.70521215206068,106.79944526598439,98.47976290590066,26.953988707163727,56.20250080555539,3,36,butterfly
2026-01-05 07:01:13.550,athlete_01,session_001,-0.011822298156115518,-0.20394609818478723,0.3354992375115402,-0.4880148648479641,-80.18135695534593,-157.7606602391449,106.89443158176633,98.42421305677973,26.954896773836598,56.26396346673372,3,36,butterfly
2026-01-05 07:01:13.600,athlete_01,session_001,-0.17411652752051568,-0.377242734159332,0.3670473081351837,-40.30984871097531,-109.1494405204342,-162.17674029198483,107.12508853378738,98.55943253365109,26.862132531725937,56.32433184903201,3,36,butterfly
2026-01-05 07:01:13.650,athlete_01,session_001,-0.3909994950945865,-0.46961848907617687,0.3666195089935396,-72.51378338191516,-126.42819041110639,-147.72205226953815,107.37382727095203,98.24236790029852,26.896939093932865,56.38374201044179,3,36,butterfly
2026-01-05 07:01:13.700,athlete_01,session_001,-0.5046604502462914,-0.5126278980005845,0.42860061740710814,-125.9734496568656,-147.5549307058725,-131.52185811971654,107.57486042647088,98.34745446169453,27.076500291332305,56.44241668347258,3,36,butterfly
2026-01-05 07:01:13.750,athlete_01,session_001,-0.6533923126295982,-0.5059254379906104,0.6439992766570608,-155.69534090331473,-131.7748787807659,-105.19806799507121,107.7681033211315,98.21410357741765,26.927574340443012,56.500644883844586,3,36,butterfly
2026-01-05 07:01:13.800,athlete_01,session_001,-0.6949458169618239,-0.2560887056563199,0.7288468572438034,-179.87958865691022,-115.59478552549636,-69.89547053439598,107.9099627547631,98.62731102175154,27.05132955940522,56.55875546545823,3,36,butterfly
2026-01-05 07:01:13.850,athlete_01,session_001,-0.696400317330848,-0.23276818832610546,0.9882585999800579,-177.3598314532477,-75.06035166118458,-33.93045292840915,107.89107242068425,98.400610683813,27.057155559773054,56.6170870413684,3,36,butterfly
2026-01-05 07:01:13.900,athlete_01,session_001,-0.5706088756989656,-0.13929044313835182,1.1706263732411168,-161.4114753728918,-30.790193868237246,32.19494725897626,108.0088993977526,98.49226999492831,26.95250006840561,56.675957021978085,3,36,butterfly
2026-01-05 07:01:13.950,athlete_01,session_001,-0.43403818094494573,0.05448000108085638,1.372940547420808,-118.43226566268184,7.450076590410958,103.71682821876078,108.2567275976552,98.44961669381476,27.07811105930763,56.73563260151037,3,36,butterfly
2026-01-05 07:01:14.000,athlete_01,session_001,-0.20906748189905516,0.21298376058444882,1.6352544687711115,-54.09329819599226,57.929803288615325,147.0092845639985,108.59570939858033,98.46082285062322,26.99024994485319,56.796306344797266,3,36,butterfly
2026-01-05 07:01:14.050,athlete_01,session_001,-0.036593577425452176,0.28861378575386354,1.7268558521954847,4.704978898094346,87.48101775127918,183.7485402865746,108.61543083141434,98.40731298189013,27.10329976203682,56.85807860498952,3,36,butterfly
2026-01-05 07:01:14.100,athlete_01,session_001,0.22597592153918306,0.3819276858712996,1.7474957469231305,77.87130891418508,116.72972265253503,193.02966337603794,108.64725382660134,98.38166655985331,26.944105036809297,56.92094837754924,3,37,butterfly
2026-01-05 07:01:14.150,athlete_01,session_001,0.4472908465160636,0.38415412618055933,1.70399062112837,129.9272854555095,121.39007152580062,204.51412891764755,108.88974901545174,98.36542710526783,26.97342234408402,56.9848134240667,3,37,butterfly
2026-01-05 07:01:14.200,athlete_01,session_001,0.5193103591583892,0.3382776937080622,1.6985160881436676,158.09089551294412,111.37067232028517,166.07659790412293,109.05928533820418,98.46678278317826,26.972741393327947,57.04947965165715,3,37,butterfly
2026-01-05 07:01:14.250,athlete_01,session_001,0.6605033028025733,0.35484652106112635,1.3715527342236338,156.08800042511632,104.70593325653633,119.46089342157396,109.12498558071223,98.75629355240545,26.989826835022157,57.114678887476266,3,37,butterfly
2026-01-05 07:01:14.300,athlete_01,session_001,0.7617517460867923,0.3208534179818295,1.2610143615879847,156.03727409777022,95.92701367382709,54.94876923879932,109.48024725711946,98.57017891139478,26.940773248565314,57.180093420614774,3,37,butterfly
2026-01-05 07:01:14.350,athlete_01,session_001,0.5839764116006905,0.24992810414402203,1.0376802409277346,134.07073486122155,54.43176099364393,-0.21011803936438211,109.54058863577144,98.30854608059626,27.033999734760805,57.24538506541688,3,37,butterfly
2026-01-05 07:01:14.400,athlete_01,session_001,0.4982878499897154,0.08641674095723814,0.8141198596866438,107.36934328010989,53.51508839422741,-57.513536022877425,109.74497394713003,98.27159715210178,27.05438098751373,57.3102260875906,3,37,butterfly
2026-01-05 07:01:14.450,athlete_01,session_001,0.406304362205179,0.05497208128694528,0.7592284010423469,86.8223338800445,29.509536373496083,-102.92159568474509,109.97045440550436,98.31420129278045,27.069105974935997,57.374329165005705,3,37,butterfly
2026-01-05 07:01:14.500,athlete_01,session_001,0.26603377514157844,0.037076527502816266,0.5453512498851253,48.95563517748141,-8.567461923879026,-134.557849241869,110.26891549211604,98.55979456532056,27.044857338925514,57.43747364422478,3,37,butterfly
2026-01-05 07:01:14.550,athlete_01,session_001,0.14180268784760014,-0.20343634819727352,0.4362382558552181,11.042083129305801,-32.25780887490267,-152.5942207665554,110.36910733476074,98.41617583224469,26.979059055217153,57.49952569335186,3,37,butterfly
2026-01-05 07:01:14.600,athlete_01,session_001,-0.051199114164814444,-0.2857044184299753,0.38367264097090614,-5.714080055202417,-76.56167675023644,-150.58976126430807,110.52567959474516,98.11075010063551,26.91857893912885,57.56045051058971,3,37,butterfly
2026-01-05 07:01:14.650,athlete_01,session_001,-0.2439689676846763,-0.20582861217645587,0.39346023007741265,-51.958898565235685,-113.28891134678975,-160.95523926774814,110.70753085066819,98.54319547350899,27.0498642360043,57.62031547480988,3,37,butterfly
2026-01-05 07:01:14.700,athlete_01,session_001,-0.39968193144997155,-0.3775062877423034,0.4011362693979044,-93.15328868028988,-123.93242761120895,-136.3737196327498,110.7287821561078,98.11065809581417,26.968828062620855,57.67928395294688,3,37,butterfly
2026-01-05 07:01:14.750,athlete_01,session_001,-0.5564508246451471,-0.4705583401576447,0.46155656685899377,-135.78984538867599,-133.5967830303524,-129.98552717255183,110.87909057617024,98.73924373282891,26.92386999592466,57.73760033334723,3,37,butterfly
2026-01-05 07:01:14.800,athlete_01,session_001,-0.6744983186892833,-0.4214412672091247,0.6500708175130743,-184.46724629623728,-131.3302317087947,-96.87745794772233,111.02507022284694,98.32586010548452,26.959487913016364,57.795567656218815,3,37,butterfly
2026-01-05 07:01:14.850,athlete_01,session_001,-0.614644928495169,-0.318421137559023,0.835093065730665,-183.9305259716621,-105.5396225357278,-50.71763834053672,111.30743106160779,98.25478616624494,27.016878399109466,57.85351988872647,3,37,butterfly
2026-01-05 07:01:14.900,athlete_01,session_001,-0.6523681875492142,-0.29448995503227243,0.9705639612537703,-181.2235875411975,-72.84827386651412,-4.86990072911895,111.54227659939836,98.11437489639877,27.077925022289154,57.911791381262134,3,37,butterfly
2026-01-05 07:01:14.950,athlete_01,session_001,-0.5392565980371665,-0.1473609998128,1.1950764876134035,-146.59938070753373,-25.844658177310823,57.190465561946475,111.67444070896258,98.62273035513708,27.03462333811206,57.97068629833616,3,37,butterfly
2026-01-05 07:01:15.000,athlete_01,session_001,-0.3913124107667117,0.14015909592811931,1.4339732954941036,-99.28414772030384,20.122956036918833,102.85138007712044,111.79604184696697,98.78626466235411,27.01372720258201,58.030450818973186,3,37,butterfly
2026-01-05 07:01:15.050,athlete_01,session_001,-0.08174026595718911,0.1758999532740443,1.5698490500394475,-38.95847331305749,75.51772431787813,161.27299988442223,111.93424266422097,98.36981659279121,26.93872601375731,58.09125064740147,3,37,butterfly
2026-01-05 07:01:15.100,athlete_01,session_001,0.12355831240262816,0.2702142931463,1.7522002742019132,28.973132492748384,95.24154447819008,192.71032054603353,111.95815335659697,98.40246802503053,27.052806064247683,58.15315588851053,3,37,butterfly
2026-01-05 07:01:15.150,athlete_01,session_001,0.2677876421898525,0.33082245891877626,1.6526151810377054,92.12656032505366,121.81278175596577,196.79849081275427,112.05718902732572,98.46674787212143,26.95482096591911,58.21613466855487,3,38,butterfly
2026-01-05 07:01:15.200,athlete_01,session_001,0.5756620389792965,0.34693873868036446,1.6140399480052185,128.43546882766185,120.75669372294409,206.0412090804084,112.3207223441704,98.20179655461878,27.066532362623654,58.28005608158318,3,38,butterfly
2026-01-05 07:01:15.250,athlete_01,session_001,0.5636461175333839,0.43444767396665096,1.6340847190145933,159.6737397187401,123.73311019084372,150.0021146015151,112.51696191539548,98.45698946396261,27.00870531008358,58.34470218925503,3,38,butterfly
2026-01-05 07:01:15.300,athlete_01,session_001,0.5727270875995427,0.3848372642341029,1.3912842010330506,162.28776017975264,110.17500255556857,108.41358839235667,112.72442505819468,98.75465229162522,26.982239976315782,58.40978797405886,3,38,butterfly
2026-01-05 07:01:15.350,athlete_01,session_001,0.6256584105750764,0.24586962428366427,1.1384139138940468,152.24736867253188,83.02416691511348,47.47689074076708,112.77523006979524,98.42972187739328,26.997947511647805,58.47498741912883,3,38,butterfly
2026-01-05 07:01:15.400,athlete_01,session_001,0.5495367316012818,0.18805709375844615,0.9217851244719082,137.2283092255141,59.052325739446445,-13.914604243296807,112.9706006580943,98.50269866354938,26.84670142359055,58.53996332829287,3,38,butterfly
2026-01-05 07:01:15.450,athlete_01,session_001,0.4570962166661786,0.08360044425636975,0.8058515298342277,112.1862516206678,41.46101418424504,-73.17265009145073,113.10862746741724,98.24946798910095,27.191055972967767,58.604398158777684,3,38,butterfly
2026-01-05 07:01:15.500,athlete_01,session_001,0.30896387703377287,0.0022978889575606606,0.6442420781776926,73.79016549028616,15.61978426717337,-112.36848121259955,113.21739760633226,98.07077726064288,27.024074499793972,58.66802304727515,3,38,butterfly
2026-01-05 07:01:15.550,athlete_01,session_001,0.20226120123894448,-0.08233844904664119,0.5901438861846765,51.96603757385887,-20.38171149986434,-136.62317141906473,113.37496349789403,98.15788972831649,27.054526290396606,58.73064237614517,3,38,butterfly
2026-01-05 07:01:15.600,athlete_01,session_001,0.06252378869760046,-0.18304594204982058,0.4050259861770193,5.401249253685641,-46.60493631709704,-159.80763298652414,113.49162094921347,98.5139022210596,26.902501856123344,58.792151635127404,3,38,butterfly
2026-01-05 07:01:15.650,athlete_01,session_001,-0.04985313679725602,-0.21537856797283172,0.3476071193968856,-26.696592658079393,-86.85018067309862,-162.4111060757193,113.54971894565455,98.77272356337554,27.046632836881365,58.85254694762496,3,38,butterfly
2026-01-05 07:01:15.700,athlete_01,session_001,-0.20020669083086917,-0.285681167867217,0.3566103980455298,-61.96309286531561,-122.86997333781129,-159.92098297299515,113.87520356458218,98.46560541069282,27.00609169338776,58.9119253932322,3,38,butterfly
2026-01-05 07:01:15.750,athlete_01,session_001,-0.52468461262982,-0.48522779248927406,0.42230396891155153,-103.4960626463278,-138.70516971107133,-150.00374459358136,113.95544970196588,98.2132466172541,27.007810734835132,58.970476099936214,3,38,butterfly
2026-01-05 07:01:15.800,athlete_01,session_001,-0.6365078920191508,-0.4394904412104631,0.4653621876035344,-138.3571598558346,-151.06691480606173,-119.74325438750671,114.11228941656863,98.29634599200078,27.177909223587726,59.02846292334126,3,38,butterfly
2026-01-05 07:01:15.850,athlete_01,session_001,-0.5978141635741311,-0.44036220424451594,0.7496746728273542,-168.23342834079463,-125.14068166973007,-93.62222211304591,114.00096122651303,98.45856479000784,27.18385586026394,59.08620029918893,3,38,butterfly
2026-01-05 07:01:15.900,athlete_01,session_001,-0.7243729529186066,-0.3397824876785033,0.8712914800580837,-176.50913266317724,-113.59046994655836,-38.94550670974266,114.2860079515786,98.44146843564677,27.043677582522047,59.14402447909628,3,38,butterfly
2026-01-05 07:01:15.950,athlete_01,session_001,-0.5743498183196558,-0.16244199940203438,0.9721497420770255,-177.44579802617338,-52.40018489654547,15.647907958552043,114.35356566817734,98.34246184638445,26.996036280479274,59.202262780836925,3,38,butterfly
2026-01-05 07:01:16.000,athlete_01,session_001,-0.5000848568437536,0.025963610272745123,1.3622639705943613,-127.08009882489823,-6.002291195058868,55.07879089798409,114.2936474305868,98.46765255203955,26.929991844540016,59.261203665182045,3,38,butterfly
2026-01-05 07:01:16.050,athlete_01,session_001,-0.3087853325823299,0.15039641647890914,1.4646463434415875,-76.8036388106362,38.04839287989926,137.64395532418487,114.28844032107132,98.4687429942428,27.103344757382654,59.32107037485493,3,38,butterfly
2026-01-05 07:01:16.100,athlete_01,session_001,-0.07802573243780805,0.21470662956043296,1.5891673080103303,-24.135301901282794,70.70404959262437,171.54537151604353,114.34935588271689,98.19554175339613,27.009808209423227,59.38200054460779,3,38,butterfly
2026-01-05 07:01:16.150,athlete_01,session_001,0.18643391011282578,0.26724807337915274,1.6965053622482957,45.38477991359122,95.64832054050828,203.9165451078807,114.4491252448183,98.5058722426385,26.94948022477257,59.44403364473616,3,39,butterfly
2026-01-05 07:01:16.200,athlete_01,session_001,0.39939560437489274,0.3206656922493275,1.685064274597918,101.50479461234602,129.39835282670506,203.15472722256075,114.5117744551477,98.3192655267961,27.08481818017879,59.507107403559154,3,39,butterfly
2026-01-05 07:01:16.250,athlete_01,session_001,0.514821355741482,0.4225727343650003,1.6788585965864282,144.2299465657982,108.99445054292791,176.45079987772996,114.54696598214856,98.40505893024276,26.92161244067917,59.57106353310035,3,39,butterfly
2026-01-05 07:01:16.300,athlete_01,session_001,0.6605649054627732,0.3601477479273793,1.491740818771987,157.29645791058098,104.48301041359423,133.06814515319732,114.60896718547367,98.34227804790311,27.025192439280126,59.635662231527,3,39,butterfly
2026-01-05 07:01:16.350,athlete_01,session_001,0.6020107298153969,0.2650745102976188,1.2868807400361513,159.98393507748958,96.6807463559883,77.31142122841842,114.86033241366614,98.51521346452628,27.016711101228765,59.700604133630634,3,39,butterfly
2026-01-05 07:01:16.400,athlete_01,session_001,0.5565129039902984,0.30484488576968993,1.2679655035256059,150.20948667599953,81.41864893667373,18.970259478631277,114.95102151356556,98.17077497179362,27.041496275777583,59.76555770009368,3,39,butterfly
2026-01-05 07:01:16.450,athlete_01,session_001,0.5063610560181675,0.1788887238796135,0.9104524071343303,118.24523267278693,63.23874579041385,-23.526375637328417,114.91301714496056,98.27568109105904,27.129927410562104,59.83018953966742,3,39,butterfly
2026-01-05 07:01:16.500,athlete_01,session_001,0.42582181107265893,0.03577761370293396,0.7493649035957313,90.59534013223896,39.82411685606289,-83.33319245822435,114.84191625525943,98.25283755431764,27.00398313195807,59.89419489103223,3,39,butterfly
2026-01-05 07:01:16.550,athlete_01,session_001,0.37460736772586767,0.07635657596980261,0.5353589487151139,53.53435141916533,8.537514140018388,-113.93197359063517,114.97693775384009,98.36670980273954,27.08717357973411,59.95732547739302,3,39,butterfly
2026-01-05 07:01:16.600,athlete_01,session_001,0.20370428042479002,-0.1124467632349762,0.4818073700973731,43.75382682537466,-22.426115715536376,-148.56199123391983,114.99122320871446,98.17635894787684,26.93057481636158,60.01941218795435,3,39,butterfly
2026-01-05 07:01:16.650,athlete_01,session_001,-0.028024768584063595,-0.18407838864795728,0.44251340422057084,-0.5117064069673831,-66.27807875517989,-157.3084342996372,115.04834456703625,98.62724365180169,26.94629206534816,60.08038051419718,3,39,butterfly
2026-01-05 07:01:16.700,athlete_01,session_001,-0.19079056850582418,-0.2881631890208837,0.31952321355083835,-34.19040377989467,-86.59444800985986,-151.0095606238915,115.09212922417088,98.54170091768934,26.808390948826624,60.140257331952924,3,39,butterfly
2026-01-05 07:01:16.750,athlete_01,session_001,-0.35277270691588863,-0.3127113968918384,0.40507212660124586,-78.01893192365729,-120.21913153864246,-140.01850703429298,115.15239137135045,98.51460907408807,27.050197325771034,60.19916841195525,3,39,butterfly
2026-01-05 07:01:16.800,athlete_01,session_001,-0.5386470957938378,-0.4343950619206077,0.4364374615512119,-117.1143510608405,-137.14625524005527,-126.28245297028185,115.25031929967157,98.42339646407623,26.935082821979044,60.257326889423894,3,39,butterfly
2026-01-05 07:01:16.850,athlete_01,session_001,-0.6736196511524494,-0.42801311431725086,0.4614331111330238,-151.56507147316668,-138.73911673474575,-113.96669482647434,115.42217858248729,98.83115709170276,27.08096759623152,60.315013749759636,3,39,butterfly
2026-01-05 07:01:16.900,athlete_01,session_001,-0.6882002215774216,-0.4626573552953789,0.7555296990627249,-182.15616144578763,-122.08855966109135,-71.80451033036317,115.58192181874803,98.501144394936,27.042554855695506,60.37255211704479,3,39,butterfly
2026-01-05 07:01:16.950,athlete_01,session_001,-0.6553185339032239,-0.368271051235131,0.8640671637801003,-174.10880107025753,-87.19073094473322,-38.59940964722611,115.67867044198097,98.25224454486668,27.17364232205969,60.43027769807244,3,39,butterfly
2026-01-05 07:01:17.000,athlete_01,session_001,-0.544221112555654,-0.12710462849224385,1.0934267675161897,-163.2095901441556,-39.40026934406053,32.648879872299815,115.71183858188127,98.30974593245888,26.989754114821103,60.488508085371635,3,39,butterfly
2026-01-05 07:01:17.050,athlete_01,session_001,-0.4902521743732774,0.030873988031797105,1.4598529974562158,-113.96594774130598,10.1670428458692,83.02496873828328,115.85158837176941,98.07454193933683,27.071713497299886,60.54751372615487,3,39,butterfly
2026-01-05 07:01:17.100,athlete_01,session_001,-0.28011099557761476,0.14487521812432472,1.6098923557564428,-63.361756282139446,63.280405038854795,139.1129232316971,115.90336080023015,98.33874235735541,27.04031091077509,60.607493210908665,3,39,butterfly
2026-01-05 07:01:17.150,athlete_01,session_001,-0.03975814251230978,0.2681220716274421,1.675767237447995,12.728810011645649,85.88761238806495,163.21227101126232,115.97198877802194,98.5470177793776,26.98835741518006,60.66855513956665,3,39,butterfly
2026-01-05 07:01:17.200,athlete_01,session_001,0.2588797408417041,0.36075335003293935,1.724949327474668,72.59598028363983,111.1056814796159,196.59250345940447,115.92666959782309,98.64096756882752,27.10893409437743,60.730708221109815,3,40,butterfly
2026-01-05 07:01:17.250,athlete_01,session_001,0.4706843484219836,0.32863066951225817,1.672488924580167,123.18546744195568,117.83682145097927,191.56655202917332,115.95879319894841,98.13519897714419,27.01266610860261,60.793860509145205,3,40,butterfly
2026-01-05 07:01:17.300,athlete_01,session_001,0.4949968886037052,0.4053523755323216,1.540898524539347,150.06089478570593,123.43877705236679,164.17741159431154,115.96911194509964,98.65318901182378,26.951084248242854,60.857827840442035,3,40,butterfly
2026-01-05 07:01:17.350,athlete_01,session_001,0.6917585569370767,0.4202444966659585,1.4238334575229912,170.12784718737834,110.91683020315988,127.87949441400114,116.29820223000713,98.24889398943886,27.008788599016164,60.92235070197467,3,40,butterfly
2026-01-05 07:01:17.400,athlete_01,session_001,0.6594653245803515,0.3091835693341275,1.315503050818248,162.93567140480187,87.73900753470967,75.23325350027417,116.24892536705424,98.34572723654983,26.85264937557005,60.98711798166652,3,40,butterfly
2026-01-05 07:01:17.450,athlete_01,session_001,0.5617498992358838,0.32046656059160306,1.039010359576456,146.02798450554235,65.51588546414222,1.4749806767724198,116.19855842099676,98.31975968724278,27.04166045415772,61.05179542915826,3,40,butterfly
2026-01-05 07:01:17.500,athlete_01,session_001,0.5380299511233768,0.18071606193559175,0.8021416346580168,109.10062311722847,53.13165018691566,-49.61297814742068,115.98897790599189,98.48349408987907,27.157332184833606,61.116056222988135,3,40,butterfly
2026-01-05 07:01:17.550,athlete_01,session_001,0.3750844637676545,0.09675554051126875,0.7458732847661789,89.18879388449162,27.010495943386868,-92.63898461729595,116.04285188642541,98.8032856383338,26.974295931095618,61.179610848817184,3,40,butterfly
2026-01-05 07:01:17.600,athlete_01,session_001,0.3192489761392808,-0.026800224455928983,0.4599190231457561,59.01133914522241,-4.205830762805635,-124.94648538852861,116.02896624889718,98.65227447247756,27.0247286067439,61.24223355721312,3,40,butterfly
2026-01-05 07:01:17.650,athlete_01,session_001,0.1277056713027421,-0.24646231649006006,0.4684287256511858,34.680701420155444,-43.9114380036432,-144.24462787056214,116.11124362149464,98.72545270014712,27.11929618567761,61.3037829831022,3,40,butterfly
2026-01-05 07:01:17.700,athlete_01,session_001,-0.07007873491360041,-0.23206298323307473,0.3297452566573619,-8.073545514270126,-67.13810437139475,-163.7150595805218,116.13335927571157,98.39683118859048,26.973711582847613,61.364215043556406,3,40,butterfly
2026-01-05 07:01:17.750,athlete_01,session_001,-0.19387934257190975,-0.38385559198082053,0.40865575577424085,-53.00799799624041,-102.22573483824671,-156.846850757599,116.23862173629963,98.58290104586712,27.007223880241924,61.42358693716098,3,40,butterfly
2026-01-05 07:01:17.800,athlete_01,session_001,-0.3564434875220846,-0.3767907904461851,0.3535418678379877,-89.64783835171501,-131.82036716354366,-141.13403892835012,116.06575561417229,98.34315547017579,27.051403077235666,61.48205188214743,3,40,butterfly
2026-01-05 07:01:17.850,athlete_01,session_001,-0.5376580253530439,-0.4248208822499382,0.48623072102562254,-129.3115431596372,-147.82145610995389,-137.2222167620242,116.11730237077705,98.09493285451757,26.968741395825493,61.53984507732947,3,40,butterfly
2026-01-05 07:01:17.900,athlete_01,session_001,-0.6871046696074444,-0.4167276807292311,0.6097664059414876,-165.07209605183843,-121.77540542445777,-94.13053080905,116.24407792946164,98.43644350895327,26.84943669415008,61.59726217220634,3,40,butterfly
2026-01-05 07:01:17.950,athlete_01,session_001,-0.6847596797775795,-0.35482215887999846,0.7359887886368404,-183.9022317909567,-104.60653185481723,-63.145519723166394,116.22699950042187,98.43556260997944,27.0371876315307,61.65463221705976,3,40,butterfly
2026-01-05 07:01:18.000,athlete_01,session_001,-0.6490789860317696,-0.2328971333114963,0.9131770988630523,-174.19354834904615,-68.4667959746957,-15.265031295876392,116.3002062704557,97.83763261334208,26.923356866853123,61.71228756792417,3,40,butterfly
2026-01-05 07:01:18.050,athlete_01,session_001,-0.6047716935138482,-0.018159373070368273,1.2846432549409206,-148.4716221714216,-27.486006952903335,40.68060787173335,116.35541061471058,98.42547880466019,27.120299700338176,61.77053349893018,3,40,butterfly
2026-01-05 07:01:18.100,athlete_01,session_001,-0.3283333395111359,0.06689992950706732,1.2844767478404393,-102.98879543557514,17.618739367519048,102.88807008740629,116.44964599222041,98.46775739401288,26.881980087837157,61.829620300395945,3,40,butterfly
2026-01-05 07:01:18.150,athlete_01,session_001,-0.22830359782082166,0.2017417968308605,1.5489800787095613,-41.109806540911684,59.92149092866192,149.54508367527995,116.43341747650028,97.99026407701957,26.873689133017326,61.88972041288701,3,40,butterfly
2026-01-05 07:01:18.200,athlete_01,session_001,0.06786364313010221,0.303796161955483,1.6551991127234988,19.941098023513792,104.6776238217847,178.4969488828791,116.47184579389986,98.36005896737488,26.96590955283577,61.95091268622174,3,40,butterfly
2026-01-05 07:01:18.250,athlete_01,session_001,0.3060015038037349,0.3566862837067012,1.7447708906249797,91.1768427773145,105.94775700931636,195.11483487219235,116.29833726488626,98.31020306069821,26.919820986643924,62.01317520031268,3,41,butterfly
2026-01-05 07:01:18.300,athlete_01,session_001,0.4668721138282492,0.33726218571679845,1.7232882254040536,122.90210188934907,111.52560635362657,192.01465211922175,116.2494649860441,98.5719200276995,26.934252163206306,62.07638730148319,3,41,butterfly
2026-01-05 07:01:18.350,athlete_01,session_001,0.6217900226557449,0.3377688035765595,1.549360217731211,152.00836257800302,112.42785418222364,159.50422435311157,116.39256520111171,97.98402621650816,26.934221076773365,62.140340665137565,3,41,butterfly
2026-01-05 07:01:18.400,athlete_01,session_001,0.6537576539085261,0.4404310261713841,1.3547803980520092,169.99319595894895,111.5617185704089,95.69535465448249,116.3468231426767,98.51845654342519,26.836238011459894,62.20475837046179,3,41,butterfly
2026-01-05 07:01:18.450,athlete_01,session_001,0.6219366136890793,0.2580758725810592,1.1015765264424255,151.25286921389483,75.29573665102986,45.11511692479736,116.61596452566742,98.38655370360998,26.885812183021358,62.269320240632396,3,41,butterfly
2026-01-05 07:01:18.500,athlete_01,session_001,0.48544802509328755,0.18360022599225517,0.9417793831202136,132.31191526942646,70.3639527088695,-7.590228466191162,116.69521137180244,98.56261685606033,27.110758059867486,62.333692129726714,3,41,butterfly
2026-01-05 07:01:18.550,athlete_01,session_001,0.4170995745218607,0.16390561624515348,0.8409772831650534,107.43886191644897,35.54891527195994,-64.9604155214207,116.71217552171593,98.50664241989098,27.06862367406537,62.39755647743034,3,41,butterfly
2026-01-05 07:01:18.600,athlete_01,session_001,0.3558755486613182,0.003383879761613799,0.6397643545098052,69.55770016097614,17.764362514023098,-109.4388053545124,116.88308322054465,98.15179388973418,27.050805884846824,62.46064133758238,3,41,butterfly
2026-01-05 07:01:18.650,athlete_01,session_001,0.2735004547610702,-0.0531535236195031,0.5580783577195461,46.341275429913644,-11.506922959240931,-116.75135323290809,116.88509141709255,98.00689204475142,26.93362509930893,62.522745227026775,3,41,butterfly
2026-01-05 07:01:18.700,athlete_01,session_001,-0.05607083788118586,-0.14621464722730895,0.4060455074552453,24.42952471636092,-47.702276179633614,-158.86465555242333,116.91300860148407,97.94069407221188,26.92789695043216,62.583755524228295,3,41,butterfly
2026-01-05 07:01:18.750,athlete_01,session_001,-0.12092684802011418,-0.23582536430884352,0.41078260672801337,-24.11572418799326,-86.04388227752145,-162.63180718636815,117.02971512214552,98.46393544293818,27.096727647031702,62.64365873756998,3,41,butterfly
2026-01-05 07:01:18.800,athlete_01,session_001,-0.26543829382796974,-0.35480292221657295,0.46237045677605143,-60.814226683115976,-118.85297926927058,-138.19174158942616,117.02778788868922,97.98877032523556,26.975503338021923,62.70254170712563,3,41,butterfly
2026-01-05 07:01:18.850,athlete_01,session_001,-0.42345614764856343,-0.350995959693801,0.3782918364846201,-103.49429919136635,-141.5701572866405,-144.5748324896627,117.0041690289884,98.50998575265982,27.067415575365736,62.76058363293424,3,41,butterfly
2026-01-05 07:01:18.900,athlete_01,session_001,-0.566167208907534,-0.4498493970599529,0.6255534693177242,-134.96358307883352,-137.91117584888752,-123.90521938820763,117.1024266018453,98.60585061929478,26.891242245834757,62.818039661552234,3,41,butterfly
2026-01-05 07:01:18.950,athlete_01,session_001,-0.6251136268527283,-0.3745589996641221,0.7076355824897779,-164.44401396427398,-124.87119764777673,-87.0567646910274,117.31551653549508,98.38382014258498,27.071599907671278,62.87521753423431,3,41,butterfly
2026-01-05 07:01:19.000,athlete_01,session_001,-0.727447692568644,-0.35820673796254965,0.8455652413727411,-178.0029844053456,-106.68108570630275,-50.923555912570436,117.36496977615671,98.72696029813045,26.92375357792146,62.932449433973524,3,41,butterfly
2026-01-05 07:01:19.050,athlete_01,session_001,-0.6500524304606307,-0.2213775024666719,1.101997936670042,-169.18657794690236,-53.66342884660561,3.6688157922384073,117.41155091871038,98.37073557149826,27.055904470799636,62.9900616069052,3,41,butterfly
2026-01-05 07:01:19.100,athlete_01,session_001,-0.538227870822873,0.021767364791640723,1.2634438834359982,-146.4156214705461,-5.450395561138773,57.501356178675564,117.47063064131638,98.91344711279527,27.01816523067065,63.04834453623937,3,41,butterfly
2026-01-05 07:01:19.150,athlete_01,session_001,-0.36026015551227614,0.18548217392784455,1.5239457782651717,-86.1676396592488,31.248880944423217,120.43894681778161,117.68772891402844,98.41625828681659,26.84324034762673,63.107526395479816,3,41,butterfly
2026-01-05 07:01:19.200,athlete_01,session_001,-0.07211071779020617,0.14459610346971385,1.7041850325382242,-21.024944328009532,74.71454561445728,161.86490445552107,117.84747190767925,98.07853174417478,27.14748147428126,63.1677522069953,3,41,butterfly
2026-01-05 07:01:19.250,athlete_01,session_001,0.1822668386817019,0.3772442488894594,1.7078769230314035,36.064998842671756,103.96807657688571,194.48267381427195,117.94178768571594,98.27380955044427,26.90716826723095,63.22907060960236,3,42,butterfly
2026-01-05 07:01:19.300,athlete_01,session_001,0.3390247544458457,0.3522822438180996,1.6863381765558174,92.19825568006105,111.76202599677777,202.16502600485254,118.16180471107894,98.01637537016909,26.993586094787503,63.291429442532134,3,42,butterfly
2026-01-05 07:01:19.350,athlete_01,session_001,0.5286042340107467,0.37542317527340957,1.6503237398508404,136.0753543458653,125.76125191574937,184.28357906348444,118.359317045919,98.25644509956437,26.95818019798484,63.35468054670298,3,42,butterfly
2026-01-05 07:01:19.400,athlete_01,session_001,0.6179706754789459,0.4083786632960519,1.4228997555809353,161.67786610580094,101.4280330942512,135.31758206307626,118.35399348018748,98.81733940548938,26.991432975158922,63.41859334137223,3,42,butterfly
2026-01-05 07:01:19.450,athlete_01,session_001,0.6231830945877355,0.37064749568784006,1.3975525641549817,163.8370404960769,84.98714017977653,83.99773377788883,118.50763190069507,98.09133319368537,26.9726918114055,63.48287593206772,3,42,butterfly
2026-01-05 07:01:19.500,athlete_01,session_001,0.6024775129414391,0.2718423418760704,1.1706626594617642,137.6505339034114,87.96851811537769,29.573134294130565,118.63654501658642,98.41998314406996,26.954571253908263,63.547201817528965,3,42,butterfly
2026-01-05 07:01:19.550,athlete_01,session_001,0.601173684888548,0.07942928824987948,0.8586074264688343,121.1218186807415,55.79597215187645,-29.355251981969644,118.59974887553261,98.32498190744215,27.111328216045536,63.61123975210212,3,42,butterfly
2026-01-05 07:01:19.600,athlete_01,session_001,0.39467202409725133,0.12208963431578841,0.6430545797758539,95.22398898596688,40.2740523172517,-68.11063895214578,118.5895231060626,98.54440623610297,27.03601573801365,63.67468403232034,3,42,butterfly
2026-01-05 07:01:19.650,athlete_01,session_001,0.26239758967340737,-0.010841645849085431,0.6356438027785053,66.23474099543884,2.8126992569502445,-112.9523176569114,118.96263065836897,98.26291872858314,27.09017270305302,63.737282438495114,3,42,butterfly
2026-01-05 07:01:19.700,athlete_01,session_001,0.20148028168298387,-0.12264558397593803,0.4687988424161335,42.487576767855344,-25.094763890004465,-131.9603009529252,119.13810306469121,98.42019979729255,26.944693609035358,63.79885927743089,3,42,butterfly
2026-01-05 07:01:19.750,athlete_01,session_001,0.0610395741463263,-0.1967308895621851,0.45856714633696466,-1.2338904921456013,-57.560806589847196,-152.26602208279297,119.33922548576355,98.48026983079629,26.96932148668723,63.85933142108924,3,42,butterfly
2026-01-05 07:01:19.800,athlete_01,session_001,-0.12388807145911646,-0.24433648767688637,0.2877845966911948,-33.933502889165226,-91.43174025985698,-153.88279909641312,119.5150024154289,98.22704691484016,27.03978551693429,63.91871587707047,3,42,butterfly
2026-01-05 07:01:19.850,athlete_01,session_001,-0.317487015705125,-0.3268233742305918,0.39085019662143144,-72.92955452109213,-106.59692856354775,-148.3437687585347,119.71866097416525,98.47947930883143,27.090998865429807,63.977128201479786,3,42,butterfly
2026-01-05 07:01:19.900,athlete_01,session_001,-0.4616668296710943,-0.4593741064954225,0.46645207880791695,-112.91378688368519,-140.62468884006304,-146.3003472141699,119.84812000053255,98.2160859705691,26.957846905878093,64.03477190222756,3,42,butterfly
2026-01-05 07:01:19.950,athlete_01,session_001,-0.56965904496293,-0.42218573773988316,0.5419337429385457,-156.06340474411806,-143.375591347747,-105.18169671518459,120.04943712497567,98.40132340408232,26.840113069760314,64.09191980449248,3,42,butterfly
2026-01-05 07:01:20.000,athlete_01,session_001,-0.6437141562301231,-0.4119448245609959,0.7428737809051847,-163.23471921899042,-117.92900398276058,-81.99760868901713,120.16707289395875,98.34900924366984,26.86575648790179,64.14888908464613,3,42,butterfly
2026-01-05 07:01:20.050,athlete_01,session_001,-0.6895535602294858,-0.27536041737431816,0.8675813024829787,-169.58902027550906,-86.20940440082394,-37.6176273159235,120.30615939062781,98.62184373780366,26.89278272069232,64.20601225726931,3,42,butterfly
2026-01-05 07:01:20.100,athlete_01,session_001,-0.581158610602902,-0.14829800204136656,1.1445243675579315,-166.7539530514933,-45.32121308871735,13.887013009756632,120.4703948272247,98.53426782144538,27.015423020759442,64.26360676915591,3,42,butterfly
2026-01-05 07:01:20.150,athlete_01,session_001,-0.43016177557566077,0.05513436825478146,1.2086017575296326,-121.7930078001579,2.725917934668898,74.48660783113799,120.6894550207082,98.39654987085807,26.82953512878496,64.32194598070774,3,42,butterfly
2026-01-05 07:01:20.200,athlete_01,session_001,-0.2194865516876999,0.1748310661529226,1.458003455749543,-67.97908151084924,55.69958042950414,125.03130797482686,120.75612136830712,98.27824336557686,26.958637704783467,64.38123418738304,3,42,butterfly
2026-01-05 07:01:20.250,athlete_01,session_001,-0.1221117808791514,0.24831333616589876,1.671899233033409,4.055981093276181,95.30927170851545,165.95213348493408,120.67342295128648,98.40349311820523,27.08653940929144,64.44158796363536,3,42,butterfly
2026-01-05 07:01:20.300,athlete_01,session_001,0.23320500355707094,0.3089802259340927,1.6914899922014972,66.26268774730816,106.8186843556905,199.0523250849851,120.84740580635007,98.49705506630715,27.025313130065058,64.50302553299242,3,43,butterfly
2026-01-05 07:01:20.350,athlete_01,session_001,0.3818457272434492,0.3279271635433829,1.6529676311903174,115.81657703667123,115.86949600064142,189.0451477947372,121.07227646245939,98.13502999746458,27.133860814968013,64.56546513356443,3,43,butterfly
2026-01-05 07:01:20.400,athlete_01,session_001,0.5391618953782354,0.2904442573419319,1.6619211845288926,154.38608771742216,120.99871368249569,167.6789730706034,121.16459384124192,98.2474595273303,27.002755634246107,64.62873252552514,3,43,butterfly
2026-01-05 07:01:20.450,athlete_01,session_001,0.5679435078318906,0.3413637247017879,1.5465326459937194,161.25971971807868,110.1812337757601,123.65071002828832,121.21173287188012,98.39493648452485,26.99655878373586,64.69257695123135,3,43,butterfly
2026-01-05 07:01:20.500,athlete_01,session_001,0.5589856627841571,0.3423984642646356,1.3072213630035039,153.15544520277257,88.74815210472188,79.29988705389769,121.38162568966625,98.42926314215387,27.04104881766414,64.7566940860606,3,43,butterfly
2026-01-05 07:01:20.550,athlete_01,session_001,0.5859345344125486,0.20592407381251288,1.0533914862062927,130.2139517676779,78.69564019856575,12.39108331473541,121.36894133616035,98.49267173461902,27.02419705829885,64.82075387937117,3,43,butterfly
2026-01-05 07:01:20.600,athlete_01,session_001,0.5847215435822115,0.15655300457176186,0.9324997596315345,105.2123037068188,56.74590862686562,-36.71762173355116,121.56086602753699,98.41759330270791,27.017505153378327,64.88443073857098,3,43,butterfly
2026-01-05 07:01:20.650,athlete_01,session_001,0.3945307673271371,0.14614177440359216,0.7112270786182185,85.0883544462672,39.76654785805385,-97.67154633790142,121.87527606857141,98.36579299627145,27.08705693311087,64.94743329587655,3,43,butterfly
2026-01-05 07:01:20.700,athlete_01,session_001,0.29697713714634716,-0.043372740714400074,0.4975176666868804,52.13714457877681,-2.459395482160261,-124.67897709288316,121.91435170704082,98.30772871017149,26.98658199695841,65.00953103638587,3,43,butterfly
2026-01-05 07:01:20.750,athlete_01,session_001,0.07189087041435335,-0.1305765866704193,0.4544551895081661,28.450059730597143,-39.68776082285443,-142.3425937223901,121.98907160646858,98.4967844004761,26.98481351621757,65.0705753539292,3,43,butterfly
2026-01-05 07:01:20.800,athlete_01,session_001,-0.0037997490986312193,-0.2548432779726791,0.4532427588333917,-1.049004614231401,-76.72528404389892,-151.30343592890952,122.12894767657649,98.20387597756856,27.133294408152256,65.13051311140184,3,43,butterfly
2026-01-05 07:01:20.850,athlete_01,session_001,-0.22714055658209079,-0.3283057657097875,0.4015002708585933,-48.67785878048348,-107.35398926348552,-157.8818274748359,122.21753427355004,98.41680005622162,27.022717009046286,65.18939146820236,3,43,butterfly
2026-01-05 07:01:20.900,athlete_01,session_001,-0.33516145599038943,-0.3236275048341738,0.38336819787806936,-75.90356711730253,-124.17715674074122,-155.38254276394937,122.2161642084883,98.50321620194023,27.11538749706083,65.24735353622837,3,43,butterfly
2026-01-05 07:01:20.950,athlete_01,session_001,-0.5009176785792183,-0.4582674406692509,0.5352744032246468,-128.30023257671314,-143.46082977932733,-126.1734581241184,122.14670081987505,98.21899094547507,27.03804239141514,65.30462526454879,3,43,butterfly
2026-01-05 07:01:21.000,athlete_01,session_001,-0.6432691705708203,-0.3676276372314416,0.6575725165655613,-153.33854221808272,-128.17931419355722,-104.32196528880094,122.2500927290255,98.29145965147123,27.08706368086456,65.36149475468618,3,43,butterfly
2026-01-05 07:01:21.050,athlete_01,session_001,-0.6441808197121414,-0.4466032959430156,0.8249695078920745,-173.4629713527041,-106.10911545016762,-54.8757447803474,122.51394036479115,98.86109509374946,27.016627639428712,65.41828590010849,3,43,butterfly
2026-01-05 07:01:21.100,athlete_01,session_001,-0.6581918190363176,-0.25029032788249556,0.9938988294448016,-178.96828784702518,-74.94941137512343,-5.513114742692757,122.77128475490295,98.66393690660928,26.892980398619294,65.47532876184424,3,43,butterfly
2026-01-05 07:01:21.150,athlete_01,session_001,-0.6255450483875821,-0.11431486608519746,1.1736647776717464,-146.54405189809427,-35.31363479507904,41.436828233327056,122.93532896949264,98.54638294689258,27.065983355810282,65.53292938976692,3,43,butterfly
2026-01-05 07:01:21.200,athlete_01,session_001,-0.3668392594058588,0.05478154866468766,1.4507068978376627,-110.62906449783323,20.164109540586097,95.83786734903829,122.83122708165111,98.6813455590225,27.07149088409313,65.5913418489015,3,43,butterfly
2026-01-05 07:01:21.250,athlete_01,session_001,-0.18619970446848888,0.1772516242734597,1.6266395384533336,-41.86071476623761,62.359741785602274,149.500739486427,122.71637234013474,98.36965841889666,26.867272651065267,65.6507450076152,3,43,butterfly
2026-01-05 07:01:21.300,athlete_01,session_001,0.04145314994332146,0.32260804974004137,1.6577903340009126,23.33138235431183,78.75910896963795,176.17209208350675,122.85726870171324,98.68726826098413,26.95693127303337,65.71122620836117,3,43,butterfly
2026-01-05 07:01:21.350,athlete_01,session_001,0.2795990337292956,0.37611749013936513,1.6530935902736104,74.7206757979015,117.67338785519387,190.93562871513615,122.86712456066496,98.36134591483535,27.094795949190413,65.77277331170174,3,44,butterfly
2026-01-05 07:01:21.400,athlete_01,session_001,0.3361348649376823,0.3957995609717958,1.6642189731778498,124.83704480078868,108.91886547693456,183.23212009516894,122.91819384596076,98.5222358183653,27.109715040193883,65.8352758383061,3,44,butterfly
2026-01-05 07:01:21.450,athlete_01,session_001,0.5835810951507725,0.3626592907523702,1.5668690326611605,154.48995920053605,115.84542942408788,156.75671745047757,123.03708286183746,98.34239694275679,27.026787672955695,65.89853510157496,3,44,butterfly
2026-01-05 07:01:21.500,athlete_01,session_001,0.5673464273788668,0.3725705542507872,1.3777686464126109,159.0298472281635,96.71613144623882,109.95807902073527,123.22112059077375,98.18067229845917,26.96008849501323,65.96228240158531,3,44,butterfly
2026-01-05 07:01:21.550,athlete_01,session_001,0.6339273657486739,0.3336798279809108,1.2472044041858383,156.55032226613852,82.62323034948598,55.84758382504401,123.23704055395186,98.39109969501077,26.946566675217973,66.02620361431995,3,44,butterfly
2026-01-05 07:01:21.600,athlete_01,session_001,0.5303360759292878,0.24872375893834658,0.9825259210114347,125.31372014780328,62.29193764270068,-1.57809363137337,123.38220737599727,98.54384984135744,26.917768194550963,66.08996792597654,3,44,butterfly
2026-01-05 07:01:21.650,athlete_01,session_001,0.4983809200332812,0.1608518876505712,0.7894504211975782,97.66529804741664,39.55953972626432,-69.24468989207838,123.28352280935269,98.32360060162317,26.918827211845837,66.15325808390287,3,44,butterfly
2026-01-05 07:01:21.700,athlete_01,session_001,0.30478766982918654,0.07678078910819726,0.6210638410736389,77.03234304715882,15.350758587532717,-99.77733644784746,123.37052210048644,98.50014340021087,26.979589776217693,66.2157993978919,3,44,butterfly
2026-01-05 07:01:21.750,athlete_01,session_001,0.27949710312119824,-0.05115251524796984,0.5359835500404516,37.506304880895954,-10.535308741877703,-120.9763044627927,123.4714975202405,97.89669357308175,26.999850375490464,66.27738484071591,3,44,butterfly
2026-01-05 07:01:21.800,athlete_01,session_001,0.0902557781885602,-0.17024618502756753,0.43834388449286665,20.01066058649208,-38.91032455274558,-153.782319728774,123.52127161734577,98.30108639840013,26.950152491926442,66.33789395427432,3,44,butterfly
2026-01-05 07:01:21.850,athlete_01,session_001,-0.15365167559622633,-0.31265040764322116,0.3182850639769873,-21.151755630725024,-76.8957424532111,-159.9310439409251,123.62305065712779,98.36532742553636,26.99376372914593,66.39730383481012,3,44,butterfly
2026-01-05 07:01:21.900,athlete_01,session_001,-0.23521234857675927,-0.419480768411058,0.47412739260210257,-56.1113864051164,-106.16384866897872,-152.54880066222523,123.58995313964762,98.14502565936564,26.936023173512353,66.45569119540178,3,44,butterfly
2026-01-05 07:01:21.950,athlete_01,session_001,-0.3360291129079173,-0.46102928385127584,0.40148593093340285,-92.85162808799842,-137.56182573966393,-149.48019363990733,123.66472119529256,98.6199446492758,26.917147274849796,66.51322532004713,3,44,butterfly
2026-01-05 07:01:22.000,athlete_01,session_001,-0.5185647265356739,-0.3646443069362926,0.523976222397934,-124.36114151916466,-143.38482602072148,-130.2266227089722,123.63689013590825,98.52471865462006,26.988894947936693,66.57015255647693,3,44,butterfly
2026-01-05 07:01:22.050,athlete_01,session_001,-0.7152024605805583,-0.41469037992265334,0.659094632497118,-152.36117248765737,-131.39767353064423,-99.32701280247338,123.57649826516531,98.4985038214434,26.987063345727773,66.62677376822336,3,44,butterfly
2026-01-05 07:01:22.100,athlete_01,session_001,-0.687751182921985,-0.3542665931041006,0.8693980158857983,-176.6513877621802,-95.65035544879949,-51.215965756491556,123.46535615844903,98.2416468343855,26.897959571497847,66.68341680972782,3,44,butterfly
2026-01-05 07:01:22.150,athlete_01,session_001,-0.6137108001128685,-0.18505515787556195,0.9762261621569559,-164.1725238986834,-60.808092797395275,-2.302725858199765,123.54978135883134,98.91801147078877,26.950424444498378,66.74040654263851,3,44,butterfly
2026-01-05 07:01:22.200,athlete_01,session_001,-0.48003940877244283,-0.0011850117022823917,1.23888268188312,-143.49196104357122,-17.03857163746788,58.991980896324364,123.5627234025759,98.3284215136208,26.961575241228854,66.79803513543652,3,44,butterfly
2026-01-05 07:01:22.250,athlete_01,session_001,-0.3603564443021249,0.072699602887931,1.556654186480872,-95.85227449979729,25.0563428099304,100.50105129708464,123.57188797080933,98.38962573117865,27.048200986631254,66.8565353617375,3,44,butterfly
2026-01-05 07:01:22.300,athlete_01,session_001,-0.09389621858295938,0.2120768848904992,1.5722824367221715,-20.073080288884768,73.3461619268023,154.579425920224,123.46094992222771,98.53125118299546,26.907733041113016,66.91605933757505,3,44,butterfly
2026-01-05 07:01:22.350,athlete_01,session_001,0.14775721535866784,0.2814429556772288,1.6073247550732248,35.15534347508762,83.3247506584693,173.89939983549303,123.51279716474795,98.36396428956985,27.060953878794873,66.97666463990737,3,45,butterfly
2026-01-05 07:01:22.400,athlete_01,session_001,0.381199320093124,0.3226178798231162,1.762599430941026,98.20488697131593,107.56417774642337,193.89337761586123,123.60623029294044,98.53715024188585,26.987300239442106,67.03830907311065,3,45,butterfly
2026-01-05 07:01:22.450,athlete_01,session_001,0.5575106127632906,0.4249958989740103,1.643542297615915,135.18835810416525,115.37169945322144,173.45698057089098,123.65873265713643,98.6014761612,27.100708377376094,67.10085455914627,3,45,butterfly
2026-01-05 07:01:22.500,athlete_01,session_001,0.6094912565052683,0.3720381057308924,1.5603423317806804,156.12915276654832,114.06553787002949,142.83128961041226,123.77500574170303,98.348535316454,27.082557545803862,67.16407979277685,3,45,butterfly
2026-01-05 07:01:22.550,athlete_01,session_001,0.6681333795199933,0.3193572748929189,1.3867654465186336,154.41363849465924,95.2418129806904,99.80902096127524,123.77762665794266,98.10736493776263,27.02662258876292,67.22770050195341,3,45,butterfly
2026-01-05 07:01:22.600,athlete_01,session_001,0.5573652029995059,0.31650080433555305,1.1295493072450773,149.65893484931746,75.17219457708424,44.01355770415192,123.72894627865423,98.32105435759775,27.01198126811077,67.29139545854765,3,45,butterfly
2026-01-05 07:01:22.650,athlete_01,session_001,0.49923499594174436,0.23353104655020027,0.8777044515092498,113.09952083645774,48.77305167483008,-33.634022538688214,123.73147632024099,98.44394139858503,26.918784663542535,67.3548358594629,3,45,butterfly
2026-01-05 07:01:22.700,athlete_01,session_001,0.42878429573166266,0.21925674519857935,0.8719381892009789,101.96296739308355,36.180877972428384,-76.18226265293767,123.84593737403631,98.57471000792016,27.166581951117116,67.41771539078212,3,45,butterfly
2026-01-05 07:01:22.750,athlete_01,session_001,0.2430414807515377,-0.008569877761357717,0.6733295964575805,69.78008909305709,8.462810692789175,-106.25311677888229,123.83745381221034,98.36055137637116,27.079592166510494,67.47977822603487,3,45,butterfly
2026-01-05 07:01:22.800,athlete_01,session_001,0.10530741772446384,-0.1404388284043644,0.48364155750782706,44.766893827004964,-12.717211291297822,-139.2985661420968,123.57817588358537,98.45693454677695,26.897935940408143,67.540842399434,3,45,butterfly
2026-01-05 07:01:22.850,athlete_01,session_001,0.004122009857350849,-0.18633545633065812,0.4615002166620794,2.165168155304684,-57.57626710752928,-143.3696004998244,123.62654121923114,98.59805325347685,27.06061090601402,67.60081641862014,3,45,butterfly
2026-01-05 07:01:22.900,athlete_01,session_001,-0.10826916346981402,-0.34277507815842595,0.4532869397288617,-27.558369527872404,-89.83501752836253,-151.78395175618095,123.62035460627591,98.77553983335318,26.953560737921467,67.65970760024113,3,45,butterfly
2026-01-05 07:01:22.950,athlete_01,session_001,-0.31774032826445975,-0.2911323019569364,0.43450559649133347,-61.96160118474655,-114.52698816727356,-146.27795249262758,123.63426769020218,98.64216088869922,27.139939725909656,67.71762136894819,3,45,butterfly
2026-01-05 07:01:23.000,athlete_01,session_001,-0.3784194015722833,-0.3990050753326754,0.49908615223464825,-101.55938856848859,-135.82672819515173,-136.4683130978924,123.75493127458145,98.41700325067963,26.87396047526423,67.7747515868323,3,45,butterfly
2026-01-05 07:01:23.050,athlete_01,session_001,-0.5413270329054704,-0.3919827448851229,0.6101222928249304,-147.06187015829187,-128.72338462878642,-103.13376425351592,123.73601196480784,98.7670350673978,26.998460616220605,67.83136280036913,3,45,butterfly
2026-01-05 07:01:23.100,athlete_01,session_001,-0.7187129544869663,-0.3526903773771295,0.7263950667763859,-178.5921328408737,-120.77477709131747,-73.11741280443178,123.67627572107477,98.40993098655281,26.939424398843784,67.8877660306174,3,45,butterfly
2026-01-05 07:01:23.150,athlete_01,session_001,-0.6895319700776611,-0.29435272532489154,0.895729642086308,-171.50688669152737,-91.2514738694466,-37.689461105526036,123.56954670304835,98.19575281631911,27.034150293602078,67.94429032221375,3,45,butterfly
2026-01-05 07:01:23.200,athlete_01,session_001,-0.6143495748549521,-0.15268529236947784,1.1382478263967999,-157.72089608650373,-59.152552181788174,16.57802150892964,123.65400461219225,98.28927057669766,26.911513327115696,68.00125265375196,3,45,butterfly
2026-01-05 07:01:23.250,athlete_01,session_001,-0.5346806464815832,-0.04155480135170385,1.3185019361767438,-117.7358527558357,-11.072051590122408,65.29370074316982,123.8493692273199,98.63278827310441,27.11201954188459,68.0589289611041,3,45,butterfly
2026-01-05 07:01:23.300,athlete_01,session_001,-0.26319327924817615,0.1668634001116111,1.4648505526417137,-67.24943622557929,44.41557719982349,120.58425869619134,123.86248821766873,98.38716695959342,26.95997891977459,68.11752892259365,3,45,butterfly
2026-01-05 07:01:23.350,athlete_01,session_001,-0.05910672330512668,0.20128508926282113,1.6429901571505705,-11.780971278495095,78.97818171256934,166.73517649952652,123.67873989648504,98.32832624543758,27.036462147405825,68.17717681013312,3,45,butterfly
2026-01-05 07:01:23.400,athlete_01,session_001,0.15575040270537133,0.22435981699760632,1.7061101995108796,59.28152104866893,97.11981881639751,189.87497956330262,123.75852863851169,98.38862087415141,27.13557968027241,68.23790015509175,3,46,butterfly
2026-01-05 07:01:23.450,athlete_01,session_001,0.41206247956223324,0.3871890607271664,1.6492809159066486,98.38510801498539,107.38664664354405,182.66092447294625,123.70792374849725,98.41403760718087,27.08323506878264,68.29962726260817,3,46,butterfly
2026-01-05 07:01:23.500,athlete_01,session_001,0.5008982360740059,0.4065705483217085,1.6467450757147963,150.50786330567345,111.30086862773814,165.90476498078974,123.73424824145236,98.14608033141975,27.085461223740655,68.36219379873279,3,46,butterfly
2026-01-05 07:01:23.550,athlete_01,session_001,0.6331332989447006,0.24311826174265072,1.4617520372743178,147.80622871597618,110.88309609946526,122.8550674440448,123.56554424558821,98.56775831043602,27.00423956067719,68.42535784520375,3,46,butterfly
2026-01-05 07:01:23.600,athlete_01,session_001,0.6639558347903907,0.30776444008048304,1.2438420535763806,151.5928919158018,85.10006157494306,72.50581675511329,123.58641643153602,98.38116897537765,26.978778828370096,68.48882204267977,3,46,butterfly
2026-01-05 07:01:23.650,athlete_01,session_001,0.5627316998511674,0.17158060135878375,1.0134514365866996,131.20763260359038,71.10287147823176,8.811854425610054,123.47213282640836,98.25721999327277,27.069628597237397,68.55226079562034,3,46,butterfly
2026-01-05 07:01:23.700,athlete_01,session_001,0.43446184786349507,0.17832906785026761,0.9074536563112348,113.64654209158384,42.54205256587464,-27.576857264080004,123.69206684319226,98.20590887830085,27.14634894451217,68.61535004988741,3,46,butterfly
2026-01-05 07:01:23.750,athlete_01,session_001,0.3976091223591323,0.058705734677137626,0.6418369135293244,88.98157529501277,33.22395605958695,-97.07031116474393,123.5697101974561,98.44395411625248,27.08348217512432,68.67779691973418,3,46,butterfly
2026-01-05 07:01:23.800,athlete_01,session_001,0.34801139211766985,0.012433993377480905,0.565695812203586,48.7845361772548,-7.5560220122844335,-113.1569449324895,123.63037618579963,98.37053365138557,26.974576171771304,68.73936645550258,3,46,butterfly
2026-01-05 07:01:23.850,athlete_01,session_001,0.03490935049846208,-0.09824225565343216,0.4813766401805656,31.746772702987354,-30.593411922380387,-130.45103727881443,123.69988238499319,98.37808479424643,26.965482245299864,68.7999031056509,3,46,butterfly
2026-01-05 07:01:23.900,athlete_01,session_001,-0.039575678204379,-0.17988933170993898,0.42109742830798647,-10.860355235057778,-67.5292134977381,-134.7327427809325,123.71859880220208,98.75321580110918,27.1630203092318,68.85934491261445,3,46,butterfly
2026-01-05 07:01:23.950,athlete_01,session_001,-0.1999247308961033,-0.3359427886962701,0.366707530995534,-41.21989308115647,-87.37630347157703,-151.47591574476291,123.74284589493108,98.54003963088752,26.853823241933373,68.91772914696928,3,46,butterfly
2026-01-05 07:01:24.000,athlete_01,session_001,-0.3507003733180974,-0.3881046815000243,0.28956843060822746,-69.96994088633676,-129.56556529417355,-149.71883432244175,123.8095285922542,97.93564139055754,26.89196795710053,68.97518886756752,3,46,butterfly
2026-01-05 07:01:24.050,athlete_01,session_001,-0.45543998571233263,-0.4634594290724699,0.4247892455348605,-117.39785990829837,-140.41556924702175,-127.83017890090656,123.91601010384537,98.39712463083855,27.100919250238952,69.03194072509734,3,46,butterfly
2026-01-05 07:01:24.100,athlete_01,session_001,-0.6135633086686546,-0.40387356452859047,0.5279607261515394,-148.68640947481254,-130.65397189892096,-97.22223387451344,124.11255093345011,98.24847663090236,26.9876610887688,69.08826512701121,3,46,butterfly
2026-01-05 07:01:24.150,athlete_01,session_001,-0.6305728972607202,-0.3627748535865105,0.8107056488031399,-169.12891430368097,-108.13765875796261,-70.07394869086588,124.25649068511049,98.2236771665306,26.985248254199004,69.1444805797849,3,46,butterfly
2026-01-05 07:01:24.200,athlete_01,session_001,-0.64295091606247,-0.2239357037185326,1.0199212398719109,-164.9532045819753,-80.16195828640565,-20.569916442646917,124.24319333549258,98.317806753089,27.051114614961286,69.20091455623127,3,46,butterfly
2026-01-05 07:01:24.250,athlete_01,session_001,-0.5435476825876195,-0.09543363930321942,1.2460919792924001,-150.4746705233235,-30.471329546139135,33.13501208005609,124.29940297688925,98.43613992991556,26.88303545745783,69.2578735525351,3,46,butterfly
2026-01-05 07:01:24.300,athlete_01,session_001,-0.4992457178371078,0.010163896792817609,1.326653002364792,-107.82752232285499,13.856160168256423,83.99119938574285,124.44661344033086,98.29536661685965,27.12372365696626,69.31561507288842,3,46,butterfly
2026-01-05 07:01:24.350,athlete_01,session_001,-0.1663419914769439,0.12668823340003982,1.4506658497006233,-55.1772371067925,54.45748911187453,149.20126351030592,124.41157899718762,98.61260315327462,26.940315483115832,69.37432410247773,3,46,butterfly
2026-01-05 07:01:24.400,athlete_01,session_001,0.054262638179663245,0.3065929069884883,1.6527009937758534,2.1327596440763656,82.3725847516592,174.43113413478184,124.42925141518656,98.41331736956484,26.969414247159033,69.43409621838019,3,46,butterfly
2026-01-05 07:01:24.450,athlete_01,session_001,0.24155009240095263,0.31608504954737177,1.6604932461790338,66.19092443725575,113.48156100472002,201.4399352578845,124.5481448178921,98.71479485885347,26.95282060601429,69.49492888033625,3,47,butterfly
2026-01-05 07:01:24.500,athlete_01,session_001,0.46671958684296344,0.3534530134844843,1.6839097033825126,118.33966161520746,110.13527259928189,189.76633958757773,124.79065573055867,98.52178599584414,26.923648354355233,69.55672169499572,3,47,butterfly
2026-01-05 07:01:24.550,athlete_01,session_001,0.6086080836424439,0.3257695168960767,1.7001149632563157,156.41403230860178,112.75905369140673,158.8694959001762,124.92407129515668,98.08765359515326,27.148727724409266,69.61928562655206,3,47,butterfly
2026-01-05 07:01:24.600,athlete_01,session_001,0.5987124032704645,0.30014177760001914,1.3732439737378905,155.72681607888896,94.75494998630911,102.51673825068355,124.83111991879822,98.4260912612953,27.115644104412638,69.68236030873976,3,47,butterfly
2026-01-05 07:01:24.650,athlete_01,session_001,0.6428292747424067,0.31576344860449884,1.2860124980527903,140.14164724475992,95.22523504100322,56.93204833913361,124.79405876829105,98.3460301306894,26.91162806103941,69.74563787275703,3,47,butterfly
2026-01-05 07:01:24.700,athlete_01,session_001,0.4467222293882982,0.23543396577636017,0.989834218951993,139.5204319425614,75.95273892235497,-9.437175668256433,124.95622747493938,98.28022395290279,27.02605945297186,69.80879111045664,3,47,butterfly
2026-01-05 07:01:24.750,athlete_01,session_001,0.504511426739509,0.13015537122293214,0.8922850785345163,108.69538948768287,48.52933443909983,-50.52932410011025,124.91267187482427,98.31093867785327,27.125377394832235,69.87150339649584,3,47,butterfly
2026-01-05 07:01:24.800,athlete_01,session_001,0.3356218772623279,0.06114576155487691,0.6708489950313709,77.43639043225632,17.552106458097832,-85.39988610742522,124.99762490385396,98.45604651862948,26.962874316787442,69.9334976331594,3,47,butterfly
2026-01-05 07:01:24.850,athlete_01,session_001,0.1697497158863998,-0.0036345435366412354,0.5573314357885841,41.66358775162444,0.7908791695910296,-117.47116273946952,124.91020102271142,98.28406231123901,26.86746294193015,69.9945615718177,3,47,butterfly
2026-01-05 07:01:24.900,athlete_01,session_001,0.009216350802161072,-0.14091135407137612,0.4995203866158155,11.6844833332616,-46.22367770766407,-148.74770825863916,125.00450574903502,98.02775956455167,26.999879429858808,70.05456719712154,3,47,butterfly
2026-01-05 07:01:24.950,athlete_01,session_001,-0.11200714400280731,-0.21219365971880508,0.4764775673437406,-16.542986050165165,-70.9563370194318,-138.25988891241082,124.95667000302302,98.17586336999271,26.918894426432303,70.11348240362103,3,47,butterfly
2026-01-05 07:01:25.000,athlete_01,session_001,-0.3232426861417314,-0.2952256596860832,0.3996829942522183,-45.32695396028713,-102.57926690423122,-163.56094045953188,125.12724824023886,98.36192797188346,26.899551845688457,70.17137389976,3,47,butterfly
2026-01-05 07:01:25.050,athlete_01,session_001,-0.32887134398676915,-0.4533690643003372,0.5262228237911453,-86.84452124149276,-125.91864664934072,-143.79106190904827,125.16252492241694,98.4413395364673,27.029441028819775,70.2284010766061,3,47,butterfly
2026-01-05 07:01:25.100,athlete_01,session_001,-0.5140877524359314,-0.4410958657640337,0.46839216007472423,-124.90685146869141,-133.64748424723382,-125.22441935213759,125.2782910538231,98.56344000346537,26.998788766605088,70.28480140483579,3,47,butterfly
2026-01-05 07:01:25.150,athlete_01,session_001,-0.6988576793985463,-0.392818470375641,0.6914337133930343,-150.56749067077394,-120.69299257210315,-86.98423071511695,125.60769598011235,98.5275950003604,26.876118692276865,70.3408686978613,3,47,butterfly
2026-01-05 07:01:25.200,athlete_01,session_001,-0.7309615506570417,-0.2370584776890849,0.6955237403662079,-168.53333601681572,-115.99727250450694,-66.97880964990179,125.87761136416825,98.33002376081278,26.963773642916813,70.3969262307819,3,47,butterfly
2026-01-05 07:01:25.250,athlete_01,session_001,-0.6126413548034653,-0.19035897946202257,0.9486706817748293,-160.98272660240363,-75.88367900825774,-1.0625128311107916,125.93216348597417,98.4529187123242,26.909733808002702,70.4532971745113,3,47,butterfly
2026-01-05 07:01:25.300,athlete_01,session_001,-0.44541598892711853,-0.05160952766786255,1.1427460427979867,-136.2388461588198,-22.52054856706701,48.684611988640725,126.11505467009711,98.23733033626743,26.986262140449917,70.51027504909642,3,47,butterfly
2026-01-05 07:01:25.350,athlete_01,session_001,-0.32455098347822875,0.0014429038272638917,1.325970018774732,-94.55925657142521,19.398116220178743,110.74214940711374,126.3490517430384,98.31182760916538,26.928898163705743,70.56809689760416,3,47,butterfly
2026-01-05 07:01:25.400,athlete_01,session_001,-0.14063999674802652,0.14495063223173615,1.586178404797947,-30.76275477731389,64.61027975777772,154.626905081858,126.48252006438116,98.60449552704311,27.08410546774375,70.62692163233436,3,47,butterfly
2026-01-05 07:01:25.450,athlete_01,session_001,0.17261656312338675,0.2800994931655902,1.6601580097321775,33.88542811083975,89.1429534150344,181.2551905027191,126.52294870613179,98.21072463413756,27.04575931729819,70.68681553142127,3,47,butterfly
2026-01-05 07:01:25.500,athlete_01,session_001,0.3113216030030496,0.2663677504174159,1.6258128496942201,93.57248474246917,104.99065100274954,185.06903243236337,126.6327831895516,98.72077035354727,27.06124755596095,70.747746209496,3,48,butterfly
2026-01-05 07:01:25.550,athlete_01,session_001,0.4641553929148049,0.42914584621797375,1.663473146314095,127.38919445110892,120.53127376291343,178.31368827445456,126.85681723179297,98.41124023746663,26.958063662672544,70.80958561088526,3,48,butterfly
2026-01-05 07:01:25.600,athlete_01,session_001,0.5529894276653483,0.4182766700056836,1.435667957719356,147.565538610329,105.42662511232514,151.55720449794435,127.06443472558577,98.35343188035189,27.074869962030228,70.87212174873291,3,48,butterfly
2026-01-05 07:01:25.650,athlete_01,session_001,0.6339858500738509,0.2910211341734945,1.4244013977701813,166.95379412113692,92.14917939476403,88.0905029245424,127.19491870789922,98.15489819788309,27.135382712760634,70.93507811390236,3,48,butterfly
2026-01-05 07:01:25.700,athlete_01,session_001,0.5633260410303471,0.26338341280295,1.1072031191285805,148.76547887586167,86.52728997394684,35.22188971882442,127.37042640737678,98.44506466282496,27.10255702784229,70.9981389766397,3,48,butterfly
2026-01-05 07:01:25.750,athlete_01,session_001,0.5702525352016391,0.22277918083765283,0.9541064643278947,116.67624779400093,56.67924036175847,-16.303461119831468,127.6371794487019,98.35286965934463,27.101643646964256,71.06097826579757,3,48,butterfly
2026-01-05 07:01:25.800,athlete_01,session_001,0.45892110590584306,0.11848483978978136,0.8206775141846435,87.49138413193972,37.465215179488446,-50.528172548945285,127.47271525015886,98.4122275660223,26.96908960090321,71.12328938409075,3,48,butterfly
2026-01-05 07:01:25.850,athlete_01,session_001,0.3302065700243164,-0.003337217270760119,0.6143507668049674,66.88725198179954,18.1294715611613,-116.69207445086839,127.67337715333699,98.46150436062646,27.01152380037688,71.18481323313885,3,48,butterfly
2026-01-05 07:01:25.900,athlete_01,session_001,0.22872929785483087,-0.09267824549041832,0.44944940193151134,43.4166472367154,-8.406045658505523,-126.10485232982313,127.81951433656148,98.45633301797525,27.116478418393175,71.2453618866207,3,48,butterfly
2026-01-05 07:01:25.950,athlete_01,session_001,0.0010804106501947838,-0.1669575770269966,0.38726802561734364,5.179333217053779,-48.74895749786849,-143.70741555977222,127.74554995760883,98.60070657141897,26.96257780602888,71.3048357485863,3,48,butterfly
2026-01-05 07:01:26.000,athlete_01,session_001,-0.16767430411737572,-0.26226170835941653,0.3866614292081467,-18.913458210662952,-86.65683971827454,-138.57373919774736,128.08224376678746,98.23066359704974,26.957763916543126,71.3632326303177,3,48,butterfly
2026-01-05 07:01:26.050,athlete_01,session_001,-0.33600429794435155,-0.3873015451398193,0.4492752386054154,-59.689191010118414,-109.5876746197055,-141.45500746915874,128.2842355599476,98.47842328180126,26.91715694322202,71.42064791851175,3,48,butterfly
2026-01-05 07:01:26.100,athlete_01,session_001,-0.4805248346890702,-0.4896209868580286,0.4556696341134582,-104.20011991183097,-133.97829771340864,-133.81712289646885,128.4511330980521,98.21045905216353,27.098040273319594,71.4772658223279,3,48,butterfly
2026-01-05 07:01:26.150,athlete_01,session_001,-0.5790538787878662,-0.4182874352724676,0.5042083420485449,-141.11927277910988,-129.0517984792282,-113.48228249891183,128.5844352232834,98.20233073639545,27.201952788648608,71.53334250248696,3,48,butterfly
2026-01-05 07:01:26.200,athlete_01,session_001,-0.5598464356977122,-0.34661018547813577,0.5820402167882722,-160.83467794547022,-113.10385498504178,-80.76911430258602,128.66873345439825,98.42888198648546,26.954823710788713,71.58918262754827,3,48,butterfly
2026-01-05 07:01:26.250,athlete_01,session_001,-0.5427818751289427,-0.18139988986732744,0.8115422769656574,-178.58636198273535,-90.48835925617456,-44.84449349100738,128.87090940955767,98.48156194424972,27.04297374506285,71.64511150292311,3,48,butterfly
2026-01-05 07:01:26.300,athlete_01,session_001,-0.7110425655338931,-0.1345736095694393,1.1265007931733078,-166.16647628419494,-47.802248099234724,14.946521754015498,128.97948675604846,98.6629778614969,27.102368275377742,71.7014453222539,3,48,butterfly
2026-01-05 07:01:26.350,athlete_01,session_001,-0.5272395390851901,-0.010994999602903649,1.3897418863568354,-127.91980952346897,-4.549051150322008,67.52243626384328,128.95395849431637,97.88702313384574,27.056723181530458,71.75846226161877,3,48,butterfly
2026-01-05 07:01:26.400,athlete_01,session_001,-0.29444337447230257,0.09592537760580522,1.5106778864908756,-78.64767150202528,33.76187737372459,109.21969810223862,129.16804262286013,98.12491826068928,27.016303659274005,71.81637705907224,3,48,butterfly
2026-01-05 07:01:26.450,athlete_01,session_001,-0.10291353708313104,0.19086361704820282,1.6366186461002887,-25.26795726499851,71.40121396220242,158.8381803829858,129.3365717798548,98.6301393189363,27.077828321603064,71.87532140250903,3,48,butterfly
2026-01-05 07:01:26.500,athlete_01,session_001,0.1541238563601677,0.26362632499657696,1.6960900946089557,52.8480520588846,96.52940825981531,196.5271521362107,129.2856946520064,98.39857873996594,27.005310035435166,71.9353319170348,3,49,butterfly
2026-01-05 07:01:26.550,athlete_01,session_001,0.3638286966421466,0.3011773819645953,1.632614705895925,102.85519297031755,111.65399902904423,191.46045849327476,129.46717470649338,98.56956665341164,26.960323109855203,71.99634684763473,3,49,butterfly
2026-01-05 07:01:26.600,athlete_01,session_001,0.4714993945714411,0.3958897457626705,1.629659406592914,145.55145349915966,106.01936464969269,174.724901364427,129.55692107738494,98.29406291953696,26.891614740012024,72.05821173758089,3,49,butterfly
2026-01-05 07:01:26.650,athlete_01,session_001,0.6072262867328502,0.39145836133589923,1.4749822220595041,153.4759918302885,95.91122212802253,136.66217943780651,129.47796000934227,98.54411146345593,26.983688488595607,72.1206935804618,3,49,butterfly
2026-01-05 07:01:26.700,athlete_01,session_001,0.5845911878059208,0.30608449996340387,1.270617752537393,151.58660111749157,101.72237936133214,80.18531640653208,129.5404986374225,98.63896721046237,26.912608188972605,72.18350214916558,3,49,butterfly
2026-01-05 07:01:26.750,athlete_01,session_001,0.5179731937530304,0.24920694624122722,1.1495036713273268,126.92122377685811,73.70532106288132,19.216978534271085,129.67831719769626,97.98422018937406,27.02513415752008,72.24631654940268,3,49,butterfly
2026-01-05 07:01:26.800,athlete_01,session_001,0.4816893483603553,0.20110964790180913,0.8339909879567771,107.58221793314034,64.36817608253185,-34.24405292272023,129.8216139415997,98.15298811723277,27.02724760173207,72.30881456832833,3,49,butterfly
2026-01-05 07:01:26.850,athlete_01,session_001,0.39640465802803765,0.06612624735757941,0.8351214688194006,90.07430932103492,39.385393462757975,-76.10060157698928,130.12677403212965,98.29599739845959,27.10595171980959,72.37070213407304,3,49,butterfly
2026-01-05 07:01:26.900,athlete_01,session_001,0.2589626137959654,-0.0326153962311108,0.540876421538277,51.37087689271779,0.11930883081045884,-111.02620474540117,130.20947060431538,98.5411079209469,26.869461534238223,72.43174019273268,3,49,butterfly
2026-01-05 07:01:26.950,athlete_01,session_001,0.07985832551477809,-0.08794648898946301,0.5161715473169932,25.272771683927722,-17.017419380282657,-130.640436877965,130.1670944756262,98.47903010731385,27.03996377298998,72.491766546369,3,49,butterfly
2026-01-05 07:01:27.000,athlete_01,session_001,0.06719749527627414,-0.16920216050607118,0.5112428464666376,4.6716485514856565,-68.37122098093403,-138.9945615437972,130.10557395377225,98.58885523962158,27.138574525203634,72.55071065708267,3,49,butterfly
2026-01-05 07:01:27.050,athlete_01,session_001,-0.1624796757428679,-0.35727595015925323,0.38208367895238227,-33.569194640898466,-94.72789652030526,-146.55738313326552,130.12426475650582,98.36657526478173,27.118482626625003,72.60860006597116,3,49,butterfly
2026-01-05 07:01:27.100,athlete_01,session_001,-0.3038589824773616,-0.3522384687967202,0.43458520813216167,-68.16767743452081,-116.48854718755939,-135.58755618193112,130.2078512193073,98.35890361567259,26.9617261257796,72.66555784285936,3,49,butterfly
2026-01-05 07:01:27.150,athlete_01,session_001,-0.45321549899559405,-0.3968607163013651,0.42864824927412776,-109.9050549400499,-137.64395654846615,-136.92863302522068,130.09374579809236,98.41907250590302,26.97158311054437,72.72179130291786,3,49,butterfly
2026-01-05 07:01:27.200,athlete_01,session_001,-0.609415331501818,-0.44707233374064737,0.5956317441774608,-142.3855715267597,-140.01078803336463,-94.17846385848243,130.20700649364034,98.38752780193929,26.98676218397201,72.77757302465312,3,49,butterfly
2026-01-05 07:01:27.250,athlete_01,session_001,-0.6677633172366384,-0.4281308702008727,0.7509869085717535,-164.1762239557226,-115.57538900281662,-71.24756144472988,130.1850217525159,98.28726635278386,27.0277033678481,72.83321590728083,3,49,butterfly
2026-01-05 07:01:27.300,athlete_01,session_001,-0.7056107451231571,-0.17507924379704587,1.000756703414286,-169.244551450286,-83.26984214876313,-24.459894213998282,130.21474145971663,98.30680411600181,26.987253253241676,72.88904454988682,3,49,butterfly
2026-01-05 07:01:27.350,athlete_01,session_001,-0.5876195621067561,-0.14747945355354455,1.047994389614474,-152.1393892475474,-32.33159960653463,31.488727746251644,130.21104328342443,98.44454301410184,27.053342059911206,72.94536557031837,3,49,butterfly
2026-01-05 07:01:27.400,athlete_01,session_001,-0.3668910850442621,-0.013071914027706041,1.261307487732401,-116.70618778086033,2.997358262152905,89.34526042584115,130.15215125407988,98.26264825879485,26.98439581150712,73.00243957782557,3,49,butterfly
2026-01-05 07:01:27.450,athlete_01,session_001,-0.3077259326354064,0.17215911992767047,1.4265707373509802,-60.37556118531751,61.63985191665739,134.24242440129257,130.08700752368696,98.6331339711325,26.903272440118105,73.06045736138007,3,49,butterfly
2026-01-05 07:01:27.500,athlete_01,session_001,0.017365491979466255,0.35343014139195833,1.4988377823385872,9.961111819027446,74.56896433529279,170.82545492976516,130.1305891302081,98.53409618174096,27.068733282551673,73.11952246932645,3,49,butterfly
2026-01-05 07:01:27.550,athlete_01,session_001,0.26049277644232427,0.3383015874955698,1.6637045543876163,69.56779974203306,107.1287411755318,187.4061345624816,130.09591477381795,98.20678538846668,26.89791222073181,73.17964177096032,3,50,butterfly
2026-01-05 07:01:27.600,athlete_01,session_001,0.3748485646445321,0.42659361754292263,1.7091557481684247,114.46388882309515,116.50925811982867,195.23568226524137,130.1696613119996,98.23441202634909,26.96445555106166,73.24072486033586,3,50,butterfly
2026-01-05 07:01:27.650,athlete_01,session_001,0.581013448238172,0.33080826323365375,1.5492648807736933,139.21337486068495,115.13554615795776,157.49110522037097,130.20539615948266,98.79659536872322,26.97223053817331,73.30259235389815,3,50,butterfly
2026-01-05 07:01:27.700,athlete_01,session_001,0.6012332793396559,0.43478115576016496,1.4366716956821615,155.08444948000033,97.8066484507334,115.8442761380517,130.27842079015085,98.13534402714143,27.141925867919753,73.36499232037794,3,50,butterfly
2026-01-05 07:01:27.750,athlete_01,session_001,0.581941172537897,0.21580221672966118,1.1761370750272386,148.51714815659386,83.75048165577672,53.266958768864505,130.14133767994443,98.47094788179935,26.978674501700155,73.4276233381246,3,50,butterfly
2026-01-05 07:01:27.800,athlete_01,session_001,0.5306318881303823,0.2358247255835646,1.0636382678549612,124.78211698147977,67.93118074552685,4.1735154506633005,130.02435346303812,98.50295678382538,26.9584960430642,73.49016206961855,3,50,butterfly
2026-01-05 07:01:27.850,athlete_01,session_001,0.456143100023662,0.1486740135384319,0.8533660486183118,106.27861166655751,54.64997387031665,-38.30382647116819,130.09615306181155,98.4544056705589,27.065948290369,73.55229283060481,3,50,butterfly
2026-01-05 07:01:27.900,athlete_01,session_001,0.3136139518149891,0.048941617505891655,0.7088666495035972,64.12443585942863,16.917722094493286,-90.51550499777345,130.0439921455924,98.64823520519393,26.980440757507772,73.61373644975833,3,50,butterfly
2026-01-05 07:01:27.950,athlete_01,session_001,0.21332352179942787,-0.02199213236879967,0.5792693993366385,48.74541301946838,-5.542431247837092,-117.88991992440347,130.20129814038194,98.00113541402234,26.932532126665546,73.67427578054776,3,50,butterfly
2026-01-05 07:01:28.000,athlete_01,session_001,-0.04580740275183664,-0.03704089128131885,0.9438914856931352,-3.396231430652451,-0.8880058088760944,-4.8717485839676415,130.20042168884063,98.38504810316964,26.911640011496264,73.67427578054776,3,50,rest
2026-01-05 07:01:28.050,athlete_01,session_001,-0.022450720713034722,0.005624919646640939,0.9848911778211462,-4.624007526422913,-4.394958837685616,-2.1312768786437557,130.01217740958882,98.44457660093464,27.026885055633443,73.67427578054776,3,50,rest
2026-01-05 07:01:28.100,athlete_01,session_001,-0.02749351732145443,-0.02462599637628317,0.97579262954152,-1.6701391346844292,-1.5849541299032857,-2.223036046155053,129.80798651762632,98.54164867866844,26.884176133824806,73.67427578054776,3,50,rest
2026-01-05 07:01:28.150,athlete_01,session_001,-0.03428451373350663,-0.024999643759354397,1.0041740597309403,-3.9301108052339377,-1.0928845639528078,-2.2465895398215374,129.5315273529518,98.38195288756134,27.094223131606743,73.67427578054776,3,50,rest
2026-01-05 07:01:28.200,athlete_01,session_001,-0.012375910045537517,0.0007129243836051822,0.9652959148187741,-1.4272946196200271,-3.951265510327672,-1.930093719797521,129.25238861317303,98.33284578503013,26.94684145526127,73.67427578054776,3,50,rest
2026-01-05 07:01:28.250,athlete_01,session_001,0.00621949825310662,-0.017404193683313758,0.9998002587599493,-4.948556205851689,-0.38408708844225725,-3.837037805944283,129.10027655499027,98.26120335412143,26.890670131072014,73.67427578054776,3,50,rest
2026-01-05 07:01:28.300,athlete_01,session_001,0.0006507443569228142,-0.022894448835428724,1.0157442334484565,-4.0298454288173104,-3.5786326942503703,-4.185931509792177,128.96192887249154,98.57630689132654,26.96321090092533,73.67427578054776,3,50,rest
2026-01-05 07:01:28.350,athlete_01,session_001,-0.018445248622254353,0.003519124586934783,0.993470275480493,0.2652961718042564,0.5084311786622268,-2.075773972589218,128.67414839095645,98.39019274891986,27.030861778663418,73.67427578054776,3,50,rest
2026-01-05 07:01:28.400,athlete_01,session_001,-0.030792439342152138,-0.02100225644280228,1.012855264108244,0.15288142031602148,-2.3004821012575123,-2.1126454240513337,128.6262684117097,98.31279151198896,27.078780378333068,73.67427578054776,3,50,rest
2026-01-05 07:01:28.450,athlete_01,session_001,0.008944686217816683,-0.05622576122717605,0.9905046216451824,-1.664665055262029,-2.556437194377613,-1.607114367232854,128.5470838884432,98.68112207336297,27.004762219549036,73.67427578054776,3,50,rest
2026-01-05 07:01:28.500,athlete_01,session_001,-0.0012713910985653822,0.0030403886261679827,0.9739697800128456,-2.1381297931070686,-2.577766392331008,3.1364248862975748,128.5442395176441,98.55244154102935,26.91941219676833,73.67427578054776,3,50,rest
2026-01-05 07:01:28.550,athlete_01,session_001,0.009361563753107273,-0.00797528466962817,0.9748657434993205,-2.686506912428767,-2.0203316820504695,-3.808608425416497,128.40852991087354,98.40171881437617,26.788990257253182,73.67427578054776,3,50,rest
2026-01-05 07:01:28.600,athlete_01,session_001,-0.015935685687230142,-0.03147052284807095,1.0176121254475246,-1.4292521978989823,-2.2964404007165133,-2.5660929335776745,128.18790488164038,98.11478753571679,27.02983108073115,73.67427578054776,3,50,rest
2026-01-05 07:01:28.650,athlete_01,session_001,-0.00023498374968142812,-0.03334014111032098,1.0154505526045068,-2.423935081118541,-4.148537779280666,-3.4902604187911117,128.07951199075623,98.14545242140105,26.95915380814837,73.67427578054776,3,50,rest
2026-01-05 07:01:28.700,athlete_01,session_001,-0.019613328096827764,-0.03749164312762552,1.0059906405223393,-2.420135211614978,2.481358093314037,0.5829723562578265,127.91759495169912,98.49099697382574,26.969658373273788,73.67427578054776,3,50,rest
2026-01-05 07:01:28.750,athlete_01,session_001,0.04527433657604167,-0.012254616560845605,1.0071900703489503,-1.2415670597177286,-1.2315012730394885,-2.1427658642948324,127.74124393806807,98.50620106211746,27.078133290600984,73.67427578054776,3,50,rest
2026-01-05 07:01:28.800,athlete_01,session_001,-0.025751284987753795,-0.0029410666094774997,1.010435298872793,-1.9829920739086424,-1.6924755745241362,-0.2384428092552706,127.6470389072603,98.17989299348419,26.998693859137045,73.67427578054776,3,50,rest
2026-01-05 07:01:28.850,athlete_01,session_001,-0.0024822001128001507,0.021080473076467827,1.0018235171833818,0.6320909223909921,-4.031220485264799,-1.363518289948232,127.62026970920522,98.1764805162916,26.949900421342452,73.67427578054776,3,50,rest
2026-01-05 07:01:28.900,athlete_01,session_001,-0.037590134548924986,0.011984749459349993,0.9963258097390529,-2.6765285694768237,-3.8584490066482764,-2.0488654592816515,127.46487225585693,98.4529184894509,27.018904381478098,73.67427578054776,3,50,rest
2026-01-05 07:01:28.950,athlete_01,session_001,0.007511666521871791,0.04170157330168694,1.023313327266386,-3.3062456757776246,-2.363138169315108,1.5960267983608578,127.19437327412993,98.05684773673815,27.057373132589746,73.67427578054776,3,50,rest
2026-01-05 07:01:29.000,athlete_01,session_001,0.0026043537526692713,-0.0231674063704465,1.0127513516825566,-0.7868563394852814,1.1267436171090204,0.45420516702294705,127.07103166613093,98.32797011821187,27.048913528082448,73.67427578054776,3,50,rest
2026-01-05 07:01:29.050,athlete_01,session_001,-0.029741280589432015,0.005563651154376634,1.0082786107007455,-2.6210908569595204,-2.2255872959163243,-2.915582579457995,126.99324785417352,98.47146992202039,26.988263601825157,73.67427578054776,3,50,rest
2026-01-05 07:01:29.100,athlete_01,session_001,-0.0006783289970441062,0.01620899298242318,0.9945201674438411,0.043592388569475865,0.6575631927276709,-0.16271934146884548,126.97763737243794,98.6106474460557,27.11614688513354,73.67427578054776,3,50,rest
2026-01-05 07:01:29.150,athlete_01,session_001,-0.018441044220008557,-0.020197548001272027,0.9973886813692294,-1.88412281680392,-0.8058665052542706,2.1263445805615833,126.73499183797156,98.44847046147909,27.002981090552677,73.67427578054776,3,50,rest
2026-01-05 07:01:29.200,athlete_01,session_001,-0.01991013454377309,-0.003476940244484875,0.9878161517711135,-0.29500752382178097,3.1314271870449515,-4.278018222785551,126.59216825654221,98.38785309055802,27.000872244741622,73.67427578054776,3,50,rest
2026-01-05 07:01:29.250,athlete_01,session_001,0.013707397073317596,0.005368320805542759,0.9947159100184236,-1.0288736105834861,0.8671227468634396,1.5054269476873967,126.27420356559935,98.46480704760287,27.019848999748763,73.67427578054776,3,50,rest
2026-01-05 07:01:29.300,athlete_01,session_001,-0.012350505649786509,0.0002203063893375887,0.9821131356920159,-1.8950121024852102,-1.4726570584090857,0.12685489828535526,126.26751756334835,98.64689460105826,27.024821017062408,73.67427578054776,3,50,rest
2026-01-05 07:01:29.350,athlete_01,session_001,0.0205003687416089,-0.052241856232806055,1.0553154559381928,0.7089950845738026,-0.279186291428678,-2.7104002725752507,125.93784051332841,98.66206598894814,26.81072046372755,73.67427578054776,3,50,rest
2026-01-05 07:01:29.400,athlete_01,session_001,0.0007051691397445302,0.000990039199326834,1.005813947557345,-4.157322437187985,-3.78748070283391,-3.170532068953654,125.65105121896795,98.29907896121384,27.134915433175365,73.67427578054776,3,50,rest
2026-01-05 07:01:29.450,athlete_01,session_001,0.009792102335894955,-0.03772006914983528,0.9665841541608794,-0.5825082210447478,1.6302755574586747,-1.6572387491489624,125.44070212490882,98.28048476851848,26.939392149537408,73.67427578054776,3,50,rest
2026-01-05 07:01:29.500,athlete_01,session_001,-0.018521047822818826,-0.012296748332571647,1.017751619698708,-0.9584025291048427,-0.5218953004174177,-0.2603242349076868,125.3741593247585,98.64869413217883,26.99176728540909,73.67427578054776,3,50,rest
2026-01-05 07:01:29.550,athlete_01,session_001,0.005427539234205835,0.006289394748855368,0.9822826776299531,1.474203159580929,-2.9949776615668973,-2.086534796698358,125.06480399171843,98.52434831063286,26.991966990470395,73.67427578054776,3,50,rest
2026-01-05 07:01:29.600,athlete_01,session_001,0.027405114892108104,-0.012326480351130154,0.9721790552987947,-0.63798059952865,-0.31746903319752345,1.2600055905245244,124.79365774289967,98.66463239140602,27.103423535311297,73.67427578054776,3,50,rest
2026-01-05 07:01:29.650,athlete_01,session_001,0.002228269045580219,0.023212715772546903,0.971819181495164,2.4366086358605847,-3.1021828732347965,0.8936814248242744,124.63174618817868,98.1689570827908,27.03700449721378,73.67427578054776,3,50,rest
2026-01-05 07:01:29.700,athlete_01,session_001,-0.02557671557946866,-0.005382755476410709,1.0196224502976536,0.6156610547236131,-0.6261553674537942,-0.8114237955726816,124.41471203712824,98.49509411950814,27.018222769654244,73.67427578054776,3,50,rest
2026-01-05 07:01:29.750,athlete_01,session_001,0.007732845487596758,0.022333899744126206,0.9496957868730698,-2.329822363686743,0.6363874897607974,0.6295591002181411,124.02031021918587,98.39651230203363,27.059683448662987,73.67427578054776,3,50,rest
2026-01-05 07:01:29.800,athlete_01,session_001,-0.010225583063479992,0.0005687434102220028,0.997143328774177,0.44437974908880334,0.9280583643934854,-1.340831488500719,123.93121111167132,98.21383787252373,27.015901185779875,73.67427578054776,3,50,rest
2026-01-05 07:01:29.850,athlete_01,session_001,-0.0014391358936589038,0.005111466480089947,0.9542577302390097,-1.196566493113511,-0.9827266776300163,-0.42818551040391145,123.9121256540865,98.50796983818296,26.99955160454671,73.67427578054776,3,50,rest
2026-01-05 07:01:29.900,athlete_01,session_001,-0.004271215633620409,-0.007555963505252257,1.0024100476126974,2.428371986801743,1.2759118862776666,3.326170257038412,123.88392434127604,98.1059954683282,26.971498461978285,73.67427578054776,3,50,rest
2026-01-05 07:01:29.950,athlete_01,session_001,-0.007830750345397522,0.035103747735909754,1.0516050112370512,0.05313622358405311,1.6748951489155695,4.642930781976348,123.73966785789558,98.44653812718259,26.92311621220196,73.67427578054776,3,50,rest
2026-01-05 07:01:30.000,athlete_01,session_001,0.0029358837702238893,0.010958803991725672,1.01740140173518,-1.748159252544523,0.44764958928239346,-0.2816532969663385,123.71143276131899,98.16950045432128,26.96725422126513,73.67427578054776,3,50,rest
2026-01-05 07:01:30.050,athlete_01,session_001,-0.003694178054425339,0.044668747772499594,1.0113054506762087,2.7301063115970194,3.59599259002799,2.794512931226208,123.47229753982221,98.34115333580316,26.96731670029102,73.67427578054776,3,50,rest
2026-01-05 07:01:30.100,athlete_01,session_001,0.018283243088936477,0.03346841687159976,1.007755143702652,1.0811574972374876,1.9568068670207597,1.6972577762933732,123.21847617368712,98.4338143265959,26.988976843260577,73.67427578054776,3,50,rest
2026-01-05 07:01:30.150,athlete_01,session_001,-0.009855044956229802,0.018102613393243826,1.0063495455847036,1.8292523960865341,1.543160990508691,2.7408948474962047,123.21716005154991,98.13845679319044,27.009665450340755,73.67427578054776,3,50,rest
2026-01-05 07:01:30.200,athlete_01,session_001,0.013335319159245693,0.035763960767222984,0.9938220065468553,-1.4652611779072402,2.648729558802689,4.548748251139944,123.101544009039,98.37984069597152,26.978320787140397,73.67427578054776,3,50,rest
2026-01-05 07:01:30.250,athlete_01,session_001,0.0002763448894935122,-0.019195833871902275,0.9793588336782626,4.851235096496671,6.458620019510437,1.3499996095451405,122.9970470739954,98.39140125786086,27.035484843964454,73.67427578054776,3,50,rest
2026-01-05 07:01:30.300,athlete_01,session_001,0.017481282404170663,-0.0012173158242250281,1.0320916724776166,1.5592812228739839,3.6865239917259447,3.0923951954154156,122.96684917519168,98.28148169473332,26.925384965555658,73.67427578054776,3,50,rest
2026-01-05 07:01:30.350,athlete_01,session_001,0.01913655926219113,-0.013947922910011045,0.9929072142247386,4.237773312849935,0.7867521870176315,1.559548675959065,122.7852226731049,98.43717838242168,27.044997890358324,73.67427578054776,3,50,rest
2026-01-05 07:01:30.400,athlete_01,session_001,0.027841161903562978,0.01241673409546724,1.0158757029764258,-0.15567753494592107,-1.8895567671404767,0.46056216285599333,122.60029825293712,98.43872344855477,27.09751531283175,73.67427578054776,3,50,rest
2026-01-05 07:01:30.450,athlete_01,session_001,0.04102798729799806,0.0071823235017944,0.9922623114487421,0.08894470547549206,3.6024228212332896,0.007306919639466658,122.54123720614291,98.16170759939712,26.927893148333897,73.67427578054776,3,50,rest
2026-01-05 07:01:30.500,athlete_01,session_001,-0.0017970612386150734,-0.01673725429451291,1.0233475089801938,-1.1707562537432863,0.8600860048881915,1.5562981763127373,122.44582375905597,98.19498612435994,27.072813255918348,73.67427578054776,3,50,rest
2026-01-05 07:01:30.550,athlete_01,session_001,-0.02309445449025913,0.018940356346777352,1.0241560714980662,4.676262234019386,3.451281646337791,0.36908093500414807,122.3213730414551,98.81573858151437,27.05553859170615,73.67427578054776,3,50,rest
2026-01-05 07:01:30.600,athlete_01,session_001,0.045605952051690345,0.016673668290226665,0.99983772895641,3.210811978864581,-2.6341668569481325,3.741401699275403,122.19241879806673,98.68332666128167,26.953573004125328,73.67427578054776,3,50,rest
2026-01-05 07:01:30.650,athlete_01,session_001,0.02461688269806526,0.025985710884058565,0.9739527647737167,2.8904635831181795,1.3686884402765456,0.3313518188162808,121.91221456650828,98.57192843573881,26.83961055452515,73.67427578054776,3,50,rest
2026-01-05 07:01:30.700,athlete_01,session_001,-0.013606873712498274,-0.011243934777958335,1.0104868932532731,-0.6463544572982822,0.05186211183314721,3.103643170851341,121.78308792887314,98.49186966818476,27.156714080427278,73.67427578054776,3,50,rest
2026-01-05 07:01:30.750,athlete_01,session_001,0.01084433870947027,-0.004870219304616896,1.0119571429597962,6.200304506229011,-0.4132001621408368,-0.26140120019033813,121.5974737888584,98.24585370203937,27.013630963414236,73.67427578054776,3,50,rest
2026-01-05 07:01:30.800,athlete_01,session_001,-0.0032856624812273296,0.011386522787994525,0.9979768225637745,2.679590565496756,5.118123919347692,1.974730446289516,121.50316294692998,98.41549993841726,27.034794278019714,73.67427578054776,3,50,rest
2026-01-05 07:01:30.850,athlete_01,session_001,0.0390929250150372,0.03408166855197714,1.0001772612864168,-0.7160678166910076,0.5407954789235201,4.24139092706496,121.36157072129578,98.20675402194027,26.95034655126069,73.67427578054776,3,50,rest
2026-01-05 07:01:30.900,athlete_01,session_001,0.009805124790820342,0.041552494218802194,1.023478339903892,1.9654605802575609,3.0689465124495166,2.6592734889519263,121.14486079039659,98.46810048714191,27.10390891703298,73.67427578054776,3,50,rest
2026-01-05 07:01:30.950,athlete_01,session_001,0.03532398089275212,0.03790325731847853,0.9837550545158232,0.6672872461035108,2.1679336351553005,1.7023283169374441,120.99343360333688,98.35002720683539,27.123172728222624,73.67427578054776,3,50,rest
2026-01-05 07:01:31.000,athlete_01,session_001,0.02476306985706885,0.01640224662910973,1.0024289354572413,3.7192884655035576,1.6196843419398324,1.8868743121333467,120.90785870744972,98.21803345116797,27.00746661711323,73.67427578054776,3,50,rest
2026-01-05 07:01:31.050,athlete_01,session_001,9.972010780920013e-06,0.025244285850914545,1.0424713637441994,2.518623701146809,1.2974338527724945,2.4472730249817207,120.74319780016761,98.60447455473599,26.96131453277086,73.67427578054776,3,50,rest
2026-01-05 07:01:31.100,athlete_01,session_001,0.016310800692684587,0.055374783584476436,1.028604578547198,6.743698921887425,0.6123390872482716,2.1508952674566,120.66993195241348,98.51938894447346,26.99954814048425,73.67427578054776,3,50,rest
2026-01-05 07:01:31.150,athlete_01,session_001,0.045956122018976156,0.026704627871893417,1.016630723174199,0.2927945747671773,-0.5496978906827221,3.496156121698465,120.31409060206941,98.58932294073479,26.944983753596144,73.67427578054776,3,50,rest
2026-01-05 07:01:31.200,athlete_01,session_001,0.028729233380235312,-0.004801006028453367,0.9747015500594661,3.4266951764490337,-0.06628392235855823,4.84806506310688,120.25141816287342,98.55822125074266,26.865838930838244,73.67427578054776,3,50,rest
2026-01-05 07:01:31.250,athlete_01,session_001,-0.005682581273448051,0.02249514247142201,1.0393167012634927,3.376273310145363,3.530200139474092,2.735557535302732,120.1934439955727,98.38184559784676,27.01320905266353,73.67427578054776,3,50,rest
2026-01-05 07:01:31.300,athlete_01,session_001,0.05634192740440654,0.03292557216652318,1.019527100354427,3.8871507052635126,4.458542892642017,3.2320437590492705,120.04837573262394,98.44554956509494,26.936684153211875,73.67427578054776,3,50,rest
2026-01-05 07:01:31.350,athlete_01,session_001,0.022276843325267272,-0.005763018664100172,0.9945687281881002,3.7867426345990562,1.4208725250013052,5.145305267492316,119.77339540758295,98.19052831953982,26.84506813759846,73.67427578054776,3,50,rest
2026-01-05 07:01:31.400,athlete_01,session_001,-0.01323512042468613,0.04041458220788949,1.0059448709803878,2.6269118841023906,1.1493815452828016,0.40398635178395204,119.74058511233213,98.45859255222686,27.000617435560624,73.67427578054776,3,50,rest
2026-01-05 07:01:31.450,athlete_01,session_001,0.04012186119951932,0.02389417713684275,1.0145828637584247,4.354757156211776,1.510311391853286,2.436177356443628,119.54427672188919,98.38417075072667,26.94328126138795,73.67427578054776,3,50,rest
2026-01-05 07:01:31.500,athlete_01,session_001,0.0002049835736431943,-0.007534339085288363,1.0096588019821227,4.874610388382254,1.7884695885508761,1.692968433231085,119.589540066259,98.66729141213413,26.91382285159731,73.67427578054776,3,50,rest
2026-01-05 07:01:31.550,athlete_01,session_001,-0.015758687084343012,0.008558752016042823,1.0091900374053977,1.2914377467964582,1.8971659008459434,-3.4633389774742853,119.75297448948787,98.4288487816352,27.117707238654916,73.67427578054776,3,50,rest
2026-01-05 07:01:31.600,athlete_01,session_001,0.009301406218954028,0.0005920399506213238,1.0286786203891447,5.318588396393719,2.6012298529319295,1.768573023054018,119.67220645177018,98.44122650416935,26.847792551673074,73.67427578054776,3,50,rest
2026-01-05 07:01:31.650,athlete_01,session_001,-0.0019771701623973754,0.02679709767997554,0.9968175746832797,2.318034636645997,3.9064620853746,4.360583954752866,119.62403591985527,98.29243288108873,26.922956179799677,73.67427578054776,3,50,rest
2026-01-05 07:01:31.700,athlete_01,session_001,0.05456038124036506,0.070721850656609,0.9925669793825068,-0.3829435764771034,5.978496624839672,0.08275289571047728,119.54965727396973,98.74932616906757,26.958991247779895,73.67427578054776,3,50,rest
2026-01-05 07:01:31.750,athlete_01,session_001,0.022736198550692244,0.011965508046805105,1.017257210265277,1.824909192980128,0.062290682168687,-1.254797780208822,119.36812625081365,98.477354633293,26.96254492342755,73.67427578054776,3,50,rest
2026-01-05 07:01:31.800,athlete_01,session_001,0.015838439156724775,0.03811429640031911,1.018117007484642,-0.9539521277439078,3.1492668963837787,0.321329208546354,119.30298301005719,98.41731594463322,26.829357433763267,73.67427578054776,3,50,rest
2026-01-05 07:01:31.850,athlete_01,session_001,0.005169620333470547,-0.022481235054757156,1.0132694966613185,2.888103780311577,5.347210029434454,5.196163051618619,119.09153752373574,98.57294908479267,26.96645187489601,73.67427578054776,3,50,rest
2026-01-05 07:01:31.900,athlete_01,session_001,0.0061973704988951515,-8.197526279475342e-05,1.0540288073134845,0.45873325431054235,1.6098276824055016,2.5426229839495735,118.84557884656083,98.33832547605071,27.029734014465873,73.67427578054776,3,50,rest
2026-01-05 07:01:31.950,athlete_01,session_001,0.05582715042047163,0.023111286768456644,0.9884291722250836,3.8010419253787595,-1.4435401520648743,5.151092356263396,118.88485247393436,98.50372171816484,27.079532696500106,73.67427578054776,3,50,rest
2026-01-05 07:01:32.000,athlete_01,session_001,0.014673174323647039,0.028063811705507452,1.0462283889946635,2.5631222883525413,1.1714240575829287,4.666679458107005,118.91075425378486,98.40480972298225,26.970382484790473,73.67427578054776,3,50,rest
2026-01-05 07:01:32.050,athlete_01,session_001,0.040708796929220914,0.01958721247892346,1.0207708431382554,1.9223177173174413,0.09821707340817384,4.408203114899081,118.72097892712299,98.18745929475892,26.993208273427587,73.67427578054776,3,50,rest
2026-01-05 07:01:32.100,athlete_01,session_001,-0.011712125119095383,0.015472250856395963,1.02820159333046,3.2379643240024114,2.046654803542221,3.021978335773847,118.60427725346804,98.3926220485069,27.15034046204862,73.67427578054776,3,50,rest
2026-01-05 07:01:32.150,athlete_01,session_001,0.009830946515978111,0.012326062681949905,1.0232863373177485,6.891914657338372,0.3071800172426755,-0.15219397624081252,118.49664965185613,98.25920791427565,27.040699603825466,73.67427578054776,3,50,rest
2026-01-05 07:01:32.200,athlete_01,session_001,-0.01054695263318227,0.027763046874772115,1.0464722957427892,2.322256887243318,0.6397722575496214,3.5996862746787412,118.28394728784814,98.37133256305069,27.097795919762316,73.67427578054776,3,50,rest
2026-01-05 07:01:32.250,athlete_01,session_001,-0.006354229734611669,0.06721836205465195,1.0094754443800968,3.8435938438471253,1.7366364040744222,1.2506159866625377,118.27454035120753,98.84726035117387,27.062257015862023,73.67427578054776,3,50,rest
2026-01-05 07:01:32.300,athlete_01,session_001,0.016049616539807837,0.031820346308644804,0.9989058752049953,3.3284158119192195,0.8633263220493647,3.5303164154093953,117.96268354808655,98.3440149822248,26.988657942738342,73.67427578054776,3,50,rest
2026-01-05 07:01:32.350,athlete_01,session_001,0.07214028965495267,0.02916266890000536,1.0389079894378586,0.5905549093482978,1.0621023998403212,1.928196197818281,117.78401767011164,98.292649582137,27.015090655102785,73.67427578054776,3,50,rest
2026-01-05 07:01:32.400,athlete_01,session_001,0.03702930322482307,0.026537577385445106,1.0179920513009535,1.4036707495222684,4.737936285174112,1.6979503368557487,117.79232006459132,98.5189903073416,26.91162506360019,73.67427578054776,3,50,rest
2026-01-05 07:01:32.450,athlete_01,session_001,0.013381573486587667,-0.01571770610272924,1.0529652385261326,-2.1037067393987408,0.9370776190587877,4.146955247041347,117.67784775140963,98.50393698170657,26.950013390028907,73.67427578054776,3,50,rest
2026-01-05 07:01:32.500,athlete_01,session_001,0.050839304289542815,0.00804786243562689,1.0219565757024902,5.659819258769825,1.2672646377947512,4.407530958382279,117.7298100065769,98.4862866217721,26.827425186329485,73.67427578054776,3,50,rest
2026-01-05 07:01:32.550,athlete_01,session_001,0.03115735445626724,0.06146409321958328,1.01167557487646,0.08739704474671951,-0.6255559185723908,2.1382902102855685,117.59737853508528,98.44393182434752,27.09524181584293,73.67427578054776,3,50,rest
2026-01-05 07:01:32.600,athlete_01,session_001,0.03283844512978016,-0.019065249891965407,1.0020610905173253,4.453317651966993,-0.5883602582492131,-0.43209970428028655,117.49563447734238,98.41959254063521,27.01401726974693,73.67427578054776,3,50,rest
2026-01-05 07:01:32.650,athlete_01,session_001,0.023781700276632796,0.04437514224524435,1.0165921336685844,4.9189088625606745,1.0558783767094235,3.60515216627887,117.59848046791865,98.16693064869035,27.061641011858853,73.67427578054776,3,50,rest
2026-01-05 07:01:32.700,athlete_01,session_001,0.05975143490290849,0.017425764894608346,1.046725500554888,2.025165293713178,1.5208461011891514,1.2997783630914495,117.51098497868296,98.3231123876929,27.058779245705644,73.67427578054776,3,50,rest
2026-01-05 07:01:32.750,athlete_01,session_001,-0.02178874716660902,0.013337178671727784,1.0053449126429201,4.164790819737963,1.7409687277605856,4.302386547396877,117.46790148667067,98.41831028607743,26.926170892132838,73.67427578054776,3,50,rest
2026-01-05 07:01:32.800,athlete_01,session_001,0.0039028383025869386,0.05629738730111706,1.0043573829965204,3.6662072208718386,1.8107430315715236,0.41276772932841843,117.17603918749911,98.6872515637632,27.095090334904096,73.67427578054776,3,50,rest
2026-01-05 07:01:32.850,athlete_01,session_001,0.011551101020920544,0.007513650665370776,1.0010823867485124,4.442813232643558,1.933252158490111,0.2678808231740422,117.2376100365016,98.10141069340924,27.00452299333377,73.67427578054776,3,50,rest
2026-01-05 07:01:32.900,athlete_01,session_001,0.017029050245298567,0.004022845461830049,1.025661458980795,-0.8214212153601941,2.241575762542266,0.4684595723948181,117.28966803638379,98.41457817493828,27.067899881565683,73.67427578054776,3,50,rest
2026-01-05 07:01:32.950,athlete_01,session_001,-0.009838202859287543,0.027762142802178074,0.9936560842386467,0.8047709977900577,1.9352251319537066,1.4389093934217472,117.3370321621532,98.32165796807693,26.981629828723552,73.67427578054776,3,50,rest
2026-01-05 07:01:33.000,athlete_01,session_001,-0.028743659013418552,0.03621652250112077,0.9874069993761211,-0.007295857074373435,4.151448390051533,-0.7767049183355135,117.31740020464763,98.4846985835312,27.023753903873672,73.67427578054776,3,50,rest
2026-01-05 07:01:33.050,athlete_01,session_001,0.03192965708022402,0.03596731867180675,1.0258531476375925,1.6934864383600097,1.664572471277563,-3.102558703296024,117.5545054647834,98.25593809796483,26.98457167068876,73.67427578054776,3,50,rest
2026-01-05 07:01:33.100,athlete_01,session_001,0.032371943126403666,0.03248706993276658,1.032932485110798,2.3175359267098097,1.1653579211907028,-2.3840629521617513,117.58333341727064,98.67973495994488,27.053678464306895,73.67427578054776,3,50,rest
2026-01-05 07:01:33.150,athlete_01,session_001,-0.006406382100021336,0.008375625207312592,1.0054679672315654,0.8178382473418131,5.005607495810358,1.1736817186991713,117.49007229556678,98.6733965107293,27.045317305522083,73.67427578054776,3,50,rest
2026-01-05 07:01:33.200,athlete_01,session_001,0.005227027811230858,0.016168509196650978,1.0134599170342782,2.9990312175380165,1.3089902437151972,1.3717423161418703,117.48632592561796,98.58346829085203,27.11483584981875,73.67427578054776,3,50,rest
2026-01-05 07:01:33.250,athlete_01,session_001,-0.02890788910905908,0.012354726851714709,1.0302375968988935,1.0584291945565671,0.9232550521720416,2.393480241281441,117.51369598785325,98.23674683139238,26.994785809953616,73.67427578054776,3,50,rest
2026-01-05 07:01:33.300,athlete_01,session_001,-0.007738957176654324,0.01788323766118564,1.0114445597759512,0.0737719380908532,1.2403920425088695,6.392264000425983,117.2853316480327,98.38629531453557,27.068241041326115,73.67427578054776,3,50,rest
2026-01-05 07:01:33.350,athlete_01,session_001,0.00046025467003420667,0.005285548178690103,1.0108382996309113,3.768452951632396,4.623480900341443,2.231363750696731,117.22848315583707,98.38206599818548,27.13018206313724,73.67427578054776,3,50,rest
2026-01-05 07:01:33.400,athlete_01,session_001,0.010046155349654362,-0.014242613911305763,1.001313319584466,-0.17931698639385546,-0.4317923494322902,2.213891309724732,116.85455658247488,98.7928095664755,27.011111621335278,73.67427578054776,3,50,rest
2026-01-05 07:01:33.450,athlete_01,session_001,-0.001932376540141637,0.013177636642200199,1.0138289335511133,3.7863064583670747,5.139712872620561,-1.9892770082180886,116.83551639595863,98.29031572584103,26.856319496931366,73.67427578054776,3,50,rest
2026-01-05 07:01:33.500,athlete_01,session_001,0.017013276312227925,0.022692806183002394,1.0117468552201785,1.4143090940229082,3.637244262415916,2.09646668585158,116.67185570457109,98.4735844661733,27.001182559547654,73.67427578054776,3,50,rest
2026-01-05 07:01:33.550,athlete_01,session_001,0.024897531364913787,0.02840394211088117,0.9973843166733082,-0.839881905236724,-2.533257776806533,-1.8330999398103753,116.73935284789336,98.25571170182428,27.029313864128802,73.67427578054776,3,50,rest
2026-01-05 07:01:33.600,athlete_01,session_001,0.0033112798709485146,0.024355206593186376,1.0306002378837866,1.7958987729097031,4.268945933471895,3.211723233270479,116.66416418564255,98.26023876883944,27.0239060729315,73.67427578054776,3,50,rest
2026-01-05 07:01:33.650,athlete_01,session_001,0.011230446626085583,0.04357310166166202,1.0464982601980415,-1.566077973818364,2.557963827296809,2.134145145573971,116.80021772134762,98.53368352619604,27.077811282658626,73.67427578054776,3,50,rest
2026-01-05 07:01:33.700,athlete_01,session_001,-0.025402442565536917,0.019463114372075374,0.9818472306788864,2.5470336044386235,-0.11007142897149963,2.106727363136143,116.84024200445842,98.59227470916693,27.011512738641024,73.67427578054776,3,50,rest
2026-01-05 07:01:33.750,athlete_01,session_001,-0.008790219446374432,0.019694404292199815,1.0031676739698432,5.160567116659896,1.1040075907221971,0.9610342191910424,116.72392089769548,98.61047875013249,27.029004196751817,73.67427578054776,3,50,rest
2026-01-05 07:01:33.800,athlete_01,session_001,0.02624730505603109,0.005414315329681475,1.0233099102512375,0.9595490529065972,0.9080209259195106,-0.07911018685275163,116.78027170727269,98.3224134376837,26.962380425140697,73.67427578054776,3,50,rest
2026-01-05 07:01:33.850,athlete_01,session_001,-0.012434548443762225,0.013862526264606103,1.0060996204262298,1.5369011761434919,1.7100380263988422,0.9774321987676564,116.57705859112603,98.24710715332392,26.92157005371226,73.67427578054776,3,50,rest
2026-01-05 07:01:33.900,athlete_01,session_001,-0.002197087926313794,0.005561828086352566,1.0083190458297575,-0.5642759006320118,2.2438265545065725,3.98746058067047,116.39451504532859,98.50044739942935,26.942127469541578,73.67427578054776,3,50,rest
2026-01-05 07:01:33.950,athlete_01,session_001,-0.003201153163450282,-0.051074044812773195,1.0247450523122554,5.178408801910403,3.314434955705273,0.8595704825120388,116.29109359226608,98.4759382984938,26.912999575402775,73.67427578054776,3,50,rest
2026-01-05 07:01:34.000,athlete_01,session_001,0.000913058352556348,0.007147242204388275,0.973997927878997,1.295521896181917,1.67630379226486,5.071479408948784,116.27753379693849,98.30116005580483,27.12940176170404,73.67427578054776,3,50,rest
2026-01-05 07:01:34.050,athlete_01,session_001,0.0040712631230083295,0.02518935561383373,1.0046130247463925,2.0378854935385755,-1.3797446768441064,0.739033214170389,116.0453229951912,98.76341246847464,26.976801903655097,73.67427578054776,3,50,rest
2026-01-05 07:01:34.100,athlete_01,session_001,-0.02039649511589822,-0.01006922096957782,1.0141370812810282,-0.3300198160625269,1.426709261042349,0.38216079069925585,116.00969910284444,98.44752682591961,26.875975127986614,73.67427578054776,3,50,rest
2026-01-05 07:01:34.150,athlete_01,session_001,0.022383117917907945,-0.0014607378803951326,1.011895548139249,1.9685822714761787,0.19680920282938788,1.912279080934062,115.90465964518788,98.33225119240842,27.229592958996214,73.67427578054776,3,50,rest
2026-01-05 07:01:34.200,athlete_01,session_001,0.02714664796628486,0.00047165023760793317,0.9687549562965276,-0.5203101573236614,1.0959828638563378,3.768146134424638,115.90165742235112,98.17795997116055,27.10128158397251,73.67427578054776,3,50,rest
2026-01-05 07:01:34.250,athlete_01,session_001,-0.0008164504315251856,0.04235133895735431,1.0017685618916063,-0.8024313291488455,0.7784626930475553,-1.4344253590431748,115.94782221707743,98.47207361713694,26.895071033578418,73.67427578054776,3,50,rest
2026-01-05 07:01:34.300,athlete_01,session_001,0.008452674636440755,0.0017017481764101596,1.0084188560524603,-0.973686209117321,2.368056106429828,2.748175009492922,115.89380925027402,98.4042075854423,26.916499379036757,73.67427578054776,3,50,rest
2026-01-05 07:01:34.350,athlete_01,session_001,0.0037333143678492816,0.004134661643195565,1.021532690658496,2.371702704189801,0.4720383022996169,2.6647969263391413,115.7977341157957,98.60429352361487,27.04552850667905,73.67427578054776,3,50,rest
2026-01-05 07:01:34.400,athlete_01,session_001,0.014225997591199245,-0.0038524405723484715,0.9714775267815731,2.162079056960035,-0.3689396101774993,-1.131280105221058,115.65960943846896,98.36521208390789,27.02622510352332,73.67427578054776,3,50,rest
2026-01-05 07:01:34.450,athlete_01,session_001,-0.0023758617462250184,-0.002537989408672601,0.9883183461214703,-1.523487176429164,2.0431552265153194,-0.673848538642971,115.42133848997878,98.17455376114958,27.046487422880787,73.67427578054776,3,50,rest
2026-01-05 07:01:34.500,athlete_01,session_001,0.04500228216084742,0.0041032034623079494,1.053110869412447,-0.6548649471934876,-0.3978453395197965,2.059254654499471,115.26883127191748,98.26041956171402,27.009324232135427,73.67427578054776,3,50,rest
2026-01-05 07:01:34.550,athlete_01,session_001,0.023291082927675087,0.03649537411143284,1.0412738128898322,2.0043560857140204,-3.6258320547099476,0.1818358562667114,115.21112412870225,98.37486874556184,27.103213181003767,73.67427578054776,3,50,rest
2026-01-05 07:01:34.600,athlete_01,session_001,-0.010201103658802092,0.011560531314679589,0.9915749033911734,1.8343547522507426,-0.25955054877218137,1.8048581616811314,115.03742720099473,98.54522393358152,27.1691503926344,73.67427578054776,3,50,rest
2026-01-05 07:01:34.650,athlete_01,session_001,-0.025053264994898388,-0.025035455767848287,1.0275385159252448,-2.3746040337548746,1.2393717001700162,0.10543189823349115,114.98754059413427,98.30816699695077,26.986599122994644,73.67427578054776,3,50,rest
2026-01-05 07:01:34.700,athlete_01,session_001,0.027999622679157784,0.014110482717841226,0.9958159912824558,1.318005990940712,0.9313401889098359,2.00054098865004,114.79143849790806,98.70075151998242,27.20113726673865,73.67427578054776,3,50,rest
2026-01-05 07:01:34.750,athlete_01,session_001,-0.008568260245529861,0.00933178200575407,1.0262436263264012,-2.4714304350312357,3.004276046825008,-0.45428042841258415,114.55409041185887,98.8150441449364,26.94910885024619,73.67427578054776,3,50,rest
2026-01-05 07:01:34.800,athlete_01,session_001,-0.03059208652568987,0.005976575085709735,0.984917633963115,5.182771207039503,3.381447656612441,1.254389255731515,114.3888210031649,98.33865887787152,26.90199649821876,73.67427578054776,3,50,rest
2026-01-05 07:01:34.850,athlete_01,session_001,0.023405683880954164,0.04383415981592819,0.9946609647146039,-0.5167441903070676,1.6260560135263489,-1.1332565055515804,114.24164925587425,98.43842473296577,26.986731153579303,73.67427578054776,3,50,rest
2026-01-05 07:01:34.900,athlete_01,session_001,-0.028382078343392122,-0.021757991684079585,1.0162968692523744,0.4401774863818497,-1.1285941891348517,-1.0835486649592474,114.13407042889732,98.42197906597978,27.0511468660131,73.67427578054776,3,50,rest
2026-01-05 07:01:34.950,athlete_01,session_001,-0.010500537535747772,-0.003806339456520431,0.9864374056281096,2.9261909452955974,-2.238256955783401,-1.1192297295364722,114.02136191535499,98.61895491338979,27.099630657203512,73.67427578054776,3,50,rest
2026-01-05 07:01:35.000,athlete_01,session_001,-0.024373235089303044,-0.0007011269118746171,0.9765102492901881,-2.4670544892186976,-1.080803118917735,0.14315741944581012,113.9696570855819,98.32375616291698,26.993713820017227,73.67427578054776,3,50,rest
2026-01-05 07:01:35.050,athlete_01,session_001,-0.0030159847337557348,-0.022366290181997414,0.9838029446221372,-1.0736084245755637,-2.483539651300443,-1.7892866383196162,113.96664423203923,98.25443350449167,27.04727554892582,73.67427578054776,3,50,rest
2026-01-05 07:01:35.100,athlete_01,session_001,0.004497143245582,-0.01697681463860242,0.9883000961354275,-1.1805456079457692,-3.272351090056228,-1.0971228226474756,114.01899472901474,98.47354321533214,27.217526911218492,73.67427578054776,3,50,rest
2026-01-05 07:01:35.150,athlete_01,session_001,-0.007247594126633015,-0.01825923940457417,0.9862659271739078,0.4125236196476001,-0.14850324131148654,-2.6819210437295236,113.74150323599697,98.1915947664434,27.01270022809364,73.67427578054776,3,50,rest
2026-01-05 07:01:35.200,athlete_01,session_001,-0.020160984085656274,0.00926648232567917,1.00309559616089,-3.186814442263135,-0.48397306975123267,-2.4304108998938245,113.71088993009462,98.63721770034041,27.02310000155399,73.67427578054776,3,50,rest
2026-01-05 07:01:35.250,athlete_01,session_001,0.00024931901698750067,-0.023926646433886204,1.0033386931254034,-0.2238006466235884,-2.5601472108465417,-0.25048361417542564,113.74076805983692,98.76328438360824,26.96780101377993,73.67427578054776,3,50,rest
2026-01-05 07:01:35.300,athlete_01,session_001,0.011005758047251886,0.009504825726013594,0.9871994228227708,0.7341167334047894,-3.250793348986438,-2.353966451408638,113.64613420262762,98.57121768578531,26.985356777914884,73.67427578054776,3,50,rest
2026-01-05 07:01:35.350,athlete_01,session_001,0.01965936732094338,-0.016406067057874,1.0089658555718386,-2.300008451621467,-2.4208007317785594,-2.8751366829940177,113.53833740057752,97.99061828711623,27.148749307053304,73.67427578054776,3,50,rest
2026-01-05 07:01:35.400,athlete_01,session_001,-0.0016468700589249955,-0.01308517970990894,0.9699210535221212,1.3112044007811887,1.322612576533361,-2.6431352438066797,113.210824006045,98.15520359972199,27.044042864630832,73.67427578054776,3,50,rest
2026-01-05 07:01:35.450,athlete_01,session_001,-0.04320909772286346,-0.05088474209570556,1.017505184720534,-1.3488140582974861,-3.051448232678908,0.5505699591116989,113.00433389692733,98.62577983491757,26.982961964382852,73.67427578054776,3,50,rest
2026-01-05 07:01:35.500,athlete_01,session_001,0.007507382095154392,-0.0038169307517263856,1.0194317444552017,-1.8507527101435621,-2.4334463497297603,-1.8930831372528514,112.60790614998271,98.39607169069741,26.87344759675943,73.67427578054776,3,50,rest
2026-01-05 07:01:35.550,athlete_01,session_001,0.002569724775336044,-0.01765067103341361,0.9976780508670678,-0.3660345892544271,-0.8490347100815446,-4.653544359956577,112.57843743091242,98.69830880721685,26.868508566625273,73.67427578054776,3,50,rest
2026-01-05 07:01:35.600,athlete_01,session_001,-0.006423183327697569,-0.031497256645491495,0.9981371098241236,-2.181444677329684,-3.690883814394904,-1.774949560566385,112.4488860980241,98.40537480098101,26.9850839839411,73.67427578054776,3,50,rest
2026-01-05 07:01:35.650,athlete_01,session_001,-0.0236770630752967,0.017755406334356207,0.9599214367075172,-5.457086047181123,-2.0086225287647492,1.291725625038877,112.36670822301767,98.34817499041361,26.836462681276352,73.67427578054776,3,50,rest
2026-01-05 07:01:35.700,athlete_01,session_001,-0.016854498729197944,-0.02930239674351289,0.9921271054059032,1.0268615148345905,-2.4929277498475035,2.815810001286366,112.27961491263156,98.52210463885336,27.142832297066892,73.67427578054776,3,50,rest
2026-01-05 07:01:35.750,athlete_01,session_001,0.012820539464446562,-0.022022423670420472,0.9936582836889196,-1.4339963709496144,-3.8510966990711966,-2.1165325462234157,112.20733447908029,98.55800162636065,27.086601291832945,73.67427578054776,3,50,rest
2026-01-05 07:01:35.800,athlete_01,session_001,1.4076888556686756e-05,-0.041273704045070525,1.0039868943547896,-1.491140773948675,-1.7493718108959297,-1.326963576478644,112.1463864631639,98.12174457676011,27.13296225040025,73.67427578054776,3,50,rest
2026-01-05 07:01:35.850,athlete_01,session_001,-0.017011196632894163,-0.033805945534529376,1.0316122066534166,-1.8773855517124227,-1.6534985315226585,-1.4236550501283578,111.88898538952702,98.32962775980674,27.098132902531525,73.67427578054776,3,50,rest
2026-01-05 07:01:35.900,athlete_01,session_001,-0.03390960611004881,-0.016132486723829702,0.9654445026639958,-2.54418966351076,-1.7915795494115923,1.6689126071071305,111.58673544143194,98.5238772092241,27.100829686777328,73.67427578054776,3,50,rest
2026-01-05 07:01:35.950,athlete_01,session_001,0.010308233590735258,-0.069465773186568,0.973671959182981,0.08191093767699797,-3.84327540246695,-3.5424091466364542,111.57145078566187,98.2483269951028,26.973109709952713,73.67427578054776,3,50,rest
